timestamp,machine_id,machine_type,machine_age_hours,hours_since_last_maintenance,last_maintenance_type,vibration_rms_mm_s,bearing_temperature_C,motor_current_A,hydraulic_pressure_bar,oil_condition_index,coolant_flow_L_min,noise_level_dB,torque_Nm,speed_deviation_pct,power_factor,insulation_resistance_MOhm,cumulative_load_cycles,anomaly_events_last_30d,degradation_index,rul_hours,failure_mode,alert_level
2023-01-01 01:00:00,Blast_Furnace_Blower_01,Blast Furnace Blower,7353.7,901.0,Alignment Check,2.398,79.1,462.5,183.0,83.1,108.1,72.9,243.9,1.776,0.875,446.1,131656,3,0.2078,22117.0,Normal,Normal
2023-01-01 02:00:00,Cold_Rolling_Mill_02,Cold Rolling Mill,28487.9,274.0,Full Overhaul,7.752,72.9,868.1,157.6,34.9,78.0,84.7,495.5,3.343,0.853,267.5,233088,6,0.8106,7720.2,Electrical Fault,Warning
2023-01-01 02:00:00,Hydraulic_Press_02,Hydraulic Press,26024.8,1127.0,Alignment Check,6.798,84.0,245.5,168.1,51.7,88.1,81.3,130.6,2.832,0.861,252.9,470516,5,0.7079,0.0,Bearing Failure,Immediate Action
2023-01-01 04:00:00,Electric_Arc_Furnace_03,Electric Arc Furnace,23189.5,925.0,Electrical Inspection,6.524,119.0,1387.5,177.8,44.0,87.3,81.2,725.9,1.25,0.852,273.2,245859,3,0.708,597.2,Bearing Failure,Immediate Action
2023-01-01 10:00:00,Ladle_Crane_02,Ladle Crane,8348.1,669.0,Seal Replacement,2.415,47.7,340.9,183.9,87.8,114.8,75.5,176.8,0.194,0.927,454.6,68482,0,0.2176,43162.2,Normal,Normal
2023-01-01 11:00:00,Blast_Furnace_Blower_02,Blast Furnace Blower,3515.2,1461.0,Bearing Replacement,1.173,71.3,459.3,197.9,96.4,122.0,76.3,242.8,1.861,0.942,494.6,61929,0,0.0563,27660.5,Normal,Normal
2023-01-01 12:00:00,Hydraulic_Press_02,Hydraulic Press,20208.0,596.0,Full Overhaul,6.296,75.0,248.1,175.1,51.4,85.8,84.5,119.8,0.296,0.832,336.1,352958,1,0.6611,120.5,Lubrication Failure,Immediate Action
2023-01-01 12:00:00,Cold_Rolling_Mill_03,Cold Rolling Mill,19423.4,1806.0,Seal Replacement,5.729,72.6,832.2,184.2,44.5,96.2,82.5,434.9,0.05,0.857,294.4,158629,3,0.5895,15567.3,Bearing Failure,Normal
2023-01-01 16:00:00,Blast_Furnace_Blower_01,Blast Furnace Blower,6674.6,1745.0,Electrical Inspection,2.48,80.1,434.3,188.1,78.6,108.5,74.7,228.7,1.805,0.923,448.8,59133,0,0.1887,23031.9,Normal,Normal
2023-01-01 18:00:00,Annealing_Furnace_02,Annealing Furnace,2063.0,973.0,Electrical Inspection,0.844,115.6,380.0,195.5,100.0,114.5,72.2,188.9,0.477,0.945,507.5,39316,0,0.0,31072.5,Normal,Normal
2023-01-01 18:00:00,Cold_Rolling_Mill_01,Cold Rolling Mill,2916.7,1816.0,Electrical Inspection,1.248,68.7,781.9,202.3,100.0,116.2,76.0,375.0,0.794,0.947,547.6,55017,0,0.0716,32026.8,Normal,Normal
2023-01-01 18:00:00,Pickling_Line_02,Pickling Line,34747.7,1923.0,Alignment Check,9.56,66.5,346.1,155.0,12.1,72.3,87.9,184.5,6.225,0.808,215.8,495734,3,0.9917,0.0,Mechanical Wear,Immediate Action
2023-01-01 21:00:00,Ladle_Crane_02,Ladle Crane,27447.1,73.0,Bearing Replacement,7.807,62.7,405.7,171.8,31.5,78.2,79.5,209.3,0.926,0.822,202.0,500896,1,0.8574,22476.8,Electrical Fault,Normal
2023-01-01 22:00:00,Ladle_Crane_02,Ladle Crane,32277.4,1705.0,Bearing Replacement,7.859,62.3,385.6,168.4,25.7,80.5,89.4,208.2,6.555,0.836,217.8,373690,4,0.8347,17962.9,Lubrication Failure,Normal
2023-01-02 01:00:00,Pickling_Line_03,Pickling Line,6907.4,805.0,Electrical Inspection,3.737,61.6,293.1,180.2,74.6,102.3,76.1,156.4,3.137,0.922,408.6,68087,0,0.2754,20390.5,Normal,Normal
2023-01-02 02:00:00,Cold_Rolling_Mill_03,Cold Rolling Mill,33623.8,1990.0,Alignment Check,9.09,83.2,943.6,164.0,11.9,73.9,86.8,490.3,1.024,0.781,191.5,662815,8,0.9825,2733.3,Electrical Fault,Critical
2023-01-02 04:00:00,Continuous_Caster_01,Continuous Caster,5078.6,686.0,Bearing Replacement,1.402,84.5,637.6,198.9,92.6,122.7,73.7,296.7,0.075,0.961,518.9,75856,0,0.0847,30193.4,Normal,Normal
2023-01-02 04:00:00,Blast_Furnace_Blower_02,Blast Furnace Blower,17867.0,1666.0,Full Overhaul,5.274,83.0,512.0,176.5,54.6,88.3,80.5,273.3,2.649,0.854,348.5,206460,2,0.5566,10774.6,Lubrication Failure,Normal
2023-01-02 08:00:00,Pickling_Line_03,Pickling Line,29056.4,441.0,Lubrication,7.951,72.0,343.6,164.2,33.6,83.6,83.9,181.8,2.957,0.834,222.5,412839,3,0.818,0.0,Bearing Failure,Immediate Action
2023-01-02 13:00:00,Rolling_Mill_03,Rolling Mill,12308.1,1860.0,Seal Replacement,2.923,97.2,896.3,197.3,77.1,108.5,73.0,403.8,0.488,0.905,413.2,187254,2,0.2686,28428.5,Normal,Normal
2023-01-02 20:00:00,Pickling_Line_01,Pickling Line,14926.5,1485.0,Lubrication,4.299,60.8,304.9,171.6,70.8,103.2,75.5,169.0,5.627,0.89,381.1,178739,0,0.4043,12749.8,Normal,Normal
2023-01-02 21:00:00,Cold_Rolling_Mill_03,Cold Rolling Mill,4573.7,568.0,Alignment Check,1.785,62.1,802.1,186.7,97.1,108.9,77.6,368.6,1.898,0.953,503.3,78685,1,0.1434,28782.8,Normal,Normal
2023-01-03 00:00:00,Rolling_Mill_02,Rolling Mill,4390.0,1375.0,Lubrication,1.605,90.5,832.1,192.2,83.7,114.3,72.5,427.2,1.533,0.927,456.3,37223,1,0.1285,35472.2,Normal,Normal
2023-01-03 01:00:00,Pickling_Line_03,Pickling Line,21722.9,871.0,Seal Replacement,6.158,63.2,316.9,176.3,43.6,87.5,84.0,170.9,0.696,0.859,272.7,236715,1,0.6528,7508.9,Thermal Degradation,Warning
2023-01-03 04:00:00,Ladle_Crane_03,Ladle Crane,23676.1,1719.0,Full Overhaul,6.815,59.7,384.1,170.7,42.1,83.3,83.5,188.2,1.377,0.861,254.4,278088,3,0.7313,25807.2,Bearing Failure,Normal
2023-01-03 05:00:00,Hydraulic_Press_03,Hydraulic Press,27228.9,12.0,Bearing Replacement,7.266,79.0,245.8,167.5,40.8,85.0,78.2,127.7,4.768,0.858,257.8,454242,9,0.723,0.0,Thermal Degradation,Immediate Action
2023-01-03 07:00:00,Continuous_Caster_03,Continuous Caster,19528.2,1047.0,Lubrication,5.834,103.7,688.9,180.4,53.9,94.8,77.8,336.8,3.039,0.877,318.7,342868,4,0.5569,14618.8,Lubrication Failure,Normal
2023-01-03 08:00:00,Rolling_Mill_02,Rolling Mill,22637.0,1363.0,Lubrication,5.967,99.3,994.5,166.7,44.1,96.2,79.6,515.3,9.62,0.9,298.1,350892,4,0.6163,15969.8,Mechanical Wear,Normal
2023-01-03 10:00:00,Hydraulic_Press_01,Hydraulic Press,571.8,794.0,Full Overhaul,0.506,73.6,201.7,201.8,97.7,125.1,73.4,104.1,0.716,0.952,512.5,6848,0,0.0,19425.2,Normal,Normal
2023-01-03 12:00:00,Cold_Rolling_Mill_03,Cold Rolling Mill,5759.8,947.0,Full Overhaul,1.955,63.9,750.5,192.0,84.8,116.5,73.9,386.8,0.196,0.946,473.8,64157,0,0.162,29351.9,Normal,Normal
2023-01-03 12:00:00,Rolling_Mill_01,Rolling Mill,34473.5,480.0,Electrical Inspection,9.306,96.1,1091.9,163.4,21.1,76.7,88.5,564.9,2.634,0.854,178.9,440014,4,1.0,5922.3,Bearing Failure,Critical
2023-01-03 14:00:00,Ladle_Crane_03,Ladle Crane,2752.2,835.0,Electrical Inspection,1.409,43.6,324.5,198.3,87.2,115.8,73.0,162.4,1.771,0.923,491.7,36525,0,0.1032,46689.0,Normal,Normal
2023-01-03 16:00:00,Annealing_Furnace_02,Annealing Furnace,23789.7,1842.0,Full Overhaul,6.471,139.1,435.0,177.4,51.7,82.6,83.1,235.4,3.459,0.884,276.9,360018,4,0.6599,9625.3,Electrical Fault,Normal
2023-01-03 18:00:00,Pickling_Line_01,Pickling Line,6245.3,769.0,Lubrication,1.592,56.6,292.1,191.8,83.4,114.5,71.8,141.4,0.133,0.941,455.6,100749,0,0.128,21383.7,Normal,Normal
2023-01-03 18:00:00,Hydraulic_Press_02,Hydraulic Press,25113.5,1977.0,Seal Replacement,6.669,74.0,252.1,168.9,52.9,88.0,81.3,123.0,3.836,0.882,294.7,314851,3,0.6853,0.0,Thermal Degradation,Immediate Action
2023-01-03 19:00:00,Ladle_Crane_03,Ladle Crane,24739.1,931.0,Lubrication,6.269,60.3,376.5,176.5,46.9,93.5,81.8,190.5,2.894,0.862,337.8,233554,2,0.613,26155.4,Bearing Failure,Normal
2023-01-03 19:00:00,Annealing_Furnace_01,Annealing Furnace,8273.5,1241.0,Electrical Inspection,2.194,121.0,402.1,185.6,93.1,113.9,74.1,203.1,0.231,0.941,455.1,109820,0,0.1769,24644.5,Normal,Normal
2023-01-03 21:00:00,Hot_Strip_Mill_02,Hot Strip Mill,9510.2,9.0,Lubrication,2.871,94.5,980.0,202.4,78.9,108.3,75.3,477.8,0.699,0.89,426.8,117346,0,0.2166,30176.6,Normal,Normal
2023-01-03 23:00:00,Annealing_Furnace_03,Annealing Furnace,22951.5,374.0,Bearing Replacement,6.89,129.4,452.1,180.1,48.3,91.1,82.6,225.9,2.436,0.822,259.1,200064,4,0.698,8823.0,Thermal Degradation,Warning
2023-01-04 02:00:00,Annealing_Furnace_03,Annealing Furnace,13714.0,711.0,Bearing Replacement,4.523,127.0,414.9,174.9,63.5,99.8,80.1,206.8,0.182,0.898,386.9,143520,1,0.434,17902.7,Normal,Normal
2023-01-04 03:00:00,Ladle_Crane_01,Ladle Crane,6889.7,656.0,Bearing Replacement,3.255,50.9,346.8,189.0,76.1,103.8,76.6,175.7,0.409,0.918,415.6,89425,4,0.3033,40239.4,Normal,Normal
2023-01-04 03:00:00,Hydraulic_Press_01,Hydraulic Press,25635.6,1439.0,Full Overhaul,6.923,79.5,254.0,176.1,43.5,74.1,82.9,129.1,3.328,0.823,245.1,375240,1,0.7445,0.0,Thermal Degradation,Immediate Action
2023-01-04 04:00:00,Hydraulic_Press_01,Hydraulic Press,5479.7,1097.0,Lubrication,2.217,69.1,211.9,192.7,87.7,115.7,74.6,108.2,0.089,0.945,457.8,79651,0,0.1324,14736.8,Normal,Normal
2023-01-04 06:00:00,Hot_Strip_Mill_01,Hot Strip Mill,29962.0,433.0,Seal Replacement,8.095,107.9,1077.4,162.0,22.0,71.4,85.9,596.4,8.887,0.83,207.1,316015,1,0.8567,8895.1,Lubrication Failure,Warning
2023-01-04 10:00:00,Electric_Arc_Furnace_03,Electric Arc Furnace,18062.0,1211.0,Electrical Inspection,5.294,116.1,1359.4,185.6,56.2,89.6,79.9,674.9,0.275,0.885,329.7,194527,3,0.5076,7354.8,Normal,Warning
2023-01-04 14:00:00,Hydraulic_Press_03,Hydraulic Press,3789.0,262.0,Full Overhaul,1.393,73.3,218.4,203.7,91.3,118.4,71.0,116.0,3.248,0.96,507.2,62635,2,0.0767,16240.8,Normal,Normal
2023-01-04 15:00:00,Hydraulic_Press_03,Hydraulic Press,24323.1,1735.0,Full Overhaul,6.6,78.6,247.2,163.5,51.8,86.8,84.3,126.2,1.763,0.817,296.7,294202,3,0.7109,0.0,Lubrication Failure,Immediate Action
2023-01-04 17:00:00,Electric_Arc_Furnace_03,Electric Arc Furnace,18218.8,1499.0,Bearing Replacement,6.172,115.2,1368.3,179.4,57.3,87.9,81.2,722.1,2.926,0.887,320.2,187144,2,0.5302,6361.5,Normal,Warning
2023-01-04 18:00:00,Hydraulic_Press_03,Hydraulic Press,10502.2,692.0,Bearing Replacement,3.076,62.0,209.9,187.6,77.2,103.2,75.8,115.7,0.77,0.916,400.7,141134,0,0.2959,9316.5,Normal,Normal
2023-01-04 19:00:00,Cold_Rolling_Mill_01,Cold Rolling Mill,14846.6,97.0,Bearing Replacement,4.707,68.5,862.8,174.8,66.7,99.2,79.2,439.8,3.054,0.874,372.8,206647,3,0.4095,20127.2,Normal,Normal
2023-01-04 21:00:00,Ladle_Crane_03,Ladle Crane,10512.0,1566.0,Electrical Inspection,3.391,47.9,354.0,178.7,74.5,107.5,80.8,189.5,4.025,0.877,400.6,109240,1,0.3319,41823.9,Normal,Normal
2023-01-05 02:00:00,Pickling_Line_02,Pickling Line,9279.6,487.0,Alignment Check,2.659,62.0,302.7,185.9,74.8,105.2,75.0,151.6,1.552,0.905,422.0,126266,1,0.2374,19192.0,Normal,Normal
2023-01-05 04:00:00,Cold_Rolling_Mill_02,Cold Rolling Mill,5809.9,518.0,Bearing Replacement,1.914,63.1,791.8,194.2,84.9,116.6,74.1,379.4,0.612,0.921,483.0,98646,0,0.1458,32324.3,Normal,Normal
2023-01-05 08:00:00,Annealing_Furnace_01,Annealing Furnace,12760.6,863.0,Full Overhaul,4.564,143.5,425.2,190.9,72.2,96.3,78.4,200.4,1.307,0.883,414.6,128227,2,0.3883,21444.0,Normal,Normal
2023-01-05 08:00:00,Rolling_Mill_03,Rolling Mill,8859.5,1217.0,Bearing Replacement,3.739,86.0,950.0,173.9,74.6,98.5,82.4,455.8,1.841,0.908,395.4,109003,3,0.3037,29455.6,Normal,Normal
2023-01-05 09:00:00,Continuous_Caster_02,Continuous Caster,23951.9,69.0,Full Overhaul,7.228,113.8,729.7,171.4,41.1,88.9,83.3,380.4,2.889,0.864,272.9,220743,4,0.7303,12082.6,Mechanical Wear,Normal
2023-01-05 09:00:00,Cold_Rolling_Mill_01,Cold Rolling Mill,23967.3,1651.0,Alignment Check,6.352,69.1,885.6,168.4,46.2,93.6,80.8,470.2,2.193,0.857,278.8,253612,2,0.6718,10566.1,Thermal Degradation,Warning
2023-01-05 12:00:00,Blast_Furnace_Blower_01,Blast Furnace Blower,17614.2,68.0,Lubrication,4.242,87.1,510.4,185.1,68.2,103.8,76.0,265.7,2.012,0.864,350.3,232270,5,0.44,12545.5,Normal,Normal
2023-01-05 13:00:00,Cold_Rolling_Mill_03,Cold Rolling Mill,27250.3,350.0,Alignment Check,7.338,81.0,899.5,174.5,35.7,85.3,82.8,458.5,1.8,0.842,243.8,536648,4,0.7641,9089.6,Bearing Failure,Warning
2023-01-05 16:00:00,Blast_Furnace_Blower_03,Blast Furnace Blower,29462.8,454.0,Electrical Inspection,7.845,90.5,534.8,171.4,32.9,78.3,84.6,291.7,10.419,0.816,218.2,482831,4,0.8455,0.0,Thermal Degradation,Immediate Action
2023-01-05 21:00:00,Blast_Furnace_Blower_01,Blast Furnace Blower,20333.8,1699.0,Lubrication,5.389,82.6,502.2,178.5,47.2,96.6,81.1,265.2,0.852,0.863,333.8,389973,0,0.5253,9002.4,Normal,Normal
2023-01-05 22:00:00,Hot_Strip_Mill_03,Hot Strip Mill,21700.8,1492.0,Lubrication,6.114,101.5,1024.7,174.1,43.6,92.4,81.1,517.0,5.558,0.849,289.1,200864,2,0.6046,16710.0,Lubrication Failure,Normal
2023-01-06 00:00:00,Continuous_Caster_01,Continuous Caster,9972.7,1221.0,Seal Replacement,3.609,98.9,648.7,192.9,71.1,111.7,77.3,326.2,1.394,0.903,403.0,192506,2,0.3453,25212.4,Normal,Normal
2023-01-06 02:00:00,Annealing_Furnace_01,Annealing Furnace,31330.9,712.0,Seal Replacement,8.585,144.5,463.0,162.2,22.3,71.3,85.9,255.5,3.686,0.816,198.3,442791,5,0.9025,0.0,Mechanical Wear,Immediate Action
2023-01-06 04:00:00,Hydraulic_Press_01,Hydraulic Press,944.8,1106.0,Bearing Replacement,1.05,64.2,202.7,200.3,100.0,117.1,72.3,99.0,0.888,0.938,520.4,10759,0,0.0,18636.4,Normal,Normal
2023-01-06 06:00:00,Electric_Arc_Furnace_02,Electric Arc Furnace,12266.2,102.0,Bearing Replacement,4.283,118.8,1313.2,183.6,66.5,97.9,79.7,688.5,2.252,0.905,414.8,222476,1,0.3519,11615.2,Normal,Normal
2023-01-06 08:00:00,Hot_Strip_Mill_03,Hot Strip Mill,25290.8,1732.0,Full Overhaul,6.94,106.4,1083.4,172.6,41.2,90.4,81.0,529.6,8.72,0.837,262.3,384830,4,0.7268,11337.8,Mechanical Wear,Warning
2023-01-06 09:00:00,Annealing_Furnace_02,Annealing Furnace,2895.1,1384.0,Full Overhaul,1.497,124.8,380.8,190.6,98.9,116.8,76.7,194.7,1.01,0.933,522.8,26313,0,0.0641,28748.3,Normal,Normal
2023-01-06 12:00:00,Blast_Furnace_Blower_03,Blast Furnace Blower,6492.6,1334.0,Electrical Inspection,2.61,77.7,470.8,189.6,84.5,105.2,78.1,254.8,0.972,0.919,453.1,93646,0,0.2241,24396.1,Normal,Normal
2023-01-06 16:00:00,Annealing_Furnace_02,Annealing Furnace,20666.1,1969.0,Lubrication,4.755,133.1,436.0,180.5,57.4,85.4,81.5,222.2,0.603,0.872,345.2,324509,3,0.499,12403.6,Normal,Normal
2023-01-06 18:00:00,Cold_Rolling_Mill_03,Cold Rolling Mill,19643.8,1066.0,Alignment Check,5.522,76.9,863.9,181.8,51.3,86.7,79.1,440.5,2.209,0.853,312.7,161338,8,0.5848,18336.3,Electrical Fault,Normal
2023-01-06 19:00:00,Rolling_Mill_02,Rolling Mill,25888.6,146.0,Lubrication,6.585,98.6,1023.6,170.7,45.5,85.7,82.4,512.4,3.471,0.863,262.5,377862,0,0.711,14620.5,Bearing Failure,Normal
2023-01-06 20:00:00,Cold_Rolling_Mill_02,Cold Rolling Mill,28460.2,456.0,Electrical Inspection,7.913,72.0,928.8,153.1,34.8,68.0,83.5,492.9,9.458,0.841,239.5,351720,5,0.8654,7743.2,Lubrication Failure,Warning
2023-01-06 22:00:00,Hydraulic_Press_01,Hydraulic Press,4587.4,321.0,Alignment Check,1.075,71.8,208.6,194.4,100.0,112.1,71.3,110.3,0.162,0.929,487.1,61848,0,0.0673,15709.7,Normal,Normal
2023-01-06 22:00:00,Electric_Arc_Furnace_03,Electric Arc Furnace,741.5,1882.0,Bearing Replacement,1.666,112.1,1228.6,204.6,98.6,116.8,72.5,640.5,0.914,0.947,476.6,6901,0,0.0681,24622.7,Normal,Normal
2023-01-06 23:00:00,Hydraulic_Press_01,Hydraulic Press,24168.4,255.0,Alignment Check,6.28,78.0,248.0,174.7,51.3,86.4,81.5,129.9,2.607,0.845,272.8,339192,4,0.6511,0.0,Mechanical Wear,Immediate Action
2023-01-06 23:00:00,Blast_Furnace_Blower_01,Blast Furnace Blower,10618.6,45.0,Bearing Replacement,3.361,84.1,476.5,183.6,76.2,98.1,76.1,254.8,0.22,0.896,440.1,210425,0,0.3195,21081.4,Normal,Normal
2023-01-07 01:00:00,Hydraulic_Press_02,Hydraulic Press,5354.0,244.0,Bearing Replacement,2.466,68.3,220.9,193.5,81.4,108.3,76.8,108.8,1.678,0.898,457.7,102444,1,0.2093,15335.3,Normal,Normal
2023-01-07 01:00:00,Ladle_Crane_03,Ladle Crane,21946.8,604.0,Bearing Replacement,5.79,62.8,357.1,170.8,52.3,85.8,81.1,191.0,1.531,0.848,291.2,369965,0,0.6038,25156.8,Electrical Fault,Normal
2023-01-07 02:00:00,Blast_Furnace_Blower_02,Blast Furnace Blower,16469.5,1241.0,Alignment Check,4.442,89.2,473.5,178.1,65.6,98.7,80.4,260.6,3.886,0.881,376.6,186598,2,0.461,13581.3,Normal,Normal
2023-01-07 04:00:00,Electric_Arc_Furnace_03,Electric Arc Furnace,17704.4,447.0,Full Overhaul,4.589,119.7,1221.4,181.3,61.2,99.4,79.8,678.8,0.993,0.876,351.6,222894,3,0.4697,6478.5,Normal,Warning
2023-01-07 04:00:00,Rolling_Mill_03,Rolling Mill,20519.2,1685.0,Bearing Replacement,6.65,100.6,1004.8,169.9,51.0,86.6,81.7,480.9,5.942,0.845,307.0,323960,1,0.6562,20118.4,Thermal Degradation,Normal
2023-01-07 07:00:00,Electric_Arc_Furnace_02,Electric Arc Furnace,18009.6,286.0,Bearing Replacement,5.163,117.6,1322.8,175.5,63.6,101.4,78.7,729.3,3.494,0.9,327.1,303922,2,0.5006,6901.8,Normal,Warning
2023-01-07 07:00:00,Hot_Strip_Mill_02,Hot Strip Mill,17399.6,305.0,Lubrication,5.196,99.4,1009.6,177.1,60.5,91.4,80.4,501.6,1.306,0.878,455.8,202689,4,0.5232,19822.3,Normal,Normal
2023-01-07 08:00:00,Continuous_Caster_01,Continuous Caster,11712.4,1215.0,Seal Replacement,3.94,107.0,661.6,184.1,66.4,95.6,79.7,329.9,1.812,0.9,384.6,142553,0,0.3816,21837.0,Normal,Normal
2023-01-07 09:00:00,Hot_Strip_Mill_03,Hot Strip Mill,2584.2,164.0,Electrical Inspection,0.844,82.7,905.6,198.5,97.2,109.5,75.1,437.5,0.036,0.979,527.9,24758,0,0.0299,33745.1,Normal,Normal
2023-01-07 10:00:00,Blast_Furnace_Blower_02,Blast Furnace Blower,3224.3,101.0,Alignment Check,1.654,80.1,452.4,194.1,96.4,117.5,71.2,225.4,0.221,0.943,466.8,52053,0,0.1132,26225.9,Normal,Normal
2023-01-07 12:00:00,Continuous_Caster_01,Continuous Caster,15238.9,368.0,Electrical Inspection,4.711,105.8,704.8,187.0,54.4,96.4,78.8,329.6,1.687,0.921,345.3,185642,3,0.4633,19354.8,Normal,Normal
2023-01-07 16:00:00,Rolling_Mill_02,Rolling Mill,12517.2,1053.0,Electrical Inspection,3.256,97.2,907.6,186.7,78.5,98.7,74.4,453.1,2.265,0.901,405.2,120970,0,0.2803,26030.2,Normal,Normal
2023-01-07 18:00:00,Hydraulic_Press_03,Hydraulic Press,18113.1,1096.0,Seal Replacement,5.091,79.7,255.4,185.9,61.1,94.6,77.1,122.8,10.698,0.871,338.4,282706,1,0.5337,1910.0,Normal,Critical
2023-01-07 20:00:00,Continuous_Caster_03,Continuous Caster,10738.9,769.0,Full Overhaul,3.461,101.5,626.5,187.6,79.0,110.0,78.6,329.6,2.251,0.927,399.3,87517,3,0.2891,23139.6,Normal,Normal
2023-01-07 21:00:00,Pickling_Line_01,Pickling Line,24108.1,934.0,Electrical Inspection,7.171,65.3,330.7,165.9,48.8,82.8,86.0,177.0,2.657,0.793,232.9,467718,3,0.7698,4194.5,Mechanical Wear,Critical
2023-01-07 21:00:00,Ladle_Crane_01,Ladle Crane,30252.0,910.0,Electrical Inspection,8.425,60.8,392.8,165.2,19.3,71.4,85.2,200.9,1.768,0.818,186.1,474726,7,0.9076,21595.0,Lubrication Failure,Normal
2023-01-07 22:00:00,Continuous_Caster_01,Continuous Caster,10530.3,915.0,Electrical Inspection,3.525,100.5,649.8,190.8,68.3,98.2,75.9,298.0,3.034,0.953,410.5,161052,2,0.3228,24773.5,Normal,Normal
2023-01-08 03:00:00,Pickling_Line_01,Pickling Line,6835.1,533.0,Electrical Inspection,1.493,62.8,294.8,192.2,93.5,116.6,72.6,149.9,0.245,0.917,488.6,107759,0,0.0932,21086.0,Normal,Normal
2023-01-08 04:00:00,Hydraulic_Press_02,Hydraulic Press,4154.7,339.0,Alignment Check,1.953,71.0,202.7,187.2,93.4,113.1,70.6,113.3,0.301,0.958,470.1,49019,1,0.141,15524.4,Normal,Normal
2023-01-08 06:00:00,Hot_Strip_Mill_03,Hot Strip Mill,21607.3,783.0,Full Overhaul,5.46,98.4,1071.6,181.8,53.9,103.1,82.9,517.0,3.277,0.861,307.9,233327,3,0.5793,18041.3,Lubrication Failure,Normal
2023-01-08 07:00:00,Annealing_Furnace_02,Annealing Furnace,15590.6,927.0,Bearing Replacement,4.827,131.4,405.1,187.1,67.5,90.6,78.4,224.0,2.605,0.933,383.3,225153,3,0.4891,16223.7,Normal,Normal
2023-01-08 10:00:00,Ladle_Crane_03,Ladle Crane,6661.7,1907.0,Alignment Check,2.149,46.8,327.1,195.4,82.5,112.8,74.3,170.2,2.484,0.908,502.1,128763,3,0.1823,47073.6,Normal,Normal
2023-01-08 10:00:00,Rolling_Mill_02,Rolling Mill,22894.5,1497.0,Full Overhaul,5.866,95.0,984.8,171.1,48.4,85.9,82.0,509.1,0.293,0.842,289.4,260373,3,0.6282,15685.9,Thermal Degradation,Normal
2023-01-08 11:00:00,Ladle_Crane_01,Ladle Crane,5282.1,1723.0,Full Overhaul,1.661,50.1,334.3,194.1,93.5,110.2,69.8,168.4,1.321,0.912,469.8,87665,0,0.1291,45152.8,Normal,Normal
2023-01-08 15:00:00,Hydraulic_Press_03,Hydraulic Press,19445.1,773.0,Lubrication,5.342,75.2,236.9,172.5,55.3,87.6,80.1,117.7,2.014,0.873,335.7,382662,4,0.5371,1402.5,Normal,Critical
2023-01-08 18:00:00,Continuous_Caster_01,Continuous Caster,18497.5,1145.0,Alignment Check,4.485,99.6,660.6,186.7,67.8,102.1,79.2,334.0,5.204,0.873,344.8,269926,2,0.4611,15777.9,Normal,Normal
2023-01-08 22:00:00,Electric_Arc_Furnace_02,Electric Arc Furnace,25724.6,1485.0,Full Overhaul,6.291,126.8,1402.5,174.1,49.5,91.3,81.0,731.2,0.027,0.837,292.8,347364,5,0.6742,0.0,Bearing Failure,Immediate Action
2023-01-08 23:00:00,Electric_Arc_Furnace_03,Electric Arc Furnace,31086.8,918.0,Alignment Check,9.416,127.9,1528.8,162.0,24.2,69.5,84.1,773.2,3.178,0.818,175.8,301436,2,0.966,0.0,Electrical Fault,Immediate Action
2023-01-08 23:00:00,Blast_Furnace_Blower_02,Blast Furnace Blower,24634.4,697.0,Lubrication,7.253,95.8,542.5,170.4,38.4,85.5,84.0,284.3,3.826,0.798,251.9,206857,3,0.7396,5869.3,Bearing Failure,Warning
2023-01-08 23:00:00,Hot_Strip_Mill_01,Hot Strip Mill,2023.3,367.0,Alignment Check,1.09,91.4,898.5,200.6,94.6,122.3,76.9,454.5,1.678,0.951,515.0,34349,0,0.041,36690.5,Normal,Normal
2023-01-09 00:00:00,Electric_Arc_Furnace_02,Electric Arc Furnace,7642.8,1096.0,Full Overhaul,3.404,119.4,1293.7,190.7,74.9,113.4,73.8,583.5,0.616,0.929,430.0,93412,0,0.2586,18227.4,Normal,Normal
2023-01-09 00:00:00,Pickling_Line_02,Pickling Line,6500.8,584.0,Alignment Check,2.85,60.4,305.8,190.2,78.4,96.3,76.2,156.9,2.128,0.889,414.4,117319,1,0.2456,21207.9,Normal,Normal
2023-01-09 01:00:00,Hydraulic_Press_01,Hydraulic Press,15164.9,709.0,Alignment Check,4.461,67.1,235.7,187.9,63.3,100.2,76.5,119.5,1.544,0.877,382.2,135426,6,0.4473,5697.3,Normal,Warning
2023-01-09 02:00:00,Annealing_Furnace_01,Annealing Furnace,28633.0,1665.0,Alignment Check,7.652,140.3,452.8,161.2,36.9,84.8,85.8,235.0,4.783,0.823,261.6,432160,6,0.7953,1715.8,Electrical Fault,Critical
2023-01-09 03:00:00,Hydraulic_Press_03,Hydraulic Press,29519.0,1555.0,Seal Replacement,7.585,79.5,243.1,162.8,33.6,82.2,85.0,132.3,1.965,0.834,226.1,254399,4,0.8228,0.0,Electrical Fault,Immediate Action
2023-01-09 06:00:00,Blast_Furnace_Blower_02,Blast Furnace Blower,18263.9,814.0,Lubrication,4.609,84.0,529.2,179.0,52.8,91.8,75.9,253.9,0.359,0.862,332.1,255907,3,0.4805,12768.6,Normal,Normal
2023-01-09 09:00:00,Cold_Rolling_Mill_03,Cold Rolling Mill,30142.3,196.0,Seal Replacement,8.292,76.8,944.3,163.0,32.8,70.6,85.8,460.2,5.783,0.83,193.7,288185,6,0.9018,5021.3,Bearing Failure,Critical
2023-01-09 11:00:00,Hot_Strip_Mill_01,Hot Strip Mill,290.0,571.0,Full Overhaul,0.607,84.8,867.3,205.0,91.5,121.5,71.0,461.7,1.484,0.934,512.1,4434,0,0.0,36056.3,Normal,Normal
2023-01-09 11:00:00,Electric_Arc_Furnace_01,Electric Arc Furnace,1327.6,1464.0,Seal Replacement,2.048,114.7,1269.1,187.5,89.5,113.1,73.8,665.2,2.159,0.95,486.9,15562,1,0.1424,23498.3,Normal,Normal
2023-01-09 12:00:00,Hot_Strip_Mill_03,Hot Strip Mill,31922.6,1511.0,Full Overhaul,8.109,104.0,1107.5,168.0,26.9,81.0,81.7,586.8,2.341,0.817,197.3,397375,3,0.8669,6537.8,Bearing Failure,Warning
2023-01-09 13:00:00,Electric_Arc_Furnace_03,Electric Arc Furnace,27159.1,649.0,Lubrication,7.66,128.3,1417.2,165.8,33.8,82.4,87.4,776.5,3.813,0.828,221.2,237791,2,0.8371,0.0,Mechanical Wear,Immediate Action
2023-01-09 14:00:00,Cold_Rolling_Mill_03,Cold Rolling Mill,15829.6,1879.0,Seal Replacement,5.584,66.5,877.5,183.7,57.8,91.7,77.8,409.6,1.805,0.893,332.5,274051,3,0.5137,20712.5,Normal,Normal
2023-01-09 17:00:00,Pickling_Line_03,Pickling Line,26401.0,1003.0,Full Overhaul,7.447,68.9,336.4,170.5,38.9,72.9,83.3,177.6,3.486,0.829,230.1,402135,3,0.7855,3226.7,Electrical Fault,Critical
2023-01-09 19:00:00,Annealing_Furnace_02,Annealing Furnace,33451.8,1757.0,Bearing Replacement,9.184,141.5,461.9,159.4,22.6,63.5,85.2,243.4,0.099,0.844,155.6,501070,7,1.0,0.0,Thermal Degradation,Immediate Action
2023-01-09 20:00:00,Annealing_Furnace_01,Annealing Furnace,27045.9,1060.0,Bearing Replacement,7.815,135.8,438.6,164.5,44.2,76.7,82.9,229.0,4.874,0.832,250.4,429950,5,0.7629,3078.1,Thermal Degradation,Critical
2023-01-09 23:00:00,Hydraulic_Press_01,Hydraulic Press,29498.8,24.0,Full Overhaul,7.749,84.5,257.2,167.7,35.9,75.1,84.5,131.5,2.085,0.827,272.1,470947,5,0.8492,0.0,Lubrication Failure,Immediate Action
2023-01-09 23:00:00,Hydraulic_Press_01,Hydraulic Press,26645.2,199.0,Alignment Check,7.534,83.2,244.5,167.1,38.4,82.8,83.4,135.2,1.692,0.866,261.1,325803,8,0.7725,0.0,Mechanical Wear,Immediate Action
2023-01-10 04:00:00,Hydraulic_Press_01,Hydraulic Press,5970.6,210.0,Lubrication,2.337,74.3,215.9,191.5,88.7,108.5,77.8,107.5,0.897,0.93,443.8,67430,0,0.2001,13741.2,Normal,Normal
2023-01-10 07:00:00,Blast_Furnace_Blower_03,Blast Furnace Blower,6909.3,1720.0,Seal Replacement,2.934,83.7,462.7,199.7,93.0,113.3,78.1,225.5,2.877,0.914,449.8,122545,0,0.1921,22982.1,Normal,Normal
2023-01-10 07:00:00,Electric_Arc_Furnace_01,Electric Arc Furnace,29191.7,1435.0,Electrical Inspection,7.173,124.9,1438.2,174.2,38.0,77.0,82.9,724.9,2.87,0.856,257.0,337754,4,0.7431,0.0,Thermal Degradation,Immediate Action
2023-01-10 08:00:00,Hydraulic_Press_02,Hydraulic Press,31252.1,1051.0,Electrical Inspection,8.673,82.4,256.2,154.4,22.2,71.8,83.2,126.9,2.277,0.769,196.6,313582,6,0.9358,0.0,Bearing Failure,Immediate Action
2023-01-10 08:00:00,Electric_Arc_Furnace_03,Electric Arc Furnace,16106.9,1709.0,Seal Replacement,4.26,121.9,1304.0,186.3,62.3,94.7,81.0,670.8,0.497,0.872,353.7,222938,3,0.4416,8565.5,Normal,Normal
2023-01-10 09:00:00,Electric_Arc_Furnace_01,Electric Arc Furnace,23726.5,744.0,Seal Replacement,7.104,130.0,1457.0,175.5,28.8,77.4,85.6,766.1,4.857,0.833,251.0,367947,3,0.7759,1244.4,Electrical Fault,Immediate Action
2023-01-10 10:00:00,Rolling_Mill_01,Rolling Mill,17453.7,204.0,Bearing Replacement,4.914,99.6,988.9,179.0,56.3,96.2,81.8,509.7,1.068,0.859,329.1,247754,2,0.5051,22868.5,Normal,Normal
2023-01-10 12:00:00,Annealing_Furnace_01,Annealing Furnace,3380.3,518.0,Alignment Check,1.996,116.6,372.2,189.3,88.9,112.6,78.1,198.5,0.464,0.933,489.7,49487,0,0.1223,31292.9,Normal,Normal
2023-01-10 13:00:00,Blast_Furnace_Blower_01,Blast Furnace Blower,10246.2,236.0,Seal Replacement,3.75,69.8,478.4,187.0,69.0,98.6,72.5,250.4,2.263,0.865,426.8,185134,4,0.3703,20005.5,Normal,Normal
2023-01-10 15:00:00,Blast_Furnace_Blower_03,Blast Furnace Blower,34432.2,1772.0,Full Overhaul,9.039,97.0,531.1,159.5,29.2,64.8,82.7,286.1,2.86,0.803,169.9,411561,9,0.9902,0.0,Bearing Failure,Immediate Action
2023-01-10 16:00:00,Pickling_Line_03,Pickling Line,33628.9,478.0,Alignment Check,9.46,75.0,351.1,177.6,22.9,67.2,87.1,172.8,0.036,0.785,151.5,408600,5,1.0,0.0,Lubrication Failure,Immediate Action
2023-01-10 17:00:00,Ladle_Crane_03,Ladle Crane,34870.8,143.0,Full Overhaul,9.563,65.4,390.9,157.6,20.0,72.9,83.0,216.3,3.687,0.802,202.5,592931,5,1.0,14278.6,Electrical Fault,Warning
2023-01-10 17:00:00,Rolling_Mill_01,Rolling Mill,11285.0,1501.0,Seal Replacement,3.526,93.2,929.9,187.6,76.6,103.6,73.1,446.0,3.233,0.865,401.8,112740,2,0.3516,26281.7,Normal,Normal
2023-01-10 18:00:00,Blast_Furnace_Blower_02,Blast Furnace Blower,29609.7,1550.0,Full Overhaul,7.406,89.7,534.3,160.6,32.4,84.4,83.6,266.7,1.806,0.83,277.2,310533,9,0.8015,641.3,Bearing Failure,Immediate Action
2023-01-10 19:00:00,Pickling_Line_03,Pickling Line,21422.5,170.0,Electrical Inspection,6.189,70.6,330.6,168.4,57.5,83.3,81.0,158.2,5.63,0.843,314.7,304995,6,0.6674,7185.2,Mechanical Wear,Warning
2023-01-10 21:00:00,Ladle_Crane_02,Ladle Crane,1500.3,1895.0,Alignment Check,0.644,46.6,335.9,203.9,98.5,112.1,68.6,155.4,0.104,0.929,512.2,27381,0,0.0125,48815.0,Normal,Normal
2023-01-10 22:00:00,Cold_Rolling_Mill_01,Cold Rolling Mill,31560.5,1281.0,Bearing Replacement,9.0,77.4,900.7,155.6,31.8,78.1,84.1,445.7,4.912,0.795,237.7,289655,5,0.8924,5433.5,Bearing Failure,Warning
2023-01-10 22:00:00,Hot_Strip_Mill_02,Hot Strip Mill,19554.3,1353.0,Lubrication,5.964,102.5,1042.8,166.6,45.5,89.6,82.8,552.6,1.848,0.886,288.7,195978,1,0.6217,16781.3,Thermal Degradation,Normal
2023-01-11 00:00:00,Blast_Furnace_Blower_02,Blast Furnace Blower,30409.8,1362.0,Lubrication,7.818,94.5,553.1,171.0,26.1,70.7,85.7,281.7,6.047,0.836,205.4,310237,5,0.8505,0.0,Mechanical Wear,Immediate Action
2023-01-11 01:00:00,Rolling_Mill_03,Rolling Mill,29221.6,549.0,Lubrication,7.965,99.7,1076.9,164.0,39.3,80.9,86.3,525.7,5.863,0.811,214.6,280893,2,0.8523,12372.0,Lubrication Failure,Normal
2023-01-11 02:00:00,Rolling_Mill_03,Rolling Mill,29171.9,886.0,Alignment Check,7.906,97.2,1036.8,165.4,35.7,64.3,83.5,537.5,2.254,0.814,209.9,564143,5,0.8308,9662.2,Bearing Failure,Warning
2023-01-11 03:00:00,Rolling_Mill_01,Rolling Mill,24466.3,1811.0,Full Overhaul,6.549,94.5,1047.0,175.0,43.0,80.2,84.9,526.7,2.938,0.824,257.3,412976,2,0.6981,16878.4,Electrical Fault,Normal
2023-01-11 04:00:00,Annealing_Furnace_03,Annealing Furnace,10270.4,414.0,Seal Replacement,3.318,123.7,390.7,187.4,76.2,113.8,79.9,206.7,1.629,0.904,418.3,138235,3,0.286,22755.8,Normal,Normal
2023-01-11 04:00:00,Continuous_Caster_02,Continuous Caster,11832.0,1055.0,Electrical Inspection,3.02,106.7,650.4,180.6,71.9,119.6,76.7,325.6,1.839,0.932,424.2,136916,1,0.2862,21869.1,Normal,Normal
2023-01-11 06:00:00,Ladle_Crane_01,Ladle Crane,10865.6,646.0,Full Overhaul,3.406,52.3,344.4,183.2,70.2,107.7,76.1,167.8,0.145,0.909,384.8,101943,3,0.3377,39641.2,Normal,Normal
2023-01-11 06:00:00,Blast_Furnace_Blower_01,Blast Furnace Blower,799.6,1527.0,Full Overhaul,1.203,73.4,455.8,200.2,97.8,115.6,72.7,222.5,3.238,0.96,489.3,6624,1,0.0546,29343.3,Normal,Normal
2023-01-11 09:00:00,Annealing_Furnace_02,Annealing Furnace,20431.7,912.0,Lubrication,5.264,131.9,418.8,178.1,55.9,94.1,77.8,226.7,4.928,0.843,338.9,322804,3,0.5547,11399.0,Lubrication Failure,Normal
2023-01-11 09:00:00,Blast_Furnace_Blower_03,Blast Furnace Blower,24489.3,685.0,Full Overhaul,7.106,84.4,542.7,180.4,49.6,76.0,81.5,270.4,0.769,0.837,267.3,344338,5,0.6776,4136.5,Electrical Fault,Critical
2023-01-11 10:00:00,Hydraulic_Press_01,Hydraulic Press,29899.9,1186.0,Alignment Check,8.15,82.3,260.9,166.1,14.3,72.8,86.7,138.5,2.072,0.821,229.3,451763,7,0.8999,0.0,Thermal Degradation,Immediate Action
2023-01-11 10:00:00,Blast_Furnace_Blower_01,Blast Furnace Blower,4991.8,212.0,Lubrication,2.023,75.9,467.4,190.5,90.5,105.4,74.6,241.6,0.549,0.886,471.2,49966,2,0.1294,24867.6,Normal,Normal
2023-01-11 16:00:00,Ladle_Crane_03,Ladle Crane,3418.8,1926.0,Lubrication,1.322,45.4,321.2,192.7,87.3,118.4,74.8,164.4,1.152,0.962,468.2,29033,1,0.0945,45190.7,Normal,Normal
2023-01-11 16:00:00,Blast_Furnace_Blower_02,Blast Furnace Blower,379.5,1567.0,Alignment Check,1.061,79.4,462.3,207.4,89.0,123.9,68.8,229.0,1.747,0.933,503.3,3966,0,0.0,28445.9,Normal,Normal
2023-01-11 16:00:00,Blast_Furnace_Blower_03,Blast Furnace Blower,19092.0,1120.0,Lubrication,5.274,80.7,488.8,185.0,59.9,98.0,81.2,244.1,2.077,0.855,325.5,287617,5,0.5501,9379.5,Lubrication Failure,Normal
2023-01-11 21:00:00,Rolling_Mill_02,Rolling Mill,1992.0,1690.0,Alignment Check,1.529,85.1,832.8,202.3,91.7,123.3,71.1,394.2,0.406,0.965,504.4,36783,0,0.0131,36750.1,Normal,Normal
2023-01-11 22:00:00,Rolling_Mill_01,Rolling Mill,25419.2,1233.0,Full Overhaul,6.448,101.7,959.5,175.5,50.8,82.5,82.0,478.4,5.21,0.855,258.4,455721,3,0.696,14972.3,Lubrication Failure,Normal
2023-01-12 04:00:00,Hot_Strip_Mill_01,Hot Strip Mill,2929.0,1081.0,Electrical Inspection,1.352,92.3,901.2,199.9,96.7,117.5,71.2,443.0,0.529,0.942,486.2,44128,0,0.0455,36110.1,Normal,Normal
2023-01-12 05:00:00,Pickling_Line_02,Pickling Line,25104.2,657.0,Bearing Replacement,7.182,70.5,328.6,162.7,39.9,78.6,86.4,169.6,1.768,0.847,293.3,476424,5,0.7604,2634.9,Bearing Failure,Critical
2023-01-12 06:00:00,Pickling_Line_02,Pickling Line,8811.9,956.0,Alignment Check,2.244,57.8,304.2,207.5,90.8,110.9,72.1,152.0,1.386,0.917,436.6,152154,0,0.1853,19831.8,Normal,Normal
2023-01-12 06:00:00,Hydraulic_Press_03,Hydraulic Press,30732.2,1237.0,Seal Replacement,8.175,85.7,250.5,162.2,28.1,74.9,85.2,128.4,2.658,0.835,199.6,347091,3,0.8914,0.0,Thermal Degradation,Immediate Action
2023-01-12 06:00:00,Pickling_Line_03,Pickling Line,28478.9,260.0,Alignment Check,7.874,71.0,330.1,169.7,32.5,81.7,81.4,183.1,1.219,0.812,247.3,540424,4,0.8025,0.0,Mechanical Wear,Immediate Action
2023-01-12 07:00:00,Rolling_Mill_03,Rolling Mill,30943.3,490.0,Full Overhaul,8.729,107.9,1025.3,161.0,28.3,73.9,86.1,539.9,3.669,0.81,190.7,612681,4,0.9231,8788.7,Lubrication Failure,Warning
2023-01-12 07:00:00,Continuous_Caster_02,Continuous Caster,33528.3,1447.0,Lubrication,9.067,115.6,739.4,164.6,20.9,64.5,88.9,397.8,8.629,0.779,156.7,424384,4,1.0,1900.2,Electrical Fault,Critical
2023-01-12 08:00:00,Ladle_Crane_03,Ladle Crane,32673.2,231.0,Bearing Replacement,8.085,67.1,377.0,171.3,24.6,76.4,82.9,204.2,1.893,0.824,203.9,534923,4,0.8715,15642.6,Mechanical Wear,Normal
2023-01-12 13:00:00,Blast_Furnace_Blower_02,Blast Furnace Blower,30070.1,196.0,Full Overhaul,9.514,92.7,552.3,166.8,41.3,79.4,84.6,298.0,1.872,0.849,234.1,315740,5,0.8311,0.0,Electrical Fault,Immediate Action
2023-01-12 13:00:00,Pickling_Line_01,Pickling Line,24299.0,639.0,Alignment Check,6.679,69.3,327.1,169.1,35.0,80.7,80.7,167.8,0.021,0.83,276.1,309736,4,0.6936,3974.9,Thermal Degradation,Critical
2023-01-12 13:00:00,Annealing_Furnace_03,Annealing Furnace,6042.0,641.0,Full Overhaul,1.762,125.5,387.6,187.1,90.1,109.7,75.8,196.6,0.097,0.927,456.8,96576,0,0.1446,25841.5,Normal,Normal
2023-01-12 14:00:00,Rolling_Mill_03,Rolling Mill,9582.6,1145.0,Seal Replacement,3.376,90.4,901.2,185.3,82.8,99.9,80.8,474.0,4.266,0.905,408.3,167319,0,0.3192,31302.0,Normal,Normal
2023-01-12 15:00:00,Rolling_Mill_01,Rolling Mill,7524.2,916.0,Lubrication,2.42,88.5,900.7,192.9,82.7,118.6,72.7,433.4,1.349,0.903,421.8,112241,3,0.2235,30211.4,Normal,Normal
2023-01-12 18:00:00,Rolling_Mill_03,Rolling Mill,21165.1,1500.0,Full Overhaul,5.659,96.7,960.0,174.6,42.1,96.2,83.7,499.9,0.946,0.872,314.0,357357,2,0.5951,16859.0,Lubrication Failure,Normal
2023-01-12 19:00:00,Continuous_Caster_02,Continuous Caster,17676.3,38.0,Seal Replacement,5.336,102.0,681.9,181.1,63.1,92.0,82.8,341.7,7.832,0.847,336.5,243570,3,0.5541,15719.0,Bearing Failure,Normal
2023-01-12 23:00:00,Electric_Arc_Furnace_03,Electric Arc Furnace,30361.1,182.0,Full Overhaul,7.949,135.6,1459.8,175.9,32.9,81.8,83.5,765.5,1.204,0.826,217.1,346792,5,0.8086,0.0,Bearing Failure,Immediate Action
2023-01-13 01:00:00,Electric_Arc_Furnace_02,Electric Arc Furnace,33348.3,496.0,Bearing Replacement,9.032,127.2,1494.3,160.9,28.7,80.7,87.5,767.2,2.163,0.817,192.8,548815,4,0.9395,0.0,Electrical Fault,Immediate Action
2023-01-13 04:00:00,Rolling_Mill_03,Rolling Mill,14229.6,78.0,Electrical Inspection,4.065,95.2,975.7,189.0,68.6,107.1,78.8,492.1,0.812,0.895,369.3,254650,5,0.419,26154.5,Normal,Normal
2023-01-13 06:00:00,Rolling_Mill_01,Rolling Mill,17771.6,328.0,Electrical Inspection,4.984,94.9,981.3,180.9,59.9,97.0,79.4,484.3,0.527,0.879,331.4,209943,5,0.5007,23132.0,Normal,Normal
2023-01-13 06:00:00,Continuous_Caster_02,Continuous Caster,34005.9,1455.0,Lubrication,7.515,114.1,728.4,168.9,24.4,75.0,83.3,355.7,0.159,0.804,218.7,446518,3,0.8164,2586.1,Bearing Failure,Critical
2023-01-13 06:00:00,Annealing_Furnace_02,Annealing Furnace,9740.7,1597.0,Electrical Inspection,3.125,124.4,412.4,188.2,78.4,111.3,77.8,218.6,0.34,0.927,459.8,117412,1,0.2953,23608.9,Normal,Normal
2023-01-13 07:00:00,Pickling_Line_02,Pickling Line,27754.4,1185.0,Seal Replacement,7.461,72.2,353.7,169.2,38.2,80.3,83.2,169.3,3.349,0.826,226.8,270509,4,0.8181,0.0,Bearing Failure,Immediate Action
2023-01-13 09:00:00,Electric_Arc_Furnace_02,Electric Arc Furnace,7960.9,1142.0,Seal Replacement,2.419,110.1,1224.3,188.8,77.8,109.5,76.6,633.3,0.405,0.893,450.4,136920,1,0.1768,15786.9,Normal,Normal
2023-01-13 10:00:00,Blast_Furnace_Blower_01,Blast Furnace Blower,23883.0,1254.0,Electrical Inspection,6.275,91.3,521.2,173.4,62.5,94.7,78.9,266.2,1.117,0.841,336.9,337259,4,0.5732,5548.3,Bearing Failure,Warning
2023-01-13 10:00:00,Annealing_Furnace_03,Annealing Furnace,8951.2,1602.0,Seal Replacement,2.46,127.1,391.2,188.1,80.3,105.7,79.5,209.0,1.855,0.889,432.0,89011,1,0.2219,23986.6,Normal,Normal
2023-01-13 12:00:00,Blast_Furnace_Blower_03,Blast Furnace Blower,30942.3,1686.0,Full Overhaul,8.054,86.8,559.6,156.3,39.2,68.6,82.8,297.2,0.65,0.797,226.9,376112,3,0.8739,0.0,Lubrication Failure,Immediate Action
2023-01-13 17:00:00,Electric_Arc_Furnace_03,Electric Arc Furnace,19695.6,678.0,Full Overhaul,5.306,121.2,1390.1,171.7,58.8,98.5,86.0,692.1,2.436,0.862,321.7,332637,5,0.5572,5286.2,Bearing Failure,Warning
2023-01-13 19:00:00,Electric_Arc_Furnace_03,Electric Arc Furnace,6589.1,833.0,Seal Replacement,2.062,106.2,1218.1,195.9,92.9,117.7,72.6,593.4,0.593,0.889,473.3,82640,1,0.0899,17993.0,Normal,Normal
2023-01-13 19:00:00,Annealing_Furnace_02,Annealing Furnace,7930.5,1617.0,Alignment Check,2.515,121.5,417.3,187.7,81.6,112.3,77.1,185.8,0.481,0.931,425.8,70273,0,0.2367,25587.5,Normal,Normal
2023-01-13 19:00:00,Ladle_Crane_01,Ladle Crane,17335.3,421.0,Bearing Replacement,5.41,59.6,364.3,177.9,61.2,83.4,82.2,185.0,4.338,0.893,309.1,160619,4,0.5467,31143.0,Normal,Normal
2023-01-13 20:00:00,Hydraulic_Press_01,Hydraulic Press,33659.9,1885.0,Lubrication,9.614,75.1,264.6,163.1,27.6,72.1,87.4,126.5,2.226,0.821,161.6,672435,2,1.0,0.0,Lubrication Failure,Immediate Action
2023-01-13 22:00:00,Electric_Arc_Furnace_01,Electric Arc Furnace,26960.5,1676.0,Seal Replacement,7.629,130.8,1391.2,168.0,28.6,79.9,86.7,723.7,1.749,0.8,264.2,354140,6,0.8314,0.0,Lubrication Failure,Immediate Action
2023-01-14 00:00:00,Cold_Rolling_Mill_01,Cold Rolling Mill,17142.0,882.0,Lubrication,4.415,70.1,881.1,182.3,62.7,96.8,77.2,421.4,5.034,0.898,369.8,267989,1,0.4291,20846.9,Normal,Normal
2023-01-14 02:00:00,Blast_Furnace_Blower_01,Blast Furnace Blower,11886.4,1027.0,Electrical Inspection,3.776,82.4,479.2,175.4,77.6,99.1,75.3,263.7,3.31,0.913,383.0,183429,0,0.3836,17488.3,Normal,Normal
2023-01-14 02:00:00,Hot_Strip_Mill_02,Hot Strip Mill,19269.5,875.0,Bearing Replacement,5.288,103.6,979.8,180.1,55.3,92.3,79.7,513.9,1.881,0.915,364.4,192564,0,0.5039,19825.8,Normal,Normal
2023-01-14 05:00:00,Cold_Rolling_Mill_02,Cold Rolling Mill,26217.8,458.0,Full Overhaul,7.299,86.6,911.8,165.1,37.0,88.4,85.4,474.7,0.97,0.806,226.6,335271,2,0.7885,9099.4,Lubrication Failure,Warning
2023-01-14 08:00:00,Hydraulic_Press_02,Hydraulic Press,27459.1,480.0,Seal Replacement,8.202,74.6,250.3,173.6,36.7,86.8,82.0,128.6,0.696,0.852,270.1,455081,0,0.7477,0.0,Lubrication Failure,Immediate Action
2023-01-14 08:00:00,Continuous_Caster_01,Continuous Caster,11428.8,606.0,Alignment Check,4.191,108.7,624.0,182.2,76.2,101.5,77.7,330.2,1.073,0.892,403.5,149683,1,0.3441,25387.1,Normal,Normal
2023-01-14 12:00:00,Hydraulic_Press_03,Hydraulic Press,25268.5,817.0,Bearing Replacement,7.685,84.8,246.5,162.3,23.8,76.9,81.4,134.1,2.451,0.84,235.5,380828,4,0.7987,0.0,Lubrication Failure,Immediate Action
2023-01-14 12:00:00,Continuous_Caster_02,Continuous Caster,23056.8,1788.0,Lubrication,6.702,106.3,698.5,178.9,47.2,84.6,83.1,366.4,2.96,0.834,262.8,287071,3,0.7054,12629.3,Lubrication Failure,Normal
2023-01-14 13:00:00,Pickling_Line_02,Pickling Line,33573.0,717.0,Seal Replacement,8.698,75.4,337.7,154.5,32.8,74.3,84.8,175.6,3.534,0.82,181.1,375378,7,0.9131,0.0,Electrical Fault,Immediate Action
2023-01-14 13:00:00,Blast_Furnace_Blower_01,Blast Furnace Blower,32595.1,1125.0,Full Overhaul,7.974,88.0,551.0,173.5,33.3,71.1,85.5,294.8,2.719,0.859,213.2,268087,4,0.8743,0.0,Electrical Fault,Immediate Action
2023-01-14 16:00:00,Electric_Arc_Furnace_01,Electric Arc Furnace,27649.3,177.0,Full Overhaul,7.656,124.6,1482.2,167.4,29.5,84.1,84.7,734.8,10.13,0.809,226.8,361968,4,0.8288,0.0,Thermal Degradation,Immediate Action
2023-01-14 17:00:00,Electric_Arc_Furnace_03,Electric Arc Furnace,25346.5,769.0,Seal Replacement,7.225,117.4,1516.2,166.7,19.1,79.2,82.0,716.1,2.345,0.805,230.1,323379,4,0.7902,103.5,Lubrication Failure,Immediate Action
2023-01-14 19:00:00,Ladle_Crane_02,Ladle Crane,9664.1,855.0,Seal Replacement,3.34,45.6,329.1,185.9,72.8,105.5,76.8,166.4,5.291,0.892,402.3,130717,1,0.2976,43350.4,Normal,Normal
2023-01-15 00:00:00,Hydraulic_Press_02,Hydraulic Press,29624.2,1006.0,Bearing Replacement,7.968,82.9,252.7,171.6,37.6,83.0,83.3,129.0,3.237,0.838,221.6,239313,5,0.8208,0.0,Electrical Fault,Immediate Action
2023-01-15 04:00:00,Continuous_Caster_01,Continuous Caster,15019.9,924.0,Full Overhaul,5.043,105.5,666.2,183.8,65.4,106.3,80.3,339.3,1.158,0.896,360.4,213408,2,0.4312,19921.3,Normal,Normal
2023-01-15 07:00:00,Electric_Arc_Furnace_01,Electric Arc Furnace,9601.2,1322.0,Lubrication,3.364,117.8,1291.3,189.0,80.7,105.8,78.3,659.9,0.986,0.868,423.2,90418,3,0.2959,14461.1,Normal,Normal
2023-01-15 07:00:00,Blast_Furnace_Blower_01,Blast Furnace Blower,13507.2,1700.0,Full Overhaul,4.137,85.2,495.6,184.4,68.4,93.8,78.1,248.4,3.141,0.889,380.9,188489,2,0.3814,16505.2,Normal,Normal
2023-01-15 12:00:00,Annealing_Furnace_03,Annealing Furnace,29274.1,1264.0,Seal Replacement,7.895,136.3,456.0,166.1,35.4,83.5,84.0,232.2,4.816,0.843,226.6,354360,5,0.7903,1974.3,Thermal Degradation,Critical
2023-01-15 13:00:00,Cold_Rolling_Mill_01,Cold Rolling Mill,5287.3,775.0,Lubrication,3.063,66.8,814.4,198.1,91.7,110.6,76.6,401.9,1.183,0.925,472.9,45075,0,0.2043,30437.4,Normal,Normal
2023-01-15 14:00:00,Pickling_Line_01,Pickling Line,16019.9,1546.0,Seal Replacement,5.392,70.3,321.9,175.6,52.4,89.8,82.2,168.8,4.592,0.873,320.0,159993,7,0.5516,11245.8,Electrical Fault,Normal
2023-01-15 16:00:00,Hydraulic_Press_01,Hydraulic Press,17283.3,1369.0,Full Overhaul,5.339,77.3,230.1,171.0,58.0,93.7,83.6,109.2,3.667,0.892,347.7,191779,3,0.5651,2809.9,Thermal Degradation,Critical
2023-01-15 18:00:00,Rolling_Mill_02,Rolling Mill,1378.4,1381.0,Bearing Replacement,0.688,83.3,816.4,201.5,100.0,116.8,71.5,391.3,0.075,0.945,519.0,14886,0,0.0,39910.3,Normal,Normal
2023-01-15 19:00:00,Ladle_Crane_01,Ladle Crane,6931.5,1574.0,Lubrication,2.918,49.5,349.2,182.6,91.4,99.5,73.3,178.1,1.945,0.919,427.3,105652,0,0.2558,42509.4,Normal,Normal
2023-01-15 20:00:00,Electric_Arc_Furnace_01,Electric Arc Furnace,28953.3,222.0,Bearing Replacement,8.077,123.8,1474.6,173.1,39.8,77.9,86.8,743.6,1.986,0.802,208.5,246963,2,0.8561,0.0,Electrical Fault,Immediate Action
2023-01-15 22:00:00,Hydraulic_Press_03,Hydraulic Press,29093.8,724.0,Alignment Check,8.647,84.4,250.2,170.1,38.9,75.4,87.1,133.5,8.332,0.86,291.5,387690,2,0.7984,0.0,Mechanical Wear,Immediate Action
2023-01-16 03:00:00,Annealing_Furnace_01,Annealing Furnace,10305.3,336.0,Electrical Inspection,2.918,117.5,404.0,181.6,87.8,108.8,75.1,190.6,0.463,0.896,513.1,183404,1,0.1963,23647.4,Normal,Normal
2023-01-16 04:00:00,Cold_Rolling_Mill_03,Cold Rolling Mill,30633.9,1545.0,Alignment Check,8.043,76.8,926.8,167.1,36.7,79.4,84.9,471.8,2.559,0.808,204.7,350015,2,0.8696,5810.4,Lubrication Failure,Warning
2023-01-16 04:00:00,Continuous_Caster_03,Continuous Caster,27035.2,1133.0,Alignment Check,7.256,113.1,736.8,166.5,33.5,69.9,87.1,355.1,4.715,0.832,254.5,412496,4,0.7906,7900.0,Lubrication Failure,Warning
2023-01-16 04:00:00,Hydraulic_Press_01,Hydraulic Press,14685.0,1979.0,Lubrication,3.668,68.2,227.7,191.8,79.7,99.9,75.3,117.8,4.287,0.887,378.8,280018,0,0.3642,4363.9,Normal,Warning
2023-01-16 05:00:00,Hydraulic_Press_01,Hydraulic Press,26219.4,1357.0,Full Overhaul,7.449,75.6,257.6,166.9,35.0,74.7,83.6,129.0,1.06,0.838,235.3,457851,4,0.8107,0.0,Lubrication Failure,Immediate Action
2023-01-16 08:00:00,Ladle_Crane_03,Ladle Crane,33650.6,153.0,Alignment Check,9.132,55.9,398.8,159.4,23.4,62.5,85.7,198.1,0.759,0.771,172.2,604924,3,1.0,16037.6,Thermal Degradation,Normal
2023-01-16 09:00:00,Ladle_Crane_03,Ladle Crane,16118.0,576.0,Bearing Replacement,5.241,53.5,344.6,178.6,63.1,96.0,79.3,186.7,1.118,0.841,413.9,213653,0,0.4839,33747.7,Normal,Normal
2023-01-16 10:00:00,Hydraulic_Press_03,Hydraulic Press,32969.4,1963.0,Bearing Replacement,8.647,87.1,266.7,152.4,23.8,76.6,83.4,132.9,4.234,0.833,199.4,456316,2,0.9289,0.0,Electrical Fault,Immediate Action
2023-01-16 10:00:00,Cold_Rolling_Mill_02,Cold Rolling Mill,8421.1,1851.0,Alignment Check,2.135,58.9,791.0,191.6,82.5,108.9,76.7,401.9,2.089,0.906,446.6,75823,1,0.172,30115.5,Normal,Normal
2023-01-16 11:00:00,Hydraulic_Press_03,Hydraulic Press,21170.7,447.0,Full Overhaul,6.008,71.6,248.6,171.5,44.7,90.0,83.7,122.8,6.398,0.816,281.3,187882,6,0.6411,0.0,Bearing Failure,Immediate Action
2023-01-16 11:00:00,Ladle_Crane_02,Ladle Crane,3773.8,988.0,Seal Replacement,1.9,49.9,342.8,189.4,89.8,115.7,72.4,172.5,2.169,0.939,451.5,52709,1,0.1407,47223.1,Normal,Normal
2023-01-16 12:00:00,Annealing_Furnace_02,Annealing Furnace,20086.6,740.0,Electrical Inspection,5.702,125.6,433.2,176.3,49.2,83.4,81.0,223.1,2.293,0.888,318.1,280520,5,0.539,12495.6,Normal,Normal
2023-01-16 15:00:00,Pickling_Line_02,Pickling Line,17570.3,419.0,Full Overhaul,4.978,58.4,306.1,186.5,57.1,96.9,74.6,159.6,4.91,0.882,364.8,312854,2,0.4744,10044.2,Normal,Normal
2023-01-16 18:00:00,Hydraulic_Press_01,Hydraulic Press,29960.1,736.0,Bearing Replacement,7.493,76.6,254.3,175.3,32.2,79.9,80.2,125.6,2.062,0.808,268.3,436143,3,0.8198,0.0,Electrical Fault,Immediate Action
2023-01-16 18:00:00,Annealing_Furnace_01,Annealing Furnace,18621.3,856.0,Lubrication,5.496,134.7,424.9,180.3,57.8,87.9,79.5,234.3,1.795,0.857,319.3,171469,0,0.5179,11558.0,Normal,Normal
2023-01-16 22:00:00,Blast_Furnace_Blower_01,Blast Furnace Blower,9007.6,1334.0,Alignment Check,2.577,74.8,480.6,187.7,88.6,107.7,78.0,239.9,0.921,0.936,420.8,121457,2,0.233,22116.9,Normal,Normal
2023-01-16 23:00:00,Hydraulic_Press_03,Hydraulic Press,23680.0,1005.0,Electrical Inspection,6.295,82.4,244.1,167.2,53.5,89.0,83.8,132.2,0.523,0.852,284.1,397526,5,0.6431,0.0,Lubrication Failure,Immediate Action
2023-01-17 02:00:00,Rolling_Mill_01,Rolling Mill,8233.3,1885.0,Bearing Replacement,2.853,87.7,865.1,184.3,90.1,111.2,77.8,448.1,1.049,0.912,469.6,114281,0,0.2372,34647.2,Normal,Normal
2023-01-17 02:00:00,Rolling_Mill_01,Rolling Mill,19035.9,1660.0,Full Overhaul,5.112,96.6,990.4,176.1,56.5,93.3,76.9,483.4,2.397,0.872,324.1,176124,1,0.537,19823.6,Normal,Normal
2023-01-17 05:00:00,Annealing_Furnace_01,Annealing Furnace,20119.6,765.0,Electrical Inspection,5.859,128.4,413.1,173.7,51.3,90.8,82.5,221.7,0.51,0.859,280.2,282842,8,0.6292,12587.6,Electrical Fault,Normal
2023-01-17 06:00:00,Annealing_Furnace_03,Annealing Furnace,28771.6,1002.0,Seal Replacement,7.006,142.3,450.5,170.4,44.7,86.5,83.9,232.9,1.006,0.843,281.3,551628,4,0.733,2941.9,Lubrication Failure,Critical
2023-01-17 07:00:00,Hydraulic_Press_03,Hydraulic Press,1097.1,1454.0,Alignment Check,1.596,64.5,212.6,197.2,83.2,108.7,78.0,107.8,2.066,0.955,482.1,19008,0,0.0923,18711.6,Normal,Normal
2023-01-17 08:00:00,Annealing_Furnace_01,Annealing Furnace,22116.7,1652.0,Alignment Check,5.638,129.6,430.6,176.7,47.7,86.6,79.7,228.9,2.764,0.85,296.7,241808,5,0.5945,10147.7,Lubrication Failure,Normal
2023-01-17 09:00:00,Cold_Rolling_Mill_02,Cold Rolling Mill,12300.5,441.0,Alignment Check,5.107,74.7,817.4,172.6,69.7,95.7,80.6,421.4,4.083,0.864,348.8,217636,2,0.4445,23200.6,Normal,Normal
2023-01-17 11:00:00,Electric_Arc_Furnace_01,Electric Arc Furnace,10314.2,1316.0,Electrical Inspection,3.305,123.1,1297.2,182.1,77.0,102.7,77.0,667.5,1.644,0.901,386.1,135577,2,0.3284,15660.5,Normal,Normal
2023-01-17 13:00:00,Blast_Furnace_Blower_03,Blast Furnace Blower,13801.3,1638.0,Alignment Check,4.751,82.9,503.0,178.4,75.2,90.7,81.6,258.1,1.728,0.884,358.1,192996,1,0.4217,16277.6,Normal,Normal
2023-01-17 16:00:00,Rolling_Mill_03,Rolling Mill,12036.6,1480.0,Full Overhaul,3.523,96.5,936.0,184.2,81.5,102.1,77.8,443.3,1.603,0.899,454.9,149749,2,0.3387,29184.5,Normal,Normal
2023-01-17 18:00:00,Blast_Furnace_Blower_01,Blast Furnace Blower,29145.1,1396.0,Lubrication,8.83,91.3,516.8,163.1,22.5,76.8,85.0,278.1,5.739,0.849,204.4,264897,6,0.9359,1042.0,Lubrication Failure,Immediate Action
2023-01-17 19:00:00,Continuous_Caster_03,Continuous Caster,9690.4,1888.0,Bearing Replacement,3.157,109.5,639.4,185.1,83.7,99.4,74.8,309.7,1.712,0.895,469.2,192651,3,0.2753,26222.9,Normal,Normal
2023-01-17 20:00:00,Blast_Furnace_Blower_02,Blast Furnace Blower,25687.0,1491.0,Full Overhaul,7.436,85.9,517.0,183.4,30.3,71.9,84.6,285.6,6.401,0.845,220.0,232165,7,0.8095,5523.9,Bearing Failure,Warning
2023-01-17 20:00:00,Annealing_Furnace_03,Annealing Furnace,3382.7,978.0,Lubrication,1.193,117.7,396.6,203.4,86.6,122.7,71.4,202.4,0.005,0.933,492.2,30449,0,0.0679,30231.0,Normal,Normal
2023-01-17 22:00:00,Blast_Furnace_Blower_03,Blast Furnace Blower,33303.7,1739.0,Bearing Replacement,9.119,100.0,569.5,155.3,22.6,72.5,81.0,287.2,2.141,0.815,208.2,314243,4,0.9874,0.0,Electrical Fault,Immediate Action
2023-01-17 22:00:00,Hydraulic_Press_03,Hydraulic Press,21818.9,874.0,Full Overhaul,7.168,78.2,241.0,177.9,46.4,93.7,85.4,129.9,2.798,0.845,270.2,247042,3,0.7183,0.0,Electrical Fault,Immediate Action
2023-01-18 10:00:00,Continuous_Caster_02,Continuous Caster,24764.5,1594.0,Seal Replacement,7.083,113.8,701.4,181.7,48.5,87.4,84.2,354.1,4.428,0.859,267.6,360097,4,0.6652,10054.3,Electrical Fault,Warning
2023-01-18 13:00:00,Rolling_Mill_01,Rolling Mill,10501.6,1249.0,Lubrication,3.265,89.6,867.9,180.8,78.8,103.1,76.9,477.4,0.341,0.913,387.8,181598,1,0.3246,29467.1,Normal,Normal
2023-01-18 13:00:00,Cold_Rolling_Mill_01,Cold Rolling Mill,14482.2,1211.0,Lubrication,3.847,70.2,830.8,178.9,66.8,97.3,79.1,461.4,0.751,0.88,378.5,248589,2,0.3785,20898.8,Normal,Normal
2023-01-18 14:00:00,Ladle_Crane_01,Ladle Crane,7909.9,1477.0,Electrical Inspection,2.934,47.2,344.1,190.7,85.3,119.3,77.2,181.8,2.046,0.865,423.1,110926,1,0.2475,40979.9,Normal,Normal
2023-01-19 00:00:00,Ladle_Crane_03,Ladle Crane,32645.5,1399.0,Seal Replacement,9.225,64.7,407.3,165.3,17.4,75.9,87.1,216.6,5.8,0.818,194.1,592482,3,1.0,17616.2,Bearing Failure,Normal
2023-01-19 05:00:00,Pickling_Line_03,Pickling Line,17134.8,1067.0,Bearing Replacement,5.124,58.7,316.2,183.9,76.5,100.2,75.2,168.6,0.521,0.835,375.3,141415,1,0.4429,10039.2,Normal,Normal
2023-01-19 05:00:00,Electric_Arc_Furnace_03,Electric Arc Furnace,22102.6,1771.0,Electrical Inspection,5.939,122.6,1372.4,165.8,53.1,89.4,82.3,727.5,3.826,0.841,279.1,187494,2,0.6393,2014.3,Mechanical Wear,Critical
2023-01-19 08:00:00,Annealing_Furnace_03,Annealing Furnace,25726.1,1443.0,Seal Replacement,6.566,130.4,434.1,168.3,52.4,79.5,81.9,238.1,5.455,0.826,259.2,405185,4,0.6933,4647.2,Thermal Degradation,Critical
2023-01-19 09:00:00,Pickling_Line_01,Pickling Line,13051.6,1161.0,Alignment Check,3.946,70.6,299.8,182.4,64.5,101.7,81.5,152.5,0.779,0.913,412.1,177219,3,0.3664,15351.9,Normal,Normal
2023-01-19 13:00:00,Pickling_Line_03,Pickling Line,25231.5,1408.0,Full Overhaul,6.965,68.8,331.6,174.1,37.7,76.8,84.6,175.6,5.92,0.87,248.8,354660,2,0.752,3055.1,Electrical Fault,Critical
2023-01-19 14:00:00,Blast_Furnace_Blower_03,Blast Furnace Blower,23692.1,688.0,Alignment Check,6.515,83.4,507.4,166.4,46.6,85.3,83.3,261.2,6.666,0.852,272.0,251544,3,0.662,6015.7,Electrical Fault,Warning
2023-01-19 14:00:00,Cold_Rolling_Mill_02,Cold Rolling Mill,24727.5,1999.0,Lubrication,7.2,78.5,889.4,162.3,31.4,81.2,86.8,486.4,6.132,0.823,271.0,446254,1,0.7852,12346.3,Lubrication Failure,Normal
2023-01-19 14:00:00,Hot_Strip_Mill_02,Hot Strip Mill,17174.1,939.0,Electrical Inspection,5.056,95.5,1006.5,179.7,66.9,95.1,79.9,503.2,2.378,0.858,345.3,241091,3,0.5149,19687.2,Normal,Normal
2023-01-19 19:00:00,Hydraulic_Press_03,Hydraulic Press,13464.5,950.0,Lubrication,3.546,74.9,233.8,187.2,74.8,98.9,80.8,114.6,0.427,0.909,392.1,141779,2,0.3185,6764.0,Normal,Normal
2023-01-19 20:00:00,Hot_Strip_Mill_02,Hot Strip Mill,7850.7,782.0,Seal Replacement,2.636,92.6,966.8,194.9,73.2,110.5,73.6,475.4,2.254,0.886,434.5,75843,2,0.2403,30211.1,Normal,Normal
2023-01-19 21:00:00,Annealing_Furnace_02,Annealing Furnace,28879.5,643.0,Lubrication,8.158,137.8,457.1,161.0,25.7,74.6,85.2,241.8,1.706,0.781,198.3,575978,2,0.8982,2409.5,Lubrication Failure,Critical
2023-01-20 06:00:00,Cold_Rolling_Mill_02,Cold Rolling Mill,21331.4,1927.0,Electrical Inspection,6.855,72.0,875.9,179.9,43.5,91.9,84.2,454.1,3.46,0.837,283.1,356854,2,0.6366,14136.6,Lubrication Failure,Normal
2023-01-20 07:00:00,Ladle_Crane_03,Ladle Crane,15607.9,1940.0,Full Overhaul,5.137,53.2,360.8,186.2,67.0,100.0,76.4,171.5,1.195,0.872,357.2,224626,1,0.459,33537.9,Normal,Normal
2023-01-20 08:00:00,Hydraulic_Press_03,Hydraulic Press,33045.5,1896.0,Electrical Inspection,9.181,83.8,247.9,162.3,28.7,79.6,85.2,134.3,0.398,0.767,186.4,489001,7,0.9293,0.0,Bearing Failure,Immediate Action
2023-01-20 08:00:00,Blast_Furnace_Blower_01,Blast Furnace Blower,1769.6,646.0,Bearing Replacement,2.04,73.3,483.2,195.5,99.6,113.7,73.7,240.0,0.722,0.977,500.5,16498,0,0.0457,28764.5,Normal,Normal
2023-01-20 14:00:00,Rolling_Mill_02,Rolling Mill,29771.0,1238.0,Lubrication,7.796,97.7,1026.2,174.4,36.8,87.3,85.8,532.9,3.167,0.809,209.0,495929,3,0.8511,9717.3,Lubrication Failure,Warning
2023-01-20 15:00:00,Rolling_Mill_03,Rolling Mill,34915.6,369.0,Electrical Inspection,7.991,102.7,1013.0,167.3,41.0,70.6,83.9,549.6,0.774,0.799,219.5,664478,1,0.8753,4229.8,Thermal Degradation,Critical
2023-01-20 22:00:00,Hot_Strip_Mill_02,Hot Strip Mill,31054.3,1443.0,Electrical Inspection,8.249,106.6,1105.4,162.1,36.2,72.7,88.6,538.6,0.219,0.828,192.5,582776,6,0.9105,7102.2,Electrical Fault,Warning
2023-01-21 01:00:00,Continuous_Caster_02,Continuous Caster,28384.2,545.0,Full Overhaul,8.484,107.1,712.6,160.7,28.9,77.9,82.9,366.1,0.728,0.792,232.3,495435,3,0.8608,4881.4,Bearing Failure,Critical
2023-01-21 06:00:00,Hot_Strip_Mill_02,Hot Strip Mill,13163.3,1372.0,Lubrication,3.798,99.2,928.7,193.0,83.6,105.9,77.5,525.7,1.732,0.891,400.2,208408,3,0.3387,24875.9,Normal,Normal
2023-01-21 09:00:00,Pickling_Line_03,Pickling Line,8172.9,1433.0,Lubrication,2.885,59.8,301.9,187.0,79.4,106.2,74.4,146.0,0.881,0.918,419.8,91589,1,0.2451,21139.0,Normal,Normal
2023-01-21 09:00:00,Hot_Strip_Mill_02,Hot Strip Mill,25746.3,1993.0,Bearing Replacement,7.691,100.7,1070.6,167.2,40.3,82.0,79.6,543.0,3.764,0.818,244.7,312469,1,0.7533,11451.2,Mechanical Wear,Normal
2023-01-21 09:00:00,Annealing_Furnace_03,Annealing Furnace,10729.7,1572.0,Seal Replacement,3.707,126.0,415.9,182.3,72.6,112.6,75.8,207.9,0.413,0.895,385.3,192936,3,0.3471,21100.5,Normal,Normal
2023-01-21 10:00:00,Hot_Strip_Mill_02,Hot Strip Mill,6243.8,1155.0,Seal Replacement,2.063,93.0,894.6,191.0,89.0,107.8,74.1,467.4,2.689,0.933,446.3,103650,0,0.179,32924.2,Normal,Normal
2023-01-21 10:00:00,Rolling_Mill_02,Rolling Mill,27549.8,981.0,Lubrication,7.478,97.2,1034.6,169.4,25.5,74.2,81.6,477.4,2.217,0.818,218.8,547818,8,0.8141,13355.9,Lubrication Failure,Normal
2023-01-21 12:00:00,Rolling_Mill_02,Rolling Mill,11007.8,113.0,Electrical Inspection,2.722,102.8,898.7,187.2,79.6,100.7,78.3,470.5,0.985,0.95,423.2,99312,1,0.2564,29066.4,Normal,Normal
2023-01-21 14:00:00,Hydraulic_Press_01,Hydraulic Press,32014.0,1890.0,Seal Replacement,7.954,82.2,247.5,165.0,32.4,73.7,85.3,134.0,0.88,0.816,198.6,389738,4,0.864,0.0,Thermal Degradation,Immediate Action
2023-01-21 15:00:00,Pickling_Line_02,Pickling Line,29682.6,82.0,Electrical Inspection,8.089,81.5,351.8,169.0,24.6,78.2,84.4,176.7,4.147,0.821,218.3,246694,3,0.8366,0.0,Electrical Fault,Immediate Action
2023-01-21 15:00:00,Pickling_Line_01,Pickling Line,29438.1,366.0,Seal Replacement,7.976,71.4,332.7,162.0,22.6,60.2,85.5,181.1,5.762,0.82,206.6,546251,2,0.8626,0.0,Bearing Failure,Immediate Action
2023-01-21 16:00:00,Continuous_Caster_02,Continuous Caster,27027.8,699.0,Bearing Replacement,6.456,110.7,696.1,171.8,40.4,93.8,82.2,354.8,6.154,0.846,286.3,325186,4,0.6932,6561.7,Lubrication Failure,Warning
2023-01-21 17:00:00,Rolling_Mill_01,Rolling Mill,30842.8,459.0,Alignment Check,8.526,107.8,1079.9,157.9,24.4,74.8,86.6,546.3,1.179,0.804,225.2,607313,6,0.8986,6679.0,Lubrication Failure,Warning
2023-01-21 18:00:00,Rolling_Mill_01,Rolling Mill,28220.6,970.0,Bearing Replacement,7.015,100.2,983.3,169.7,40.8,88.9,82.1,509.1,2.93,0.863,269.8,410888,4,0.7426,12989.2,Thermal Degradation,Normal
2023-01-21 21:00:00,Cold_Rolling_Mill_01,Cold Rolling Mill,21127.6,1848.0,Alignment Check,9.176,75.0,875.6,171.6,40.2,81.1,78.6,464.5,10.38,0.866,243.1,247175,3,0.7388,15290.3,Mechanical Wear,Normal
2023-01-22 00:00:00,Hydraulic_Press_03,Hydraulic Press,10424.2,1912.0,Lubrication,2.556,65.4,217.3,190.4,90.7,119.3,71.1,115.7,0.524,0.933,455.5,199744,0,0.189,10103.6,Normal,Normal
2023-01-22 02:00:00,Rolling_Mill_02,Rolling Mill,31098.5,572.0,Seal Replacement,9.117,105.5,1059.1,154.0,26.8,77.5,86.0,555.4,2.271,0.817,226.3,378301,5,0.8912,8017.7,Mechanical Wear,Warning
2023-01-22 03:00:00,Cold_Rolling_Mill_03,Cold Rolling Mill,29437.1,1819.0,Electrical Inspection,7.3,83.1,902.8,174.8,35.4,80.6,83.2,459.5,0.323,0.823,240.2,282646,8,0.7853,7066.6,Bearing Failure,Warning
2023-01-22 04:00:00,Annealing_Furnace_02,Annealing Furnace,1463.8,877.0,Electrical Inspection,0.896,115.6,393.9,202.2,88.8,119.8,74.1,193.6,0.564,0.99,535.4,24258,1,0.0217,30222.0,Normal,Normal
2023-01-22 04:00:00,Ladle_Crane_03,Ladle Crane,16603.5,1802.0,Bearing Replacement,4.961,61.7,363.2,174.2,63.4,89.1,85.1,176.6,2.022,0.863,372.8,248230,1,0.5202,32737.9,Normal,Normal
2023-01-22 08:00:00,Continuous_Caster_03,Continuous Caster,22385.2,1084.0,Lubrication,6.407,116.2,714.4,170.5,53.7,94.4,83.1,363.1,1.959,0.839,300.5,200391,2,0.6902,13637.3,Electrical Fault,Normal
2023-01-22 11:00:00,Pickling_Line_02,Pickling Line,1865.8,98.0,Lubrication,1.483,53.5,275.0,195.9,85.1,105.8,70.1,140.2,2.041,0.898,534.4,28855,1,0.0917,26008.3,Normal,Normal
2023-01-22 13:00:00,Continuous_Caster_01,Continuous Caster,32427.2,42.0,Bearing Replacement,8.016,108.7,748.1,164.1,35.3,75.8,83.8,391.7,3.261,0.85,223.4,404111,1,0.8731,1841.6,Bearing Failure,Critical
2023-01-22 15:00:00,Pickling_Line_02,Pickling Line,33660.9,308.0,Seal Replacement,8.568,70.0,335.8,168.0,30.2,71.9,87.9,180.0,0.917,0.781,199.3,319617,1,0.9254,0.0,Lubrication Failure,Immediate Action
2023-01-22 19:00:00,Ladle_Crane_02,Ladle Crane,6713.2,1046.0,Electrical Inspection,2.88,46.9,343.4,194.2,93.9,104.4,75.0,173.1,0.087,0.902,466.8,104920,0,0.1746,43827.8,Normal,Normal
2023-01-22 20:00:00,Pickling_Line_03,Pickling Line,23706.0,943.0,Seal Replacement,6.331,60.7,330.9,173.8,42.5,82.6,80.2,154.6,3.833,0.847,273.0,266195,0,0.6739,5184.0,Mechanical Wear,Warning
2023-01-23 01:00:00,Annealing_Furnace_03,Annealing Furnace,3320.2,25.0,Bearing Replacement,2.731,121.9,394.6,190.5,93.4,119.8,70.9,177.5,0.234,0.937,470.4,33323,0,0.085,27928.0,Normal,Normal
2023-01-23 03:00:00,Hot_Strip_Mill_02,Hot Strip Mill,25560.1,223.0,Lubrication,7.095,104.3,1060.6,176.8,32.9,79.0,84.6,565.2,4.669,0.834,232.6,233233,8,0.7667,13225.3,Lubrication Failure,Normal
2023-01-23 06:00:00,Pickling_Line_03,Pickling Line,23868.6,1614.0,Alignment Check,6.272,66.0,324.3,180.5,47.4,85.8,80.8,162.2,3.668,0.839,282.6,368736,4,0.6513,4760.8,Electrical Fault,Warning
2023-01-23 06:00:00,Continuous_Caster_03,Continuous Caster,12220.3,839.0,Lubrication,3.637,102.4,634.6,178.0,70.8,107.5,76.1,340.5,3.547,0.899,412.0,156619,0,0.3609,21789.7,Normal,Normal
2023-01-23 11:00:00,Continuous_Caster_02,Continuous Caster,13113.4,1082.0,Bearing Replacement,3.851,95.2,654.6,177.7,81.4,103.2,76.5,343.4,0.965,0.868,393.8,258409,3,0.329,21921.2,Normal,Normal
2023-01-23 11:00:00,Cold_Rolling_Mill_02,Cold Rolling Mill,5180.3,1376.0,Alignment Check,1.827,61.1,783.0,204.8,94.1,119.1,76.4,404.9,1.318,0.927,481.4,62456,0,0.1072,31109.0,Normal,Normal
2023-01-23 12:00:00,Rolling_Mill_02,Rolling Mill,14273.2,910.0,Lubrication,4.492,98.4,927.0,185.1,65.9,98.1,77.9,477.5,0.096,0.863,354.5,219093,1,0.4243,24889.9,Normal,Normal
2023-01-23 13:00:00,Continuous_Caster_03,Continuous Caster,4032.3,759.0,Full Overhaul,1.497,93.1,603.7,193.2,91.3,116.1,76.4,320.1,4.265,0.95,478.8,37948,1,0.1056,31343.1,Normal,Normal
2023-01-23 16:00:00,Pickling_Line_01,Pickling Line,20233.2,1817.0,Lubrication,6.305,65.1,325.1,165.8,43.1,83.4,81.5,172.9,1.586,0.836,297.4,389150,2,0.6821,7264.7,Electrical Fault,Warning
2023-01-23 17:00:00,Ladle_Crane_02,Ladle Crane,1529.2,1659.0,Full Overhaul,0.924,47.7,331.2,198.2,95.3,116.3,69.8,169.5,0.258,0.939,495.8,25824,1,0.0437,47850.3,Normal,Normal
2023-01-23 17:00:00,Hot_Strip_Mill_01,Hot Strip Mill,18503.5,399.0,Full Overhaul,5.203,95.8,972.4,180.8,57.4,97.1,79.5,526.0,0.295,0.897,326.3,306024,2,0.5381,17766.4,Normal,Normal
2023-01-23 18:00:00,Hot_Strip_Mill_01,Hot Strip Mill,31034.3,1629.0,Full Overhaul,8.341,106.8,1071.7,168.4,46.0,76.5,83.9,566.1,3.195,0.835,224.8,452240,1,0.7966,6085.5,Bearing Failure,Warning
2023-01-23 19:00:00,Rolling_Mill_01,Rolling Mill,29341.8,504.0,Alignment Check,7.814,102.2,996.2,167.1,40.3,76.0,80.3,533.0,1.11,0.818,256.7,433106,9,0.7714,10027.6,Lubrication Failure,Warning
2023-01-23 20:00:00,Blast_Furnace_Blower_03,Blast Furnace Blower,30909.1,78.0,Seal Replacement,7.597,89.3,549.8,163.3,28.7,77.2,82.3,274.2,1.865,0.82,227.0,412984,5,0.827,0.0,Electrical Fault,Immediate Action
2023-01-23 22:00:00,Hydraulic_Press_01,Hydraulic Press,32279.5,1575.0,Bearing Replacement,8.501,79.9,263.8,170.1,41.4,75.1,86.6,127.7,2.763,0.816,202.6,275917,2,0.8956,0.0,Mechanical Wear,Immediate Action
2023-01-23 23:00:00,Annealing_Furnace_03,Annealing Furnace,3748.0,307.0,Bearing Replacement,1.04,115.0,364.6,197.1,100.0,113.4,71.5,186.1,1.108,0.957,493.6,33154,0,0.033,27668.4,Normal,Normal
2023-01-24 03:00:00,Continuous_Caster_03,Continuous Caster,4593.3,565.0,Bearing Replacement,1.14,93.3,616.7,198.9,99.0,123.5,74.8,316.3,1.438,0.939,524.1,47323,0,0.0735,30234.1,Normal,Normal
2023-01-24 03:00:00,Hot_Strip_Mill_01,Hot Strip Mill,19539.5,1533.0,Alignment Check,5.667,104.1,1057.0,179.1,51.6,91.4,78.1,519.9,1.243,0.844,301.4,200435,1,0.5915,20382.9,Lubrication Failure,Normal
2023-01-24 04:00:00,Hydraulic_Press_02,Hydraulic Press,31299.6,970.0,Alignment Check,7.936,85.4,248.5,159.7,35.9,73.4,83.1,125.0,5.915,0.845,267.0,271881,2,0.8513,0.0,Bearing Failure,Immediate Action
2023-01-24 04:00:00,Rolling_Mill_03,Rolling Mill,34104.8,1385.0,Full Overhaul,9.096,104.7,1081.3,160.6,23.7,74.0,88.0,507.0,3.709,0.781,168.0,476103,4,0.9724,5250.9,Electrical Fault,Critical
2023-01-24 04:00:00,Cold_Rolling_Mill_02,Cold Rolling Mill,1714.5,59.0,Full Overhaul,1.273,59.1,742.4,203.4,86.9,120.8,73.4,383.8,1.098,0.95,518.6,24186,0,0.0786,32471.4,Normal,Normal
2023-01-24 07:00:00,Hydraulic_Press_01,Hydraulic Press,12516.5,671.0,Full Overhaul,4.757,73.4,235.0,185.3,69.9,94.3,74.7,122.1,3.15,0.895,374.6,190160,3,0.4049,6971.1,Normal,Normal
2023-01-24 08:00:00,Annealing_Furnace_03,Annealing Furnace,7530.0,710.0,Lubrication,2.633,121.3,415.2,193.0,75.3,111.0,76.0,197.5,1.044,0.914,420.9,131375,2,0.2298,23612.8,Normal,Normal
2023-01-24 09:00:00,Continuous_Caster_01,Continuous Caster,26483.2,489.0,Alignment Check,7.167,111.2,702.5,166.9,39.5,78.7,86.5,367.9,2.5,0.814,290.7,509336,2,0.7743,10593.6,Thermal Degradation,Normal
2023-01-24 12:00:00,Cold_Rolling_Mill_01,Cold Rolling Mill,22442.8,751.0,Electrical Inspection,6.48,76.8,873.4,177.8,46.7,87.9,82.0,441.9,2.417,0.794,266.6,434866,2,0.6901,12640.9,Electrical Fault,Normal
2023-01-24 12:00:00,Annealing_Furnace_02,Annealing Furnace,4284.1,730.0,Electrical Inspection,2.135,121.0,406.3,204.0,84.0,123.2,73.0,195.1,0.488,0.897,483.5,80525,1,0.1431,27764.9,Normal,Normal
2023-01-24 18:00:00,Rolling_Mill_03,Rolling Mill,16974.9,1888.0,Lubrication,5.369,92.5,903.7,174.6,57.6,89.4,82.1,485.4,1.473,0.877,328.8,286861,3,0.5368,23470.0,Normal,Normal
2023-01-24 19:00:00,Cold_Rolling_Mill_01,Cold Rolling Mill,24021.9,1698.0,Electrical Inspection,5.83,69.6,869.6,180.8,56.6,92.4,79.5,425.5,3.675,0.871,302.9,385428,5,0.5792,13173.2,Mechanical Wear,Normal
2023-01-24 20:00:00,Cold_Rolling_Mill_02,Cold Rolling Mill,27287.3,1643.0,Electrical Inspection,7.195,79.9,935.9,162.1,35.4,71.2,84.7,480.6,3.883,0.864,231.6,256787,4,0.7755,8721.4,Bearing Failure,Warning
2023-01-24 20:00:00,Blast_Furnace_Blower_01,Blast Furnace Blower,799.8,7.0,Alignment Check,0.837,86.7,412.6,202.0,100.0,128.6,71.8,231.2,1.043,0.947,496.4,12698,0,0.0256,28740.9,Normal,Normal
2023-01-24 20:00:00,Cold_Rolling_Mill_02,Cold Rolling Mill,31177.4,731.0,Seal Replacement,8.173,80.3,940.2,166.8,35.6,65.2,83.2,456.8,4.117,0.818,206.0,308112,2,0.8849,4200.0,Lubrication Failure,Critical
2023-01-24 22:00:00,Blast_Furnace_Blower_03,Blast Furnace Blower,19967.9,312.0,Electrical Inspection,5.464,86.2,526.0,171.2,58.1,92.0,79.5,258.1,0.481,0.849,312.4,338392,3,0.5767,10352.8,Bearing Failure,Normal
2023-01-25 03:00:00,Rolling_Mill_01,Rolling Mill,28435.6,612.0,Lubrication,7.585,96.9,1016.9,172.9,35.1,85.5,79.4,520.4,7.455,0.824,229.1,282767,6,0.792,10743.2,Bearing Failure,Warning
2023-01-25 04:00:00,Blast_Furnace_Blower_02,Blast Furnace Blower,28297.0,337.0,Full Overhaul,7.827,87.8,550.9,161.1,39.4,77.2,86.3,282.8,2.378,0.823,206.6,457789,10,0.8479,709.2,Electrical Fault,Immediate Action
2023-01-25 05:00:00,Blast_Furnace_Blower_01,Blast Furnace Blower,6725.9,146.0,Seal Replacement,2.024,80.0,471.9,203.0,90.5,109.9,75.8,238.2,3.466,0.958,450.8,59638,2,0.1654,22814.7,Normal,Normal
2023-01-25 07:00:00,Hot_Strip_Mill_03,Hot Strip Mill,3945.0,1106.0,Electrical Inspection,1.46,88.9,908.2,196.6,91.0,114.3,74.0,457.0,0.516,0.942,467.8,46397,0,0.1018,32545.1,Normal,Normal
2023-01-25 08:00:00,Blast_Furnace_Blower_02,Blast Furnace Blower,25272.9,1520.0,Lubrication,7.432,95.0,556.1,167.5,33.4,78.7,82.7,276.8,4.133,0.823,236.1,315663,2,0.7943,6392.6,Lubrication Failure,Warning
2023-01-25 09:00:00,Rolling_Mill_01,Rolling Mill,5559.3,984.0,Bearing Replacement,2.848,87.1,897.5,187.7,85.2,100.6,76.9,458.0,0.742,0.903,432.9,65399,1,0.2241,35156.6,Normal,Normal
2023-01-25 12:00:00,Ladle_Crane_02,Ladle Crane,29762.8,574.0,Bearing Replacement,8.337,67.9,392.4,168.7,36.8,64.8,86.1,197.9,4.788,0.778,211.5,349095,7,0.8582,22668.4,Bearing Failure,Normal
2023-01-25 13:00:00,Hydraulic_Press_01,Hydraulic Press,25444.0,202.0,Alignment Check,6.898,77.3,240.4,173.9,50.1,90.9,84.0,132.2,2.97,0.819,262.8,366120,5,0.6951,0.0,Bearing Failure,Immediate Action
2023-01-25 19:00:00,Annealing_Furnace_01,Annealing Furnace,29479.7,1721.0,Alignment Check,7.256,139.7,425.6,170.3,42.2,77.9,84.2,240.6,4.014,0.829,235.8,527191,2,0.7606,3983.9,Lubrication Failure,Critical
2023-01-25 20:00:00,Hot_Strip_Mill_03,Hot Strip Mill,11149.3,304.0,Alignment Check,3.822,100.3,1026.8,184.9,75.3,96.5,76.7,517.7,0.51,0.881,452.6,99024,1,0.344,27678.6,Normal,Normal
2023-01-25 20:00:00,Annealing_Furnace_01,Annealing Furnace,10535.5,1278.0,Seal Replacement,3.102,128.6,394.5,184.5,74.7,105.2,75.9,205.2,0.005,0.906,414.6,194697,3,0.2944,21817.2,Normal,Normal
2023-01-25 21:00:00,Pickling_Line_02,Pickling Line,23525.6,594.0,Alignment Check,5.919,67.4,329.9,170.9,44.8,86.6,77.5,169.3,4.388,0.877,299.5,242513,3,0.6361,2682.0,Mechanical Wear,Critical
2023-01-25 21:00:00,Hydraulic_Press_03,Hydraulic Press,1197.5,1567.0,Bearing Replacement,1.273,63.0,209.1,190.0,98.7,122.3,70.1,107.7,1.202,0.96,531.7,14024,0,0.0345,18253.9,Normal,Normal
2023-01-25 23:00:00,Ladle_Crane_01,Ladle Crane,25454.7,1521.0,Lubrication,6.988,63.2,382.3,170.9,52.2,81.9,83.5,203.3,3.589,0.852,253.6,412499,8,0.7099,24600.7,Bearing Failure,Normal
2023-01-26 00:00:00,Rolling_Mill_03,Rolling Mill,29268.8,1328.0,Alignment Check,7.209,107.2,1020.2,164.4,35.0,88.9,86.3,535.1,2.036,0.86,238.7,375496,2,0.7501,10804.6,Bearing Failure,Warning
2023-01-26 02:00:00,Blast_Furnace_Blower_01,Blast Furnace Blower,14589.2,186.0,Bearing Replacement,4.124,79.4,473.2,193.2,63.4,99.6,80.0,262.6,0.81,0.911,381.1,200183,3,0.4227,15342.0,Normal,Normal
2023-01-26 03:00:00,Hydraulic_Press_01,Hydraulic Press,26794.3,1290.0,Bearing Replacement,8.971,82.6,256.7,177.9,41.7,80.8,83.3,124.8,0.212,0.822,236.6,466573,2,0.7873,0.0,Lubrication Failure,Immediate Action
2023-01-26 04:00:00,Annealing_Furnace_02,Annealing Furnace,11346.9,1220.0,Lubrication,4.339,128.8,411.3,174.7,75.3,101.1,79.4,207.4,4.701,0.887,371.4,170764,1,0.4048,21483.6,Normal,Normal
2023-01-26 04:00:00,Hot_Strip_Mill_01,Hot Strip Mill,6193.9,1221.0,Electrical Inspection,2.496,95.6,890.1,194.4,80.8,112.3,73.1,473.7,0.817,0.913,470.3,97262,1,0.1849,32369.5,Normal,Normal
2023-01-26 07:00:00,Hot_Strip_Mill_01,Hot Strip Mill,34103.2,1646.0,Lubrication,8.665,114.9,1089.2,164.0,28.2,75.0,86.7,554.0,3.05,0.798,166.2,510174,4,0.9583,4659.4,Thermal Degradation,Critical
2023-01-26 09:00:00,Annealing_Furnace_01,Annealing Furnace,34522.9,237.0,Lubrication,8.866,136.2,474.1,160.3,27.8,70.8,84.9,232.4,13.192,0.772,173.9,358776,1,0.9663,0.0,Electrical Fault,Immediate Action
2023-01-26 14:00:00,Cold_Rolling_Mill_02,Cold Rolling Mill,17989.9,53.0,Alignment Check,5.817,76.8,871.4,180.7,55.9,84.4,81.8,455.7,2.207,0.866,304.1,167819,5,0.6223,19319.3,Mechanical Wear,Normal
2023-01-26 14:00:00,Hydraulic_Press_01,Hydraulic Press,32706.0,462.0,Alignment Check,8.047,81.3,236.8,170.2,23.8,82.8,86.6,133.3,5.272,0.82,209.3,389846,2,0.872,0.0,Mechanical Wear,Immediate Action
2023-01-26 15:00:00,Hot_Strip_Mill_02,Hot Strip Mill,18343.3,220.0,Full Overhaul,4.945,90.5,1044.2,176.5,55.1,100.3,76.2,490.3,0.383,0.899,332.3,315893,1,0.4931,22029.8,Normal,Normal
2023-01-26 15:00:00,Rolling_Mill_02,Rolling Mill,10276.4,1527.0,Lubrication,3.782,85.4,917.8,185.7,81.7,106.2,76.5,464.2,5.358,0.875,442.5,187431,1,0.3117,31354.8,Normal,Normal
2023-01-26 15:00:00,Rolling_Mill_01,Rolling Mill,9414.8,157.0,Electrical Inspection,3.364,91.6,943.7,184.8,72.4,108.5,79.4,457.4,4.196,0.918,408.1,165408,2,0.3253,29616.9,Normal,Normal
2023-01-26 15:00:00,Hot_Strip_Mill_01,Hot Strip Mill,32539.7,727.0,Bearing Replacement,9.093,114.4,1120.6,158.9,21.5,65.1,88.7,563.0,5.921,0.845,173.2,321937,8,0.9764,5907.8,Lubrication Failure,Warning
2023-01-26 15:00:00,Hydraulic_Press_03,Hydraulic Press,6118.4,1797.0,Bearing Replacement,1.598,71.8,217.6,187.2,93.7,108.8,73.8,111.9,2.418,0.915,469.9,116412,0,0.1228,12776.1,Normal,Normal
2023-01-26 16:00:00,Ladle_Crane_03,Ladle Crane,20329.2,1795.0,Bearing Replacement,6.26,58.7,359.2,175.4,47.8,89.6,79.9,190.1,5.416,0.84,287.2,257182,2,0.6622,27159.5,Lubrication Failure,Normal
2023-01-26 18:00:00,Continuous_Caster_02,Continuous Caster,19487.8,716.0,Lubrication,6.313,102.0,673.0,177.2,59.0,84.5,77.9,363.4,1.701,0.867,309.5,351792,3,0.58,14987.7,Thermal Degradation,Normal
2023-01-26 19:00:00,Continuous_Caster_02,Continuous Caster,25912.8,1210.0,Lubrication,6.858,104.2,701.0,170.4,46.9,94.0,84.3,356.3,1.089,0.854,262.6,402003,1,0.6994,8168.0,Lubrication Failure,Warning
2023-01-26 22:00:00,Annealing_Furnace_03,Annealing Furnace,17523.6,394.0,Seal Replacement,4.68,131.0,432.0,182.8,61.9,93.4,77.9,198.8,0.04,0.838,347.5,307025,5,0.4639,14002.8,Normal,Normal
2023-01-27 01:00:00,Pickling_Line_02,Pickling Line,9602.8,155.0,Alignment Check,2.949,60.4,295.7,190.5,77.3,98.7,77.4,152.1,0.561,0.926,407.0,80313,1,0.2779,18673.2,Normal,Normal
2023-01-27 02:00:00,Blast_Furnace_Blower_03,Blast Furnace Blower,6011.9,1529.0,Seal Replacement,3.018,84.5,471.7,194.7,78.9,102.3,78.5,246.5,0.063,0.872,430.9,79456,1,0.2794,25090.8,Normal,Normal
2023-01-27 03:00:00,Blast_Furnace_Blower_03,Blast Furnace Blower,21766.6,15.0,Seal Replacement,5.928,86.3,509.0,179.2,51.3,83.9,80.0,266.2,1.238,0.871,311.4,332515,5,0.6325,9288.0,Thermal Degradation,Normal
2023-01-27 04:00:00,Rolling_Mill_03,Rolling Mill,25192.8,1658.0,Full Overhaul,7.66,98.5,1034.9,172.1,37.9,79.2,83.7,534.4,8.438,0.788,237.1,313351,4,0.827,15303.1,Thermal Degradation,Normal
2023-01-27 06:00:00,Cold_Rolling_Mill_01,Cold Rolling Mill,19976.3,674.0,Seal Replacement,5.774,71.2,863.2,170.9,51.7,90.7,83.5,436.7,4.272,0.844,297.3,349040,3,0.6147,14849.6,Electrical Fault,Normal
2023-01-27 10:00:00,Hot_Strip_Mill_01,Hot Strip Mill,25868.5,265.0,Electrical Inspection,6.722,103.5,1028.3,167.4,45.5,81.6,81.8,537.4,2.347,0.868,268.2,431574,4,0.676,11496.1,Bearing Failure,Normal
2023-01-27 12:00:00,Hot_Strip_Mill_01,Hot Strip Mill,5039.1,1011.0,Lubrication,2.347,86.2,943.0,196.2,82.0,109.3,76.4,479.9,2.476,0.904,490.7,63884,0,0.2143,33687.3,Normal,Normal
2023-01-27 15:00:00,Rolling_Mill_03,Rolling Mill,30898.2,1945.0,Alignment Check,7.666,103.6,1008.4,175.1,31.0,74.2,83.9,546.1,0.671,0.846,237.0,409936,1,0.8356,8110.5,Electrical Fault,Warning
2023-01-27 17:00:00,Cold_Rolling_Mill_02,Cold Rolling Mill,20425.6,1471.0,Full Overhaul,5.552,71.6,831.6,182.1,63.8,97.5,78.0,434.2,2.364,0.868,336.4,283853,3,0.5528,14206.1,Electrical Fault,Normal
2023-01-27 19:00:00,Pickling_Line_03,Pickling Line,4526.9,1520.0,Electrical Inspection,2.415,61.7,276.6,195.9,84.2,107.5,75.2,141.6,0.405,0.931,469.5,65826,0,0.1431,23886.7,Normal,Normal
2023-01-27 20:00:00,Pickling_Line_01,Pickling Line,16221.2,814.0,Bearing Replacement,5.43,67.4,300.9,181.6,56.7,104.4,82.0,156.5,0.732,0.871,344.9,187833,2,0.462,11738.2,Normal,Normal
2023-01-28 00:00:00,Pickling_Line_03,Pickling Line,29583.2,900.0,Seal Replacement,8.607,77.1,341.9,178.7,33.3,75.2,86.2,176.6,2.512,0.797,192.6,317987,4,0.8899,0.0,Thermal Degradation,Immediate Action
2023-01-28 01:00:00,Rolling_Mill_01,Rolling Mill,31424.9,1687.0,Seal Replacement,8.416,110.2,994.4,167.2,28.6,77.3,87.1,520.3,6.846,0.848,179.3,293911,6,0.9229,9906.8,Bearing Failure,Warning
2023-01-28 02:00:00,Pickling_Line_03,Pickling Line,9336.3,168.0,Lubrication,2.818,60.8,291.2,188.6,89.5,101.0,77.2,145.5,1.036,0.913,428.2,90411,4,0.2609,19578.3,Normal,Normal
2023-01-28 04:00:00,Cold_Rolling_Mill_02,Cold Rolling Mill,24923.2,110.0,Electrical Inspection,7.889,67.1,914.0,178.0,35.8,79.0,87.3,463.7,0.916,0.8,225.0,339239,6,0.797,13000.4,Electrical Fault,Normal
2023-01-28 06:00:00,Ladle_Crane_02,Ladle Crane,3589.5,1379.0,Electrical Inspection,1.83,50.0,335.7,205.5,93.5,125.8,72.6,174.6,1.451,0.95,481.8,57336,0,0.0788,45433.4,Normal,Normal
2023-01-28 06:00:00,Hot_Strip_Mill_02,Hot Strip Mill,1270.8,545.0,Alignment Check,0.807,94.8,910.0,192.8,95.9,117.3,67.6,463.6,0.576,0.92,534.3,20320,0,0.0,37219.1,Normal,Normal
2023-01-28 10:00:00,Blast_Furnace_Blower_02,Blast Furnace Blower,19657.9,1999.0,Alignment Check,5.584,85.8,526.8,170.5,53.7,92.6,83.3,263.4,1.816,0.86,302.2,264948,3,0.5848,10359.2,Electrical Fault,Normal
2023-01-28 11:00:00,Continuous_Caster_01,Continuous Caster,24349.5,1989.0,Alignment Check,6.482,100.8,704.6,171.2,35.7,83.2,79.5,350.9,0.027,0.819,263.0,375602,2,0.6948,11005.7,Lubrication Failure,Normal
2023-01-28 12:00:00,Continuous_Caster_03,Continuous Caster,27873.0,1286.0,Alignment Check,7.947,115.3,702.3,174.0,25.9,77.2,83.2,355.3,5.556,0.81,242.2,543745,4,0.8086,5935.9,Thermal Degradation,Warning
2023-01-28 13:00:00,Blast_Furnace_Blower_02,Blast Furnace Blower,11973.5,926.0,Seal Replacement,3.791,82.5,501.9,181.9,67.0,107.1,76.1,260.2,2.686,0.896,382.1,236925,2,0.379,16764.2,Normal,Normal
2023-01-28 14:00:00,Cold_Rolling_Mill_02,Cold Rolling Mill,327.7,16.0,Seal Replacement,0.826,54.7,761.0,194.9,100.0,127.0,70.4,386.8,0.359,0.954,516.5,5944,0,0.0001,35628.8,Normal,Normal
2023-01-28 17:00:00,Hydraulic_Press_03,Hydraulic Press,16835.2,1204.0,Electrical Inspection,6.411,75.4,236.7,181.1,51.2,81.9,82.4,125.4,3.24,0.838,301.9,319406,3,0.5739,2659.3,Lubrication Failure,Critical
2023-01-28 18:00:00,Rolling_Mill_03,Rolling Mill,653.3,179.0,Electrical Inspection,1.138,85.6,840.9,189.1,94.6,115.7,73.9,425.2,0.793,0.948,495.6,6292,0,0.0319,40472.6,Normal,Normal
2023-01-28 19:00:00,Hot_Strip_Mill_01,Hot Strip Mill,3310.3,1808.0,Bearing Replacement,1.202,90.4,915.0,195.4,86.7,111.2,71.4,445.5,3.297,0.905,484.0,37555,2,0.0721,32979.0,Normal,Normal
2023-01-28 21:00:00,Hydraulic_Press_03,Hydraulic Press,11501.4,229.0,Seal Replacement,3.643,70.1,235.9,180.3,74.5,103.7,79.8,111.0,2.787,0.919,444.8,223677,0,0.3581,7647.6,Normal,Normal
2023-01-28 22:00:00,Annealing_Furnace_01,Annealing Furnace,15357.3,199.0,Seal Replacement,4.223,132.5,417.0,182.6,61.7,100.5,78.0,216.1,2.446,0.885,348.8,146865,1,0.4345,16242.7,Normal,Normal
2023-01-28 23:00:00,Rolling_Mill_03,Rolling Mill,9853.5,1440.0,Electrical Inspection,3.289,96.1,833.5,183.8,85.3,101.8,80.0,437.9,2.127,0.906,438.1,182243,2,0.2872,28300.8,Normal,Normal
2023-01-29 02:00:00,Annealing_Furnace_01,Annealing Furnace,20407.1,306.0,Alignment Check,5.205,138.3,435.1,178.1,57.4,90.8,79.2,222.8,3.007,0.854,318.0,270813,2,0.5278,13201.9,Normal,Normal
2023-01-29 05:00:00,Hydraulic_Press_02,Hydraulic Press,2031.7,1172.0,Alignment Check,0.641,61.2,203.5,201.8,94.1,120.5,71.2,105.2,0.219,0.933,550.0,40024,0,0.0084,17858.5,Normal,Normal
2023-01-29 06:00:00,Hot_Strip_Mill_03,Hot Strip Mill,5145.8,1591.0,Lubrication,2.278,99.2,957.0,192.6,72.5,108.7,74.3,476.4,2.788,0.937,434.3,85413,1,0.2001,32167.0,Normal,Normal
2023-01-29 07:00:00,Electric_Arc_Furnace_02,Electric Arc Furnace,24364.5,4.0,Electrical Inspection,5.895,123.5,1405.0,171.9,43.1,93.0,79.7,712.3,0.384,0.862,284.8,293457,3,0.6344,986.5,Electrical Fault,Immediate Action
2023-01-29 08:00:00,Hot_Strip_Mill_03,Hot Strip Mill,5060.7,305.0,Seal Replacement,2.828,94.3,972.7,192.8,88.6,109.4,75.2,470.3,2.173,0.948,486.9,47655,0,0.1385,33946.9,Normal,Normal
2023-01-29 08:00:00,Rolling_Mill_02,Rolling Mill,22428.2,356.0,Bearing Replacement,6.613,103.0,987.1,185.0,35.6,89.8,80.5,529.9,0.063,0.837,278.9,243717,5,0.6571,17820.2,Bearing Failure,Normal
2023-01-29 08:00:00,Pickling_Line_01,Pickling Line,2008.5,1108.0,Seal Replacement,1.739,57.4,293.1,199.3,85.8,112.5,73.4,145.3,0.581,0.926,476.1,33041,0,0.128,25934.3,Normal,Normal
2023-01-29 09:00:00,Hot_Strip_Mill_01,Hot Strip Mill,6291.6,1721.0,Alignment Check,2.69,91.6,972.7,192.2,78.9,110.8,79.2,480.4,0.869,0.913,447.0,121989,0,0.2177,32427.6,Normal,Normal
2023-01-29 09:00:00,Rolling_Mill_03,Rolling Mill,14317.6,1597.0,Full Overhaul,4.649,92.0,935.2,183.4,66.5,106.2,78.7,471.5,1.974,0.898,382.8,169705,3,0.385,24502.2,Normal,Normal
2023-01-29 14:00:00,Hydraulic_Press_02,Hydraulic Press,3926.3,126.0,Seal Replacement,1.82,62.5,193.2,198.0,88.6,107.8,72.3,106.8,2.223,0.943,497.5,56608,0,0.1062,16923.7,Normal,Normal
2023-01-29 15:00:00,Blast_Furnace_Blower_03,Blast Furnace Blower,19889.4,1017.0,Seal Replacement,4.746,81.7,492.5,177.8,60.9,92.0,77.8,245.3,1.009,0.869,346.4,284342,0,0.4593,9912.8,Normal,Normal
2023-01-29 15:00:00,Continuous_Caster_01,Continuous Caster,32498.9,1739.0,Seal Replacement,8.836,114.3,735.2,162.8,21.6,68.4,84.7,390.1,5.947,0.786,215.6,574769,2,0.9308,1609.9,Mechanical Wear,Immediate Action
2023-01-29 15:00:00,Rolling_Mill_01,Rolling Mill,2012.1,142.0,Electrical Inspection,1.016,85.9,862.7,192.5,100.0,116.1,73.7,399.4,0.45,0.95,550.0,35345,0,0.0541,38205.7,Normal,Normal
2023-01-29 17:00:00,Continuous_Caster_01,Continuous Caster,14812.2,52.0,Lubrication,4.526,102.4,644.8,177.3,61.4,96.2,77.7,335.6,0.224,0.854,366.8,240615,0,0.4445,20190.5,Normal,Normal
2023-01-29 18:00:00,Rolling_Mill_01,Rolling Mill,24793.0,94.0,Seal Replacement,6.816,97.1,1001.3,177.3,32.8,86.8,80.4,500.0,2.363,0.889,280.0,481605,3,0.6762,13747.4,Mechanical Wear,Normal
2023-01-29 19:00:00,Electric_Arc_Furnace_02,Electric Arc Furnace,16247.8,1863.0,Seal Replacement,4.224,123.0,1363.0,187.5,56.8,105.3,78.8,643.2,2.22,0.878,428.9,243023,2,0.4374,8375.2,Normal,Normal
2023-01-29 20:00:00,Cold_Rolling_Mill_03,Cold Rolling Mill,28246.7,798.0,Seal Replacement,7.91,78.0,897.0,171.1,33.6,79.6,86.2,489.3,1.799,0.812,198.4,531203,6,0.8671,9684.9,Lubrication Failure,Warning
2023-01-29 20:00:00,Hot_Strip_Mill_01,Hot Strip Mill,6369.6,120.0,Seal Replacement,1.989,89.3,910.9,193.0,89.0,110.7,73.5,468.2,0.663,0.93,451.9,86914,0,0.1652,30094.2,Normal,Normal
2023-01-29 21:00:00,Cold_Rolling_Mill_02,Cold Rolling Mill,33589.8,1992.0,Seal Replacement,7.949,77.5,920.9,163.0,28.3,73.6,85.2,478.4,9.846,0.829,203.0,575850,7,0.864,1664.3,Thermal Degradation,Immediate Action
2023-01-30 02:00:00,Pickling_Line_03,Pickling Line,13542.2,1909.0,Bearing Replacement,4.058,65.7,310.1,183.6,60.0,104.4,78.7,160.2,2.387,0.878,357.7,146378,1,0.4114,13660.9,Normal,Normal
2023-01-30 03:00:00,Blast_Furnace_Blower_02,Blast Furnace Blower,12020.8,836.0,Alignment Check,4.08,86.6,496.6,175.6,72.6,104.0,77.8,250.8,1.813,0.896,404.7,218846,4,0.3866,17204.9,Normal,Normal
2023-01-30 05:00:00,Blast_Furnace_Blower_01,Blast Furnace Blower,30623.7,206.0,Electrical Inspection,8.404,95.6,533.6,170.2,18.7,83.5,86.4,301.2,0.359,0.802,187.2,374632,4,0.9177,0.0,Lubrication Failure,Immediate Action
2023-01-30 10:00:00,Rolling_Mill_03,Rolling Mill,19779.0,1487.0,Electrical Inspection,5.094,99.1,1033.3,165.1,59.1,97.3,78.3,500.6,1.838,0.894,315.9,330539,2,0.5343,20759.1,Normal,Normal
2023-01-30 13:00:00,Hot_Strip_Mill_02,Hot Strip Mill,18123.9,120.0,Seal Replacement,5.61,102.4,949.9,184.2,56.4,93.4,77.7,526.3,1.802,0.889,328.4,215106,2,0.5178,21367.9,Normal,Normal
2023-01-30 15:00:00,Rolling_Mill_01,Rolling Mill,25471.5,1255.0,Alignment Check,7.268,92.1,1032.4,164.9,42.2,87.0,81.7,537.2,2.35,0.827,245.5,495135,6,0.7543,14772.5,Bearing Failure,Normal
2023-01-30 16:00:00,Hot_Strip_Mill_01,Hot Strip Mill,20336.2,1523.0,Bearing Replacement,5.933,101.9,1022.2,174.8,47.1,97.5,76.8,534.9,4.966,0.847,282.5,209228,2,0.6292,16883.6,Electrical Fault,Normal
2023-01-30 16:00:00,Ladle_Crane_03,Ladle Crane,5771.8,425.0,Full Overhaul,2.249,48.4,364.2,188.1,92.1,107.9,72.5,168.6,1.607,0.91,448.7,82680,3,0.19,46538.1,Normal,Normal
2023-01-30 17:00:00,Annealing_Furnace_03,Annealing Furnace,23629.5,1887.0,Full Overhaul,6.973,142.4,452.8,167.3,33.7,80.5,84.1,237.1,1.004,0.842,252.3,300915,3,0.7139,6384.7,Bearing Failure,Warning
2023-01-30 20:00:00,Cold_Rolling_Mill_01,Cold Rolling Mill,4758.1,1992.0,Bearing Replacement,1.814,65.0,792.6,183.8,94.9,109.8,74.8,379.8,0.687,0.945,469.8,68600,1,0.0993,31969.3,Normal,Normal
2023-01-30 21:00:00,Pickling_Line_01,Pickling Line,28224.4,718.0,Alignment Check,6.439,67.7,332.6,166.0,42.9,84.7,79.8,166.1,4.127,0.86,283.5,303936,3,0.6919,0.0,Electrical Fault,Immediate Action
2023-01-30 21:00:00,Pickling_Line_02,Pickling Line,34641.8,1927.0,Full Overhaul,9.827,71.9,329.5,164.6,16.5,67.4,83.6,176.0,2.114,0.802,157.2,486514,9,1.0,0.0,Thermal Degradation,Immediate Action
2023-01-30 23:00:00,Pickling_Line_01,Pickling Line,13270.8,463.0,Electrical Inspection,3.782,60.3,304.2,180.6,79.7,103.0,77.0,149.3,3.475,0.904,404.6,127163,5,0.3319,15202.2,Normal,Normal
2023-01-30 23:00:00,Electric_Arc_Furnace_02,Electric Arc Furnace,15622.0,1604.0,Full Overhaul,4.804,115.5,1344.3,176.2,59.9,97.0,79.6,681.8,1.283,0.883,351.5,168296,1,0.4378,8174.0,Normal,Normal
2023-01-30 23:00:00,Hydraulic_Press_03,Hydraulic Press,1720.5,1482.0,Alignment Check,1.308,75.5,217.7,195.9,94.0,118.2,71.8,116.2,0.17,0.955,483.7,27637,1,0.0896,18364.5,Normal,Normal
2023-01-31 01:00:00,Continuous_Caster_03,Continuous Caster,579.3,83.0,Seal Replacement,0.698,95.3,624.0,187.6,99.2,123.7,71.1,292.6,0.43,0.941,495.9,7893,0,0.0179,34650.1,Normal,Normal
2023-01-31 02:00:00,Continuous_Caster_03,Continuous Caster,32257.5,518.0,Alignment Check,8.742,117.4,747.6,160.0,17.3,73.8,87.9,387.9,3.206,0.845,166.0,450407,7,0.9568,4277.9,Lubrication Failure,Critical
2023-01-31 03:00:00,Electric_Arc_Furnace_01,Electric Arc Furnace,4589.0,769.0,Lubrication,2.678,117.1,1305.1,191.1,83.8,108.4,79.2,655.8,2.216,0.939,427.1,88016,0,0.2539,22447.4,Normal,Normal
2023-01-31 05:00:00,Cold_Rolling_Mill_01,Cold Rolling Mill,15657.7,29.0,Bearing Replacement,4.566,72.1,821.9,182.9,72.1,97.1,77.9,418.5,3.639,0.873,363.9,165666,1,0.4749,18665.1,Normal,Normal
2023-01-31 06:00:00,Pickling_Line_01,Pickling Line,28555.9,1895.0,Lubrication,7.172,67.1,319.7,163.6,45.7,76.7,84.8,176.0,5.016,0.831,251.5,417517,3,0.7795,634.5,Mechanical Wear,Immediate Action
2023-01-31 07:00:00,Blast_Furnace_Blower_02,Blast Furnace Blower,31137.2,425.0,Alignment Check,7.821,96.7,529.5,173.3,36.6,82.2,84.2,269.8,1.278,0.767,243.6,447699,3,0.8173,0.0,Electrical Fault,Immediate Action
2023-01-31 10:00:00,Annealing_Furnace_03,Annealing Furnace,18227.0,1850.0,Bearing Replacement,5.223,130.7,424.2,182.9,54.5,93.3,82.5,214.2,3.615,0.842,319.1,243186,2,0.5546,12996.8,Thermal Degradation,Normal
2023-01-31 11:00:00,Annealing_Furnace_03,Annealing Furnace,19819.6,880.0,Bearing Replacement,5.374,137.4,423.7,168.5,58.5,80.1,78.3,221.2,0.591,0.855,324.2,355964,5,0.5704,12534.7,Lubrication Failure,Normal
2023-01-31 14:00:00,Rolling_Mill_02,Rolling Mill,23472.0,255.0,Bearing Replacement,6.48,98.7,946.7,179.5,56.7,91.6,81.1,481.8,6.554,0.851,291.1,347441,4,0.6017,14965.3,Lubrication Failure,Normal
2023-01-31 17:00:00,Cold_Rolling_Mill_03,Cold Rolling Mill,33652.2,856.0,Alignment Check,9.026,87.0,916.0,160.8,20.5,69.4,85.7,465.8,6.467,0.81,186.0,600525,4,1.0,1005.7,Mechanical Wear,Immediate Action
2023-01-31 17:00:00,Hydraulic_Press_03,Hydraulic Press,21133.2,1226.0,Electrical Inspection,6.171,80.2,240.8,176.9,36.9,90.7,81.5,117.6,3.548,0.869,284.3,387166,2,0.64,0.0,Mechanical Wear,Immediate Action
2023-01-31 19:00:00,Rolling_Mill_01,Rolling Mill,19625.7,949.0,Electrical Inspection,5.57,95.5,943.0,174.5,47.4,94.8,82.2,489.5,1.029,0.833,345.4,173781,4,0.5602,21029.6,Mechanical Wear,Normal
2023-01-31 23:00:00,Hydraulic_Press_01,Hydraulic Press,607.2,636.0,Bearing Replacement,2.532,73.2,232.8,188.5,92.2,120.1,73.9,118.0,2.278,0.908,472.9,11691,1,0.1267,19589.0,Normal,Normal
2023-02-01 01:00:00,Electric_Arc_Furnace_03,Electric Arc Furnace,2925.1,1629.0,Seal Replacement,2.335,113.2,1190.0,193.9,90.8,109.7,72.5,649.8,0.842,0.903,455.0,50188,1,0.1347,21464.1,Normal,Normal
2023-02-01 02:00:00,Rolling_Mill_01,Rolling Mill,20243.3,1912.0,Full Overhaul,5.17,97.7,973.6,180.7,55.4,85.9,81.8,462.0,8.515,0.842,325.8,279599,4,0.5288,21585.0,Normal,Normal
2023-02-01 04:00:00,Continuous_Caster_02,Continuous Caster,32774.8,191.0,Alignment Check,9.813,115.3,739.5,162.2,21.8,77.3,87.9,374.8,8.906,0.8,184.4,584681,5,0.9951,1529.1,Lubrication Failure,Immediate Action
2023-02-01 08:00:00,Hydraulic_Press_01,Hydraulic Press,30347.5,1099.0,Seal Replacement,8.148,80.4,259.6,166.5,22.3,81.1,85.7,130.8,2.981,0.837,197.6,326497,3,0.8798,0.0,Bearing Failure,Immediate Action
2023-02-01 10:00:00,Hydraulic_Press_02,Hydraulic Press,34392.0,637.0,Electrical Inspection,9.333,84.4,261.0,154.6,19.1,66.7,84.6,137.2,0.374,0.826,154.0,613310,5,1.0,0.0,Lubrication Failure,Immediate Action
2023-02-01 10:00:00,Hot_Strip_Mill_01,Hot Strip Mill,18521.4,1494.0,Alignment Check,5.489,104.4,1052.6,183.8,52.2,88.9,81.6,529.8,1.885,0.887,298.6,271812,4,0.5763,18707.5,Mechanical Wear,Normal
2023-02-01 11:00:00,Cold_Rolling_Mill_01,Cold Rolling Mill,27598.8,1270.0,Alignment Check,7.712,80.1,893.4,173.5,25.2,79.8,82.9,462.9,1.441,0.791,238.9,367913,6,0.8128,8277.0,Thermal Degradation,Warning
2023-02-01 13:00:00,Continuous_Caster_01,Continuous Caster,29430.0,55.0,Bearing Replacement,8.061,104.2,730.9,166.7,31.5,77.1,83.0,372.3,0.112,0.811,207.6,437061,4,0.8622,4253.6,Electrical Fault,Critical
2023-02-01 15:00:00,Rolling_Mill_03,Rolling Mill,22716.3,1270.0,Electrical Inspection,5.792,98.1,919.0,171.7,45.2,86.1,79.0,473.5,3.226,0.865,297.5,377052,2,0.5896,17543.8,Lubrication Failure,Normal
2023-02-01 16:00:00,Hot_Strip_Mill_02,Hot Strip Mill,11922.4,1449.0,Full Overhaul,3.522,96.0,933.8,188.7,79.2,108.0,77.9,476.9,3.174,0.918,408.1,135059,0,0.315,26112.5,Normal,Normal
2023-02-01 22:00:00,Hot_Strip_Mill_02,Hot Strip Mill,16502.2,1541.0,Lubrication,4.653,94.2,966.5,178.6,63.1,96.9,80.1,502.5,2.824,0.827,334.4,151322,3,0.4819,22099.0,Normal,Normal
2023-02-01 23:00:00,Ladle_Crane_03,Ladle Crane,30041.3,1782.0,Lubrication,7.32,64.2,397.7,166.6,33.5,73.5,83.9,184.8,0.813,0.816,249.4,567230,6,0.7897,21277.4,Thermal Degradation,Normal
2023-02-02 01:00:00,Hydraulic_Press_01,Hydraulic Press,10519.3,1891.0,Seal Replacement,3.653,78.7,232.9,190.4,69.0,104.1,72.5,111.3,0.138,0.931,404.1,204140,0,0.3239,9550.0,Normal,Normal
2023-02-02 05:00:00,Hydraulic_Press_03,Hydraulic Press,32338.6,534.0,Alignment Check,8.091,88.7,257.8,162.4,22.1,78.8,87.5,138.4,6.459,0.815,195.3,501126,3,0.8868,0.0,Bearing Failure,Immediate Action
2023-02-02 05:00:00,Hydraulic_Press_02,Hydraulic Press,8120.2,1323.0,Bearing Replacement,2.432,59.9,227.7,198.6,80.6,106.6,76.9,110.4,2.632,0.946,467.2,114721,2,0.2123,12439.2,Normal,Normal
2023-02-02 08:00:00,Electric_Arc_Furnace_02,Electric Arc Furnace,26258.1,1114.0,Electrical Inspection,7.508,127.0,1399.2,171.7,41.0,79.5,82.7,749.3,2.46,0.846,241.4,227053,3,0.7858,0.0,Lubrication Failure,Immediate Action
2023-02-02 11:00:00,Cold_Rolling_Mill_03,Cold Rolling Mill,22106.5,1643.0,Seal Replacement,6.465,69.5,896.7,180.9,50.0,90.5,83.8,467.5,3.561,0.847,291.4,287137,3,0.6038,11847.9,Electrical Fault,Normal
2023-02-02 12:00:00,Continuous_Caster_03,Continuous Caster,26261.0,76.0,Seal Replacement,7.101,108.7,717.8,164.6,37.2,71.8,81.6,387.4,5.8,0.844,254.5,317325,4,0.7738,9064.1,Lubrication Failure,Warning
2023-02-02 15:00:00,Rolling_Mill_03,Rolling Mill,15363.4,819.0,Seal Replacement,4.511,92.9,938.7,179.1,58.8,96.7,78.9,462.0,5.085,0.905,351.4,193589,3,0.4462,25098.7,Normal,Normal
2023-02-02 18:00:00,Hydraulic_Press_01,Hydraulic Press,32649.2,685.0,Full Overhaul,8.005,73.7,262.6,158.6,27.1,77.7,85.4,134.0,3.166,0.811,221.9,543029,5,0.8799,0.0,Electrical Fault,Immediate Action
2023-02-02 19:00:00,Blast_Furnace_Blower_03,Blast Furnace Blower,22173.3,1306.0,Alignment Check,6.403,80.3,539.1,179.5,44.7,86.7,82.6,278.4,3.712,0.834,273.1,273507,1,0.6776,7648.7,Thermal Degradation,Warning
2023-02-02 20:00:00,Continuous_Caster_02,Continuous Caster,10161.5,836.0,Seal Replacement,3.422,102.1,625.0,200.9,73.7,109.9,74.3,320.9,4.886,0.879,383.6,177759,1,0.337,24213.4,Normal,Normal
2023-02-02 21:00:00,Pickling_Line_03,Pickling Line,22382.1,787.0,Bearing Replacement,6.67,69.8,335.5,175.0,44.0,89.2,79.2,171.5,2.438,0.864,278.8,445162,6,0.6888,5967.5,Electrical Fault,Warning
2023-02-02 22:00:00,Hydraulic_Press_02,Hydraulic Press,10109.9,751.0,Full Overhaul,4.191,71.9,229.1,185.9,71.5,98.7,77.6,116.7,0.003,0.91,372.9,147156,1,0.3842,9974.1,Normal,Normal
2023-02-03 00:00:00,Hot_Strip_Mill_02,Hot Strip Mill,10347.8,1652.0,Lubrication,2.924,90.5,969.4,186.6,81.3,105.8,74.4,496.1,0.717,0.891,460.6,117252,0,0.2751,26616.8,Normal,Normal
2023-02-03 06:00:00,Electric_Arc_Furnace_02,Electric Arc Furnace,14046.0,967.0,Lubrication,3.457,114.5,1276.3,195.9,83.3,106.6,77.2,660.2,1.03,0.879,429.1,273816,3,0.3038,12167.5,Normal,Normal
2023-02-03 09:00:00,Cold_Rolling_Mill_03,Cold Rolling Mill,29849.8,799.0,Lubrication,7.648,82.2,879.1,167.0,35.5,65.7,84.6,481.6,2.026,0.815,221.7,500925,5,0.82,5431.1,Thermal Degradation,Warning
2023-02-03 10:00:00,Rolling_Mill_03,Rolling Mill,17560.4,1732.0,Alignment Check,5.272,94.5,932.3,174.8,58.1,84.6,82.9,480.5,2.43,0.863,308.1,187857,1,0.5497,19191.8,Normal,Normal
2023-02-03 12:00:00,Hydraulic_Press_01,Hydraulic Press,23793.6,4.0,Bearing Replacement,6.466,76.5,241.6,165.6,43.3,86.0,84.7,127.3,0.128,0.863,278.9,474267,7,0.6757,0.0,Thermal Degradation,Immediate Action
2023-02-03 12:00:00,Rolling_Mill_01,Rolling Mill,13779.7,638.0,Alignment Check,3.393,96.4,929.9,181.8,81.8,112.8,77.0,494.5,2.062,0.933,407.5,111932,1,0.3235,27457.5,Normal,Normal
2023-02-03 15:00:00,Cold_Rolling_Mill_02,Cold Rolling Mill,9299.8,1348.0,Bearing Replacement,2.121,62.8,789.8,193.1,83.1,109.9,77.7,403.6,3.356,0.909,459.4,138678,1,0.1815,26477.1,Normal,Normal
2023-02-03 16:00:00,Hydraulic_Press_02,Hydraulic Press,33416.9,209.0,Full Overhaul,9.424,87.7,263.8,150.8,23.0,75.1,87.4,139.7,14.087,0.833,158.6,541814,7,1.0,0.0,Lubrication Failure,Immediate Action
2023-02-03 16:00:00,Cold_Rolling_Mill_03,Cold Rolling Mill,21165.0,1159.0,Lubrication,6.378,74.5,887.0,168.5,46.7,81.1,81.4,430.0,1.793,0.833,280.8,215651,1,0.6351,13724.7,Electrical Fault,Normal
2023-02-03 17:00:00,Pickling_Line_02,Pickling Line,32694.9,898.0,Full Overhaul,8.712,69.6,343.2,171.9,26.5,72.2,89.1,167.1,0.471,0.826,198.1,281695,2,0.9093,0.0,Electrical Fault,Immediate Action
2023-02-03 18:00:00,Rolling_Mill_01,Rolling Mill,7199.1,1338.0,Lubrication,3.193,87.0,962.0,192.2,76.1,101.3,74.6,461.6,0.028,0.93,408.4,58231,0,0.2998,32110.5,Normal,Normal
2023-02-03 21:00:00,Rolling_Mill_03,Rolling Mill,5226.6,1062.0,Lubrication,2.951,85.2,919.5,187.1,67.7,107.4,73.1,479.8,2.064,0.888,504.1,99894,0,0.2818,34459.3,Normal,Normal
2023-02-03 23:00:00,Hot_Strip_Mill_03,Hot Strip Mill,29968.2,389.0,Alignment Check,8.768,104.1,1077.6,168.4,28.4,79.0,85.2,565.9,7.293,0.792,199.3,449328,4,0.908,8594.8,Lubrication Failure,Warning
2023-02-04 00:00:00,Annealing_Furnace_01,Annealing Furnace,23864.0,265.0,Lubrication,6.736,137.7,433.1,167.4,42.0,82.9,83.2,228.5,0.541,0.846,252.2,239910,1,0.7196,8259.3,Lubrication Failure,Warning
2023-02-04 00:00:00,Ladle_Crane_01,Ladle Crane,6611.6,613.0,Alignment Check,2.744,46.0,340.4,195.3,79.4,107.3,76.5,164.9,2.654,0.94,433.6,101739,0,0.2153,43653.0,Normal,Normal
2023-02-04 02:00:00,Annealing_Furnace_02,Annealing Furnace,28043.2,420.0,Full Overhaul,8.581,136.9,452.2,173.9,24.9,86.0,85.2,239.1,0.956,0.833,221.7,350096,6,0.8992,4783.2,Lubrication Failure,Critical
2023-02-04 02:00:00,Pickling_Line_01,Pickling Line,9500.7,1885.0,Lubrication,3.681,60.7,300.2,185.6,69.8,111.1,74.4,150.0,0.876,0.899,405.2,76291,0,0.3142,19994.0,Normal,Normal
2023-02-04 05:00:00,Rolling_Mill_03,Rolling Mill,15940.0,922.0,Alignment Check,4.106,94.7,932.4,178.0,62.1,97.5,75.7,494.7,2.572,0.902,370.7,274411,3,0.4068,24987.4,Normal,Normal
2023-02-04 07:00:00,Blast_Furnace_Blower_02,Blast Furnace Blower,23501.9,1900.0,Bearing Replacement,6.898,82.6,516.2,181.5,45.1,86.8,81.2,281.6,0.915,0.822,303.1,216128,6,0.6545,4866.3,Electrical Fault,Warning
2023-02-04 08:00:00,Electric_Arc_Furnace_02,Electric Arc Furnace,11210.5,404.0,Lubrication,3.526,120.8,1279.4,186.6,71.2,105.4,79.4,640.0,4.113,0.902,392.1,170902,4,0.3179,13225.7,Normal,Normal
2023-02-04 16:00:00,Pickling_Line_03,Pickling Line,13404.9,489.0,Seal Replacement,4.257,69.0,320.2,174.1,65.3,101.4,78.5,150.0,0.386,0.908,365.5,158025,2,0.4117,13253.6,Normal,Normal
2023-02-04 18:00:00,Hot_Strip_Mill_03,Hot Strip Mill,34675.9,956.0,Electrical Inspection,9.359,109.9,1144.4,161.5,23.8,71.2,85.1,573.9,3.344,0.782,164.6,318418,7,1.0,2447.4,Lubrication Failure,Critical
2023-02-04 19:00:00,Electric_Arc_Furnace_03,Electric Arc Furnace,8741.8,210.0,Bearing Replacement,2.812,106.4,1318.8,192.7,73.8,96.4,72.1,648.3,2.576,0.895,405.8,156441,2,0.2704,16854.3,Normal,Normal
2023-02-04 21:00:00,Pickling_Line_01,Pickling Line,17775.3,160.0,Bearing Replacement,5.231,62.3,332.2,185.9,54.0,95.2,79.3,165.0,4.286,0.892,339.8,259152,1,0.5391,9894.7,Normal,Normal
2023-02-04 22:00:00,Pickling_Line_02,Pickling Line,29569.6,605.0,Full Overhaul,8.608,73.8,342.6,168.7,30.3,85.8,85.1,171.4,0.935,0.815,228.2,517310,6,0.8787,0.0,Bearing Failure,Immediate Action
2023-02-05 04:00:00,Rolling_Mill_02,Rolling Mill,8448.9,286.0,Electrical Inspection,2.614,91.3,908.0,185.6,75.7,99.8,75.6,498.4,1.913,0.922,422.9,165782,0,0.2426,32382.9,Normal,Normal
2023-02-05 05:00:00,Annealing_Furnace_03,Annealing Furnace,14591.0,853.0,Full Overhaul,4.027,126.9,421.4,189.3,72.1,92.2,75.3,209.9,4.002,0.856,424.8,148868,1,0.3961,17457.5,Normal,Normal
2023-02-05 07:00:00,Ladle_Crane_01,Ladle Crane,21566.7,217.0,Bearing Replacement,5.925,61.8,380.2,175.5,45.6,82.6,81.7,190.3,1.127,0.868,309.3,207973,2,0.6199,30077.4,Lubrication Failure,Normal
2023-02-05 08:00:00,Rolling_Mill_02,Rolling Mill,16893.5,1175.0,Lubrication,4.457,91.7,972.5,174.1,64.7,100.6,75.2,489.6,2.555,0.868,377.9,333988,4,0.45,24743.8,Normal,Normal
2023-02-05 17:00:00,Annealing_Furnace_02,Annealing Furnace,16136.6,985.0,Alignment Check,4.396,132.5,414.1,182.4,71.0,89.6,78.7,206.3,1.285,0.854,371.1,174269,2,0.4292,16299.6,Normal,Normal
2023-02-05 17:00:00,Hot_Strip_Mill_02,Hot Strip Mill,12751.6,1185.0,Alignment Check,5.425,97.7,955.2,178.8,64.5,106.6,77.4,521.3,3.145,0.888,400.3,167339,4,0.3827,25510.6,Normal,Normal
2023-02-05 18:00:00,Blast_Furnace_Blower_02,Blast Furnace Blower,20574.0,1802.0,Alignment Check,5.382,84.0,498.9,176.7,50.9,86.5,81.8,278.7,1.483,0.882,384.1,371069,3,0.5639,9996.1,Lubrication Failure,Normal
2023-02-05 19:00:00,Rolling_Mill_01,Rolling Mill,21890.6,690.0,Lubrication,6.967,102.3,1003.8,174.9,40.3,88.2,85.0,502.0,0.443,0.861,286.7,235637,2,0.7178,16421.5,Thermal Degradation,Normal
2023-02-05 21:00:00,Blast_Furnace_Blower_03,Blast Furnace Blower,22899.8,537.0,Full Overhaul,6.549,88.1,507.8,167.9,47.2,84.0,77.3,277.0,0.713,0.85,281.3,378711,0,0.6616,6994.4,Bearing Failure,Warning
2023-02-05 21:00:00,Ladle_Crane_02,Ladle Crane,2555.8,1148.0,Bearing Replacement,1.962,51.4,334.8,195.8,88.1,109.3,75.4,164.4,0.442,0.919,470.9,44580,0,0.141,47408.2,Normal,Normal
2023-02-06 00:00:00,Hot_Strip_Mill_01,Hot Strip Mill,33368.0,133.0,Alignment Check,8.342,104.1,1151.3,161.2,31.1,78.3,86.8,568.3,1.948,0.828,201.8,462118,4,0.8926,3732.0,Lubrication Failure,Critical
2023-02-06 00:00:00,Pickling_Line_01,Pickling Line,22123.1,494.0,Bearing Replacement,5.374,78.0,302.0,182.6,54.3,94.0,82.7,161.2,0.334,0.834,317.9,308766,2,0.5698,5567.2,Electrical Fault,Warning
2023-02-06 01:00:00,Blast_Furnace_Blower_01,Blast Furnace Blower,18980.4,118.0,Bearing Replacement,5.983,89.3,491.9,177.1,56.1,89.3,79.0,261.2,2.483,0.867,341.5,203934,3,0.5367,11917.8,Normal,Normal
2023-02-06 01:00:00,Hydraulic_Press_02,Hydraulic Press,25062.8,132.0,Seal Replacement,7.11,82.8,245.9,174.8,31.6,83.2,85.6,130.5,2.663,0.831,244.5,388755,6,0.7629,0.0,Lubrication Failure,Immediate Action
2023-02-06 03:00:00,Ladle_Crane_01,Ladle Crane,19530.0,475.0,Alignment Check,5.341,62.8,357.1,184.2,63.7,96.6,78.9,190.4,0.756,0.862,320.7,203318,8,0.5335,30861.5,Normal,Normal
2023-02-06 05:00:00,Pickling_Line_02,Pickling Line,29930.4,1460.0,Lubrication,8.687,75.7,351.8,160.2,34.1,68.1,82.6,174.1,3.12,0.84,203.3,333786,2,0.8501,0.0,Electrical Fault,Immediate Action
2023-02-06 05:00:00,Annealing_Furnace_02,Annealing Furnace,32542.5,308.0,Full Overhaul,9.308,145.9,473.0,155.6,15.2,70.7,86.7,245.5,1.376,0.817,158.9,493220,5,0.9798,0.0,Bearing Failure,Immediate Action
2023-02-06 06:00:00,Rolling_Mill_03,Rolling Mill,6529.3,516.0,Alignment Check,2.27,84.4,858.3,197.3,85.7,111.2,74.3,469.9,2.566,0.944,446.5,73976,0,0.1671,33004.2,Normal,Normal
2023-02-06 06:00:00,Hot_Strip_Mill_03,Hot Strip Mill,15346.4,1720.0,Full Overhaul,4.969,92.9,988.2,182.8,71.9,90.8,79.8,488.3,1.215,0.904,363.1,208187,5,0.4006,24205.5,Normal,Normal
2023-02-06 06:00:00,Annealing_Furnace_01,Annealing Furnace,13794.1,874.0,Lubrication,4.207,124.8,421.3,182.0,61.1,98.5,77.1,217.7,0.071,0.878,350.2,267665,3,0.4295,16774.8,Normal,Normal
2023-02-06 09:00:00,Pickling_Line_03,Pickling Line,14242.0,83.0,Full Overhaul,3.849,61.2,307.2,177.5,77.3,102.6,77.4,147.9,2.262,0.888,404.2,215576,0,0.3417,13801.0,Normal,Normal
2023-02-06 13:00:00,Electric_Arc_Furnace_01,Electric Arc Furnace,4480.8,495.0,Full Overhaul,1.586,117.7,1193.4,193.3,86.4,118.7,71.3,636.7,0.926,0.931,490.3,76220,0,0.1093,19966.0,Normal,Normal
2023-02-06 13:00:00,Hydraulic_Press_01,Hydraulic Press,28495.2,602.0,Full Overhaul,7.603,87.8,258.6,166.4,36.6,81.3,87.0,130.2,1.973,0.825,221.8,468335,1,0.8199,0.0,Electrical Fault,Immediate Action
2023-02-06 16:00:00,Annealing_Furnace_02,Annealing Furnace,1348.2,370.0,Full Overhaul,1.273,119.8,387.7,201.0,82.0,123.8,74.1,190.6,1.17,0.956,550.0,26200,1,0.065,31200.8,Normal,Normal
2023-02-06 18:00:00,Blast_Furnace_Blower_01,Blast Furnace Blower,18535.1,1934.0,Alignment Check,5.361,86.0,534.0,175.3,59.1,93.3,76.0,250.5,4.073,0.863,318.0,172044,3,0.5707,12029.7,Bearing Failure,Normal
2023-02-06 18:00:00,Annealing_Furnace_01,Annealing Furnace,23199.6,813.0,Full Overhaul,6.663,129.5,445.6,175.2,33.6,79.5,85.1,231.5,0.839,0.841,253.0,236739,1,0.7118,9785.6,Bearing Failure,Normal
2023-02-06 18:00:00,Continuous_Caster_01,Continuous Caster,7340.7,791.0,Bearing Replacement,2.209,99.2,627.8,191.4,90.4,108.0,75.2,317.0,1.15,0.928,441.0,119133,2,0.1946,27394.2,Normal,Normal
2023-02-06 21:00:00,Electric_Arc_Furnace_01,Electric Arc Furnace,31714.2,1955.0,Seal Replacement,8.654,128.3,1480.2,168.1,17.9,77.3,86.5,784.9,4.033,0.816,183.6,575803,1,0.954,0.0,Thermal Degradation,Immediate Action
2023-02-06 22:00:00,Rolling_Mill_01,Rolling Mill,16540.8,165.0,Alignment Check,5.31,99.9,975.6,177.1,59.8,98.3,76.4,513.5,0.104,0.866,344.9,161634,1,0.5087,24524.2,Normal,Normal
2023-02-06 22:00:00,Blast_Furnace_Blower_02,Blast Furnace Blower,14449.1,887.0,Alignment Check,3.807,84.2,483.0,181.1,74.6,105.1,78.6,245.2,2.705,0.874,366.8,233463,6,0.3811,14380.6,Normal,Normal
2023-02-06 22:00:00,Cold_Rolling_Mill_02,Cold Rolling Mill,29365.4,1098.0,Electrical Inspection,7.97,76.5,940.2,165.4,40.3,80.9,88.6,457.1,0.8,0.805,259.8,497983,4,0.8643,7203.4,Electrical Fault,Warning
2023-02-06 23:00:00,Electric_Arc_Furnace_02,Electric Arc Furnace,8356.2,1309.0,Bearing Replacement,3.039,110.2,1377.9,183.9,77.3,108.0,75.4,626.1,0.647,0.897,426.9,129840,0,0.272,16879.4,Normal,Normal
2023-02-07 00:00:00,Hot_Strip_Mill_01,Hot Strip Mill,25576.8,1140.0,Bearing Replacement,7.061,94.3,1045.4,172.6,34.5,84.6,81.0,561.0,1.788,0.865,268.2,369410,4,0.7231,11972.7,Mechanical Wear,Normal
2023-02-07 01:00:00,Electric_Arc_Furnace_02,Electric Arc Furnace,4697.9,1690.0,Alignment Check,1.744,114.9,1222.1,204.3,84.4,112.4,76.7,613.2,2.693,0.944,491.8,69382,0,0.1366,20367.5,Normal,Normal
2023-02-07 01:00:00,Ladle_Crane_03,Ladle Crane,23840.3,1926.0,Bearing Replacement,7.134,59.7,384.4,176.4,47.2,90.7,80.6,203.2,2.284,0.859,261.5,364416,8,0.6894,25624.7,Thermal Degradation,Normal
2023-02-07 01:00:00,Cold_Rolling_Mill_01,Cold Rolling Mill,29501.7,117.0,Bearing Replacement,9.167,80.5,924.2,164.1,38.6,74.2,85.0,460.0,8.087,0.823,200.9,300095,6,0.9486,5717.7,Mechanical Wear,Warning
2023-02-07 02:00:00,Pickling_Line_02,Pickling Line,8073.7,511.0,Full Overhaul,2.159,59.6,283.9,186.4,92.4,100.7,75.4,146.8,0.116,0.873,477.0,96799,2,0.1849,19070.8,Normal,Normal
2023-02-07 04:00:00,Electric_Arc_Furnace_03,Electric Arc Furnace,30338.3,1799.0,Electrical Inspection,9.744,123.9,1522.2,157.0,26.3,75.6,88.3,799.9,3.338,0.807,208.2,465650,9,0.9263,0.0,Electrical Fault,Immediate Action
2023-02-07 05:00:00,Hydraulic_Press_01,Hydraulic Press,1263.0,1744.0,Electrical Inspection,1.746,66.4,228.3,200.4,96.1,119.2,73.0,108.8,0.403,0.937,472.9,11307,1,0.1076,18952.1,Normal,Normal
2023-02-07 08:00:00,Rolling_Mill_02,Rolling Mill,31956.3,32.0,Full Overhaul,8.713,102.9,1026.7,164.1,24.7,68.0,87.9,531.6,2.143,0.789,189.5,527973,3,0.9543,7320.1,Thermal Degradation,Warning
2023-02-07 09:00:00,Rolling_Mill_02,Rolling Mill,4230.8,1155.0,Alignment Check,1.643,86.6,901.2,193.1,91.3,112.6,76.8,438.2,1.08,0.904,501.1,71696,1,0.0941,37196.9,Normal,Normal
2023-02-07 13:00:00,Pickling_Line_02,Pickling Line,22637.0,639.0,Full Overhaul,7.048,73.1,327.1,162.2,41.8,83.5,86.5,170.3,1.357,0.834,302.6,220162,2,0.7316,7428.1,Electrical Fault,Warning
2023-02-07 13:00:00,Pickling_Line_01,Pickling Line,8827.9,1061.0,Electrical Inspection,2.782,57.4,279.0,189.6,78.3,115.2,78.0,156.0,5.055,0.927,425.7,100716,1,0.2356,19519.1,Normal,Normal
2023-02-07 16:00:00,Cold_Rolling_Mill_01,Cold Rolling Mill,29295.7,440.0,Bearing Replacement,8.28,72.8,928.0,160.7,30.6,74.8,87.5,499.2,1.118,0.837,199.7,315604,3,0.8714,6659.8,Electrical Fault,Warning
2023-02-07 18:00:00,Annealing_Furnace_01,Annealing Furnace,17979.3,1411.0,Full Overhaul,5.012,135.8,408.0,176.6,60.2,92.5,81.8,218.0,5.804,0.845,346.4,189125,1,0.5197,13144.9,Normal,Normal
2023-02-07 21:00:00,Annealing_Furnace_02,Annealing Furnace,4819.9,663.0,Bearing Replacement,2.672,119.5,383.0,188.8,90.1,116.5,71.1,194.9,1.421,0.938,460.3,59767,0,0.1193,27535.3,Normal,Normal
2023-02-07 22:00:00,Hydraulic_Press_03,Hydraulic Press,20027.6,1284.0,Bearing Replacement,6.182,81.6,239.7,180.1,49.6,91.1,81.8,122.1,5.697,0.833,306.7,341571,0,0.5996,858.7,Lubrication Failure,Immediate Action
2023-02-08 00:00:00,Hydraulic_Press_02,Hydraulic Press,14335.1,151.0,Alignment Check,5.191,83.7,236.2,176.8,57.1,91.5,80.4,121.9,2.313,0.881,363.1,184645,3,0.5035,6834.0,Normal,Normal
2023-02-08 01:00:00,Pickling_Line_01,Pickling Line,23184.5,1926.0,Full Overhaul,6.247,74.5,336.4,175.5,44.6,86.5,83.3,171.4,1.682,0.833,268.7,334272,1,0.6752,5988.2,Lubrication Failure,Warning
2023-02-08 05:00:00,Annealing_Furnace_02,Annealing Furnace,30878.4,507.0,Full Overhaul,9.108,142.3,466.2,162.7,22.0,71.2,85.0,248.4,3.748,0.814,166.4,292477,6,0.9812,1931.2,Bearing Failure,Critical
2023-02-08 06:00:00,Annealing_Furnace_02,Annealing Furnace,14387.7,815.0,Alignment Check,4.284,127.2,434.1,181.0,65.4,106.2,79.2,202.8,1.113,0.895,394.1,221188,3,0.4019,18006.1,Normal,Normal
2023-02-08 07:00:00,Pickling_Line_01,Pickling Line,10216.8,762.0,Electrical Inspection,3.592,64.6,299.9,187.2,78.9,100.5,78.5,146.4,2.039,0.939,410.4,204229,1,0.2958,16902.3,Normal,Normal
2023-02-08 07:00:00,Hot_Strip_Mill_02,Hot Strip Mill,606.6,1192.0,Full Overhaul,1.377,89.9,870.7,208.8,91.8,120.4,72.6,473.4,0.372,0.949,503.9,10159,0,0.0,37279.7,Normal,Normal
2023-02-08 07:00:00,Cold_Rolling_Mill_02,Cold Rolling Mill,20161.9,212.0,Lubrication,5.902,76.6,866.2,172.9,57.2,95.4,78.1,417.3,3.649,0.876,309.9,278617,8,0.5482,15605.0,Normal,Normal
2023-02-08 08:00:00,Ladle_Crane_01,Ladle Crane,14139.4,668.0,Alignment Check,3.997,55.4,368.7,180.1,73.4,105.7,76.7,175.8,0.567,0.904,378.7,193086,2,0.3931,35720.8,Normal,Normal
2023-02-08 08:00:00,Continuous_Caster_03,Continuous Caster,13175.3,1761.0,Bearing Replacement,4.24,103.7,645.7,175.1,80.0,99.0,78.2,355.1,1.593,0.886,374.4,251254,1,0.36,21069.4,Normal,Normal
2023-02-08 10:00:00,Electric_Arc_Furnace_03,Electric Arc Furnace,6484.4,796.0,Bearing Replacement,1.667,112.9,1203.6,193.8,88.6,122.4,74.4,627.4,1.915,0.951,460.3,83611,0,0.1373,19084.0,Normal,Normal
2023-02-08 10:00:00,Pickling_Line_01,Pickling Line,15108.9,475.0,Alignment Check,3.975,60.9,302.7,173.8,71.7,91.9,75.0,157.2,1.451,0.939,381.2,252564,1,0.3936,12661.0,Normal,Normal
2023-02-08 11:00:00,Ladle_Crane_02,Ladle Crane,34457.0,1806.0,Seal Replacement,8.783,64.4,380.9,158.8,23.4,64.1,87.2,203.8,3.551,0.799,160.6,527869,7,0.9702,15010.4,Mechanical Wear,Normal
2023-02-08 12:00:00,Continuous_Caster_02,Continuous Caster,21029.7,833.0,Lubrication,5.761,104.5,651.0,182.6,56.7,85.5,77.9,358.9,2.882,0.824,378.8,189368,2,0.5261,14214.2,Normal,Normal
2023-02-08 12:00:00,Hydraulic_Press_01,Hydraulic Press,10491.6,1168.0,Bearing Replacement,4.196,73.4,230.8,176.6,76.3,103.1,75.2,118.1,3.173,0.879,414.8,162840,6,0.3591,9078.8,Normal,Normal
2023-02-08 14:00:00,Rolling_Mill_01,Rolling Mill,27199.4,1876.0,Bearing Replacement,6.309,99.7,1009.4,172.2,48.6,83.2,79.9,517.7,5.564,0.893,275.0,434902,0,0.673,14596.7,Electrical Fault,Normal
2023-02-08 17:00:00,Blast_Furnace_Blower_02,Blast Furnace Blower,26245.6,1396.0,Alignment Check,6.263,92.2,520.9,156.9,36.2,89.4,79.0,267.7,4.744,0.872,269.2,412168,5,0.6618,3745.2,Lubrication Failure,Critical
2023-02-08 19:00:00,Cold_Rolling_Mill_03,Cold Rolling Mill,11574.2,1339.0,Bearing Replacement,4.189,66.9,819.7,183.6,81.8,112.7,72.1,402.2,1.932,0.911,405.7,195606,0,0.2883,24730.1,Normal,Normal
2023-02-08 23:00:00,Hydraulic_Press_01,Hydraulic Press,21419.0,655.0,Seal Replacement,6.223,75.7,242.1,171.9,49.1,89.2,78.9,125.1,1.327,0.871,296.4,345480,3,0.6438,0.0,Bearing Failure,Immediate Action
2023-02-09 02:00:00,Ladle_Crane_03,Ladle Crane,30507.1,1119.0,Bearing Replacement,7.964,51.1,393.0,168.5,28.2,79.2,85.1,203.6,2.29,0.799,202.0,566151,5,0.8538,21298.0,Electrical Fault,Normal
2023-02-09 03:00:00,Ladle_Crane_03,Ladle Crane,639.1,939.0,Lubrication,0.708,49.9,310.5,204.3,100.0,123.4,72.4,146.3,0.112,0.976,538.5,12762,0,0.0,50242.5,Normal,Normal
2023-02-09 04:00:00,Continuous_Caster_02,Continuous Caster,15307.1,798.0,Full Overhaul,4.408,102.9,667.7,185.3,73.6,91.2,77.6,342.8,5.839,0.891,386.3,157538,2,0.4177,20265.9,Normal,Normal
2023-02-09 05:00:00,Continuous_Caster_01,Continuous Caster,13663.3,588.0,Bearing Replacement,4.321,105.8,676.0,184.7,60.8,98.3,78.6,336.2,5.466,0.887,377.7,157200,1,0.4335,20600.8,Normal,Normal
2023-02-09 05:00:00,Blast_Furnace_Blower_01,Blast Furnace Blower,7927.1,13.0,Full Overhaul,2.554,78.5,456.1,196.2,84.6,116.4,73.3,241.7,3.651,0.924,466.0,147934,1,0.1326,21530.1,Normal,Normal
2023-02-09 06:00:00,Continuous_Caster_03,Continuous Caster,14618.0,1959.0,Alignment Check,4.664,106.8,669.9,183.9,53.2,91.9,77.9,335.3,2.828,0.86,334.6,162901,0,0.4832,20530.4,Normal,Normal
2023-02-09 07:00:00,Electric_Arc_Furnace_01,Electric Arc Furnace,26158.8,1561.0,Full Overhaul,6.772,127.6,1458.9,170.8,37.0,78.7,81.5,710.1,1.496,0.825,307.0,279748,2,0.7306,0.0,Lubrication Failure,Immediate Action
2023-02-09 10:00:00,Cold_Rolling_Mill_02,Cold Rolling Mill,3374.4,1230.0,Electrical Inspection,1.362,66.0,763.2,194.9,87.1,114.6,74.0,356.8,0.376,0.91,478.5,49112,0,0.1007,31707.9,Normal,Normal
2023-02-09 10:00:00,Hydraulic_Press_03,Hydraulic Press,17989.2,834.0,Electrical Inspection,5.162,78.4,232.6,180.1,57.4,98.1,82.0,121.4,1.792,0.876,402.2,257663,3,0.5199,2432.8,Normal,Critical
2023-02-09 11:00:00,Electric_Arc_Furnace_03,Electric Arc Furnace,19790.4,154.0,Lubrication,5.646,107.8,1358.5,185.3,59.2,99.8,78.0,698.8,2.515,0.876,335.7,360309,2,0.512,5001.6,Normal,Warning
2023-02-09 11:00:00,Rolling_Mill_03,Rolling Mill,17346.1,1219.0,Bearing Replacement,4.9,96.0,1010.4,169.3,55.1,95.7,79.3,499.3,1.93,0.842,359.0,230155,2,0.4735,24006.7,Normal,Normal
2023-02-09 18:00:00,Blast_Furnace_Blower_02,Blast Furnace Blower,13494.3,1152.0,Full Overhaul,4.496,81.7,482.5,187.4,70.4,95.3,78.7,251.8,2.397,0.911,396.4,265723,1,0.3854,16376.2,Normal,Normal
2023-02-09 18:00:00,Pickling_Line_02,Pickling Line,25642.4,545.0,Full Overhaul,8.973,72.5,346.6,155.7,35.8,84.1,82.4,188.5,6.569,0.796,244.5,446232,3,0.8219,2311.1,Lubrication Failure,Critical
2023-02-09 20:00:00,Cold_Rolling_Mill_02,Cold Rolling Mill,33079.4,1894.0,Lubrication,8.832,81.0,929.2,157.3,24.6,70.0,91.4,498.5,1.756,0.82,192.0,341767,6,0.9563,1908.3,Electrical Fault,Critical
2023-02-09 21:00:00,Hot_Strip_Mill_01,Hot Strip Mill,16914.9,1572.0,Electrical Inspection,4.513,99.1,983.0,182.4,59.7,106.1,79.9,481.5,1.436,0.875,345.9,152302,0,0.4486,20141.3,Normal,Normal
2023-02-10 01:00:00,Electric_Arc_Furnace_01,Electric Arc Furnace,20035.4,1921.0,Bearing Replacement,5.48,118.7,1333.9,177.8,65.5,98.4,81.0,687.9,0.966,0.885,317.7,244383,3,0.5509,5953.0,Lubrication Failure,Warning
2023-02-10 04:00:00,Hot_Strip_Mill_03,Hot Strip Mill,28911.0,1675.0,Electrical Inspection,7.831,112.1,1093.5,176.5,34.5,73.1,85.7,584.1,2.722,0.787,215.2,563725,7,0.8583,9395.6,Lubrication Failure,Warning
2023-02-10 06:00:00,Hydraulic_Press_01,Hydraulic Press,9705.7,175.0,Lubrication,2.781,71.1,220.7,194.0,74.5,111.9,75.8,113.0,1.556,0.933,442.3,168822,0,0.2353,10527.8,Normal,Normal
2023-02-10 06:00:00,Ladle_Crane_01,Ladle Crane,2724.6,194.0,Bearing Replacement,2.037,48.9,322.7,198.7,79.3,109.2,73.8,174.8,0.622,0.875,454.5,36647,1,0.1588,49676.4,Normal,Normal
2023-02-10 06:00:00,Hydraulic_Press_03,Hydraulic Press,24801.7,1354.0,Lubrication,6.145,69.2,238.8,173.3,45.7,87.1,78.8,129.4,1.12,0.853,296.6,226115,2,0.6278,0.0,Mechanical Wear,Immediate Action
2023-02-10 08:00:00,Cold_Rolling_Mill_01,Cold Rolling Mill,16957.1,1313.0,Lubrication,4.599,77.6,836.1,177.9,64.2,97.1,78.8,451.5,5.597,0.902,352.5,195950,1,0.4528,19767.8,Normal,Normal
2023-02-10 08:00:00,Hot_Strip_Mill_02,Hot Strip Mill,31388.0,760.0,Full Overhaul,7.605,99.0,1069.5,162.9,41.4,72.2,84.2,574.5,2.838,0.834,237.0,585144,9,0.8228,4801.8,Bearing Failure,Critical
2023-02-10 09:00:00,Cold_Rolling_Mill_01,Cold Rolling Mill,14028.9,1428.0,Lubrication,4.028,70.8,809.1,186.7,60.3,106.9,78.5,433.2,4.014,0.886,385.4,222379,2,0.399,20734.4,Normal,Normal
2023-02-10 09:00:00,Hydraulic_Press_01,Hydraulic Press,14598.8,210.0,Alignment Check,3.989,79.6,234.1,184.3,69.2,99.1,79.2,113.5,0.046,0.888,395.5,224194,3,0.4028,5916.3,Normal,Warning
2023-02-10 09:00:00,Pickling_Line_03,Pickling Line,34395.5,107.0,Electrical Inspection,9.281,77.1,349.9,166.1,16.6,71.5,86.7,181.2,9.46,0.824,151.7,338724,8,1.0,0.0,Lubrication Failure,Immediate Action
2023-02-10 12:00:00,Annealing_Furnace_02,Annealing Furnace,14337.9,1271.0,Lubrication,4.488,124.7,413.0,191.4,63.3,95.8,79.3,230.6,1.037,0.91,349.9,168138,5,0.4295,15848.0,Normal,Normal
2023-02-10 12:00:00,Pickling_Line_02,Pickling Line,11426.9,96.0,Alignment Check,3.979,59.7,313.1,183.4,68.8,97.3,77.4,153.9,1.1,0.912,376.5,172382,1,0.3964,16379.8,Normal,Normal
2023-02-10 13:00:00,Annealing_Furnace_02,Annealing Furnace,27380.9,364.0,Bearing Replacement,7.901,139.1,452.0,164.4,35.7,69.5,84.7,235.1,4.556,0.823,228.2,461286,3,0.7931,3506.7,Electrical Fault,Critical
2023-02-10 14:00:00,Continuous_Caster_02,Continuous Caster,26589.0,1113.0,Bearing Replacement,7.51,113.9,683.9,165.6,33.3,67.0,82.7,377.1,8.101,0.835,225.4,231540,4,0.8168,7513.5,Lubrication Failure,Warning
2023-02-10 14:00:00,Annealing_Furnace_02,Annealing Furnace,16804.7,1195.0,Electrical Inspection,4.731,136.1,421.2,186.8,67.9,106.0,75.8,221.7,2.397,0.866,364.5,295185,1,0.4655,14522.6,Normal,Normal
2023-02-10 15:00:00,Cold_Rolling_Mill_03,Cold Rolling Mill,1658.7,1344.0,Electrical Inspection,0.754,64.3,761.4,193.1,100.0,117.8,71.0,393.6,0.001,0.975,529.9,22430,0,0.0,35766.0,Normal,Normal
2023-02-10 15:00:00,Hydraulic_Press_03,Hydraulic Press,10903.6,221.0,Alignment Check,3.313,70.1,223.5,186.8,75.2,99.2,76.9,111.9,2.723,0.901,397.2,116289,2,0.3231,8895.2,Normal,Normal
2023-02-10 16:00:00,Pickling_Line_02,Pickling Line,10301.4,889.0,Electrical Inspection,2.879,59.7,296.5,197.7,68.5,102.6,72.4,144.3,1.377,0.919,411.1,149073,2,0.2595,19149.6,Normal,Normal
2023-02-10 23:00:00,Blast_Furnace_Blower_03,Blast Furnace Blower,28406.9,268.0,Alignment Check,8.029,94.0,553.6,168.2,31.0,77.4,84.9,274.5,7.852,0.819,222.7,247358,1,0.8461,3336.0,Bearing Failure,Critical
2023-02-11 01:00:00,Ladle_Crane_03,Ladle Crane,3156.4,1873.0,Alignment Check,1.208,40.3,340.2,196.2,98.7,115.3,73.4,164.6,1.17,0.875,482.1,57130,0,0.0697,50014.1,Normal,Normal
2023-02-11 02:00:00,Cold_Rolling_Mill_03,Cold Rolling Mill,28218.1,1669.0,Full Overhaul,7.353,78.3,926.3,177.5,31.0,81.8,85.7,475.3,3.445,0.811,221.8,561712,2,0.802,7718.5,Lubrication Failure,Warning
2023-02-11 04:00:00,Rolling_Mill_01,Rolling Mill,23454.5,1130.0,Full Overhaul,5.53,98.7,971.4,179.4,54.2,85.6,81.1,506.6,5.247,0.836,312.2,378354,1,0.5581,16797.9,Bearing Failure,Normal
2023-02-11 05:00:00,Annealing_Furnace_02,Annealing Furnace,25662.2,861.0,Lubrication,6.755,131.3,455.4,162.9,41.6,85.8,80.3,234.0,2.463,0.847,262.9,303261,5,0.727,6700.6,Lubrication Failure,Warning
2023-02-11 06:00:00,Annealing_Furnace_02,Annealing Furnace,15184.2,650.0,Bearing Replacement,4.428,127.6,421.1,182.3,67.4,101.8,78.9,216.4,3.658,0.838,400.2,284144,2,0.4217,16463.0,Normal,Normal
2023-02-11 07:00:00,Rolling_Mill_01,Rolling Mill,23822.4,1571.0,Full Overhaul,7.328,91.8,968.7,176.5,38.8,81.6,83.1,537.9,2.158,0.845,246.3,279742,6,0.7388,16686.8,Thermal Degradation,Normal
2023-02-11 08:00:00,Electric_Arc_Furnace_03,Electric Arc Furnace,21355.1,1020.0,Seal Replacement,6.096,126.8,1441.7,174.7,49.8,91.4,82.6,738.1,1.142,0.831,300.1,263476,3,0.6537,2943.5,Lubrication Failure,Critical
2023-02-11 08:00:00,Rolling_Mill_02,Rolling Mill,26937.4,24.0,Electrical Inspection,7.225,102.1,1047.4,176.9,40.2,88.0,85.7,499.2,3.206,0.842,269.9,513611,1,0.7709,10812.0,Thermal Degradation,Warning
2023-02-11 08:00:00,Hydraulic_Press_03,Hydraulic Press,15692.3,1141.0,Bearing Replacement,3.795,67.1,218.7,180.0,66.1,100.3,76.1,118.5,1.655,0.896,374.8,242390,3,0.3668,4736.2,Normal,Warning
2023-02-11 12:00:00,Pickling_Line_01,Pickling Line,16601.6,1714.0,Alignment Check,4.645,59.8,308.4,181.5,59.9,97.1,78.2,162.4,4.581,0.88,341.8,208554,2,0.4523,11104.6,Normal,Normal
2023-02-11 13:00:00,Hot_Strip_Mill_01,Hot Strip Mill,22560.8,1213.0,Lubrication,6.596,102.3,1099.6,173.7,44.6,86.5,82.5,531.9,4.683,0.866,312.2,300166,7,0.7028,14325.8,Electrical Fault,Normal
2023-02-11 15:00:00,Annealing_Furnace_01,Annealing Furnace,3871.9,141.0,Bearing Replacement,1.519,125.4,392.1,189.7,99.3,118.2,72.6,201.8,2.919,0.955,466.8,62576,0,0.1007,27311.9,Normal,Normal
2023-02-11 17:00:00,Blast_Furnace_Blower_02,Blast Furnace Blower,15324.9,1181.0,Bearing Replacement,3.772,84.7,479.8,184.6,74.2,104.6,73.9,250.5,3.158,0.918,368.9,242652,2,0.3845,16038.7,Normal,Normal
2023-02-11 17:00:00,Electric_Arc_Furnace_01,Electric Arc Furnace,34021.1,1500.0,Lubrication,9.039,126.7,1543.9,162.1,17.2,73.4,88.7,797.6,10.558,0.785,160.5,420615,3,1.0,0.0,Lubrication Failure,Immediate Action
2023-02-11 19:00:00,Cold_Rolling_Mill_03,Cold Rolling Mill,1410.6,1477.0,Full Overhaul,0.753,57.6,752.6,193.7,96.0,123.7,67.8,355.6,1.627,0.927,507.0,13306,0,0.0,32945.3,Normal,Normal
2023-02-11 23:00:00,Rolling_Mill_01,Rolling Mill,11128.6,1083.0,Seal Replacement,3.228,91.5,949.4,180.1,73.1,105.3,77.3,446.6,0.67,0.924,470.4,145251,0,0.3123,27447.1,Normal,Normal
2023-02-12 00:00:00,Hot_Strip_Mill_01,Hot Strip Mill,11062.4,1506.0,Alignment Check,3.471,93.7,979.7,192.2,80.2,106.8,74.6,514.5,0.37,0.884,414.5,177436,4,0.344,26604.8,Normal,Normal
2023-02-12 00:00:00,Hydraulic_Press_02,Hydraulic Press,22207.9,236.0,Full Overhaul,6.065,75.7,230.1,174.9,48.7,91.7,79.6,128.6,1.377,0.825,296.7,248511,3,0.6408,0.0,Thermal Degradation,Immediate Action
2023-02-12 01:00:00,Blast_Furnace_Blower_01,Blast Furnace Blower,3792.4,523.0,Alignment Check,0.947,78.7,479.6,186.4,97.2,117.0,73.9,209.3,1.71,0.919,484.3,70582,0,0.0463,25492.5,Normal,Normal
2023-02-12 04:00:00,Continuous_Caster_02,Continuous Caster,22036.2,454.0,Electrical Inspection,5.475,101.8,667.5,173.3,49.2,97.4,83.2,350.4,1.855,0.866,301.4,266024,3,0.5831,12782.2,Bearing Failure,Normal
2023-02-12 05:00:00,Pickling_Line_01,Pickling Line,3416.9,697.0,Alignment Check,1.133,55.7,280.7,197.9,95.1,109.7,73.6,129.2,1.193,0.936,482.3,35728,0,0.0627,24679.3,Normal,Normal
2023-02-12 06:00:00,Hydraulic_Press_02,Hydraulic Press,3413.9,1273.0,Seal Replacement,1.716,66.9,224.7,183.2,81.5,113.9,73.5,117.7,1.062,0.951,458.2,44526,2,0.1368,16667.3,Normal,Normal
2023-02-12 06:00:00,Pickling_Line_02,Pickling Line,25513.6,1028.0,Seal Replacement,7.251,69.6,350.8,165.9,34.1,85.2,82.7,168.0,2.782,0.812,301.5,276872,3,0.7375,474.5,Lubrication Failure,Immediate Action
2023-02-12 07:00:00,Rolling_Mill_03,Rolling Mill,11412.3,934.0,Full Overhaul,3.126,92.2,913.5,186.1,75.9,104.6,79.1,459.1,2.562,0.874,403.1,153570,0,0.3067,28853.7,Normal,Normal
2023-02-12 07:00:00,Ladle_Crane_03,Ladle Crane,34212.1,1128.0,Full Overhaul,9.395,67.4,403.3,158.5,21.3,79.2,89.3,203.3,0.268,0.795,192.2,310119,7,0.9979,13188.6,Lubrication Failure,Warning
2023-02-12 08:00:00,Annealing_Furnace_02,Annealing Furnace,1403.6,802.0,Electrical Inspection,0.667,123.2,366.7,194.6,97.7,119.4,73.0,187.6,0.356,0.91,511.9,18597,0,0.0026,30321.4,Normal,Normal
2023-02-12 08:00:00,Hot_Strip_Mill_01,Hot Strip Mill,15634.2,1930.0,Electrical Inspection,4.948,98.3,1001.3,180.0,62.9,102.8,81.6,504.8,4.175,0.868,352.5,263636,4,0.4836,21794.2,Normal,Normal
2023-02-12 09:00:00,Cold_Rolling_Mill_01,Cold Rolling Mill,4048.4,27.0,Alignment Check,1.691,62.2,800.6,192.4,82.5,110.5,73.1,408.5,0.002,0.947,508.4,46102,1,0.1382,30786.5,Normal,Normal
2023-02-12 11:00:00,Continuous_Caster_02,Continuous Caster,12363.1,617.0,Bearing Replacement,4.167,103.2,656.8,185.3,70.9,102.0,78.5,328.8,3.288,0.941,397.8,244920,3,0.342,23522.2,Normal,Normal
2023-02-12 21:00:00,Pickling_Line_01,Pickling Line,34938.0,1971.0,Lubrication,9.353,75.5,363.9,161.9,17.6,71.8,84.3,178.4,8.95,0.793,162.3,356942,1,0.9901,0.0,Lubrication Failure,Immediate Action
2023-02-12 22:00:00,Annealing_Furnace_01,Annealing Furnace,31120.6,1848.0,Full Overhaul,7.958,139.7,446.9,155.8,29.8,75.7,84.1,243.0,4.385,0.809,207.6,377176,1,0.8721,377.4,Electrical Fault,Immediate Action
2023-02-12 22:00:00,Hydraulic_Press_02,Hydraulic Press,1786.5,1667.0,Alignment Check,1.431,68.8,206.2,199.5,90.4,109.1,72.7,100.0,1.705,0.937,477.4,24839,1,0.1008,18740.7,Normal,Normal
2023-02-12 22:00:00,Electric_Arc_Furnace_02,Electric Arc Furnace,19757.6,310.0,Lubrication,5.7,118.2,1347.9,179.6,65.3,93.1,82.9,688.6,1.268,0.877,330.8,358029,5,0.5753,4828.7,Thermal Degradation,Warning
2023-02-13 00:00:00,Hydraulic_Press_01,Hydraulic Press,22709.0,1614.0,Full Overhaul,6.687,85.3,239.5,176.9,44.2,88.5,81.2,124.1,2.879,0.876,284.9,300147,7,0.638,0.0,Lubrication Failure,Immediate Action
2023-02-13 00:00:00,Continuous_Caster_02,Continuous Caster,7412.8,184.0,Seal Replacement,2.065,98.3,641.7,192.6,86.9,108.9,76.4,301.0,0.15,0.913,443.7,124739,2,0.1633,27305.7,Normal,Normal
2023-02-13 01:00:00,Electric_Arc_Furnace_03,Electric Arc Furnace,5164.2,156.0,Alignment Check,2.204,116.3,1238.3,191.9,99.8,100.2,73.5,644.8,0.515,0.945,460.4,42243,3,0.177,20241.2,Normal,Normal
2023-02-13 04:00:00,Hot_Strip_Mill_02,Hot Strip Mill,31662.9,162.0,Electrical Inspection,8.502,111.1,1077.9,162.1,28.5,65.7,87.5,574.6,10.615,0.8,212.5,263024,3,0.9318,7985.9,Lubrication Failure,Warning
2023-02-13 04:00:00,Hydraulic_Press_03,Hydraulic Press,33911.7,1165.0,Seal Replacement,8.657,84.9,262.0,162.7,24.4,65.4,87.2,137.1,0.291,0.841,184.0,286735,2,0.9426,0.0,Thermal Degradation,Immediate Action
2023-02-13 08:00:00,Electric_Arc_Furnace_02,Electric Arc Furnace,34717.1,1380.0,Full Overhaul,8.854,130.5,1463.6,165.1,26.4,71.1,82.1,787.9,7.613,0.823,163.2,287382,2,0.9709,0.0,Lubrication Failure,Immediate Action
2023-02-13 12:00:00,Hydraulic_Press_03,Hydraulic Press,27662.7,512.0,Alignment Check,7.298,84.4,244.3,172.4,40.4,86.3,85.8,135.7,1.128,0.816,228.6,289177,2,0.7845,0.0,Lubrication Failure,Immediate Action
2023-02-13 13:00:00,Cold_Rolling_Mill_02,Cold Rolling Mill,23256.2,1306.0,Electrical Inspection,5.664,71.3,887.6,174.3,45.9,85.9,80.0,428.7,5.459,0.861,332.2,352357,4,0.6068,12992.3,Thermal Degradation,Normal
2023-02-13 16:00:00,Continuous_Caster_02,Continuous Caster,12166.0,916.0,Bearing Replacement,3.499,105.1,676.0,188.9,64.2,105.4,74.8,343.1,2.074,0.889,378.6,212718,2,0.3513,22025.3,Normal,Normal
2023-02-13 19:00:00,Ladle_Crane_03,Ladle Crane,6081.8,1947.0,Electrical Inspection,1.62,48.8,336.7,198.8,93.2,110.3,71.6,161.0,0.137,0.948,482.0,90081,1,0.0915,44951.0,Normal,Normal
2023-02-13 22:00:00,Hot_Strip_Mill_01,Hot Strip Mill,2856.4,688.0,Electrical Inspection,0.993,95.1,881.4,202.8,96.2,117.9,71.1,454.4,1.28,0.941,501.9,25638,0,0.0176,34097.9,Normal,Normal
2023-02-14 02:00:00,Annealing_Furnace_02,Annealing Furnace,24296.1,1366.0,Alignment Check,6.304,131.4,436.8,171.3,57.9,85.1,80.4,231.6,4.334,0.835,272.4,399511,3,0.6687,5879.1,Electrical Fault,Warning
2023-02-14 11:00:00,Annealing_Furnace_02,Annealing Furnace,27486.8,256.0,Full Overhaul,7.558,135.4,457.8,176.3,45.3,82.6,81.5,241.2,2.804,0.848,239.9,402283,4,0.7539,5023.7,Bearing Failure,Warning
2023-02-14 11:00:00,Hot_Strip_Mill_01,Hot Strip Mill,28943.2,117.0,Lubrication,7.814,103.6,1111.2,170.1,37.6,76.5,84.2,566.2,0.448,0.829,209.8,341364,6,0.8495,9795.0,Lubrication Failure,Warning
2023-02-14 13:00:00,Cold_Rolling_Mill_03,Cold Rolling Mill,31990.4,1252.0,Electrical Inspection,8.541,83.0,918.9,157.4,13.9,73.8,86.8,493.6,1.45,0.785,200.3,323795,2,0.9282,5137.8,Bearing Failure,Critical
2023-02-14 14:00:00,Continuous_Caster_01,Continuous Caster,34991.0,1830.0,Alignment Check,9.408,116.3,713.2,167.6,19.9,72.6,90.2,385.6,0.897,0.818,151.7,487660,7,1.0,0.0,Lubrication Failure,Immediate Action
2023-02-14 14:00:00,Blast_Furnace_Blower_01,Blast Furnace Blower,30809.5,507.0,Full Overhaul,8.962,91.0,573.0,158.0,21.1,76.6,88.6,302.2,1.229,0.835,186.0,276425,6,0.9491,0.0,Bearing Failure,Immediate Action
2023-02-14 16:00:00,Rolling_Mill_01,Rolling Mill,8617.8,32.0,Electrical Inspection,3.273,88.3,889.9,180.5,75.8,108.3,80.3,452.9,1.868,0.927,438.3,155933,0,0.2565,31080.9,Normal,Normal
2023-02-14 17:00:00,Hydraulic_Press_03,Hydraulic Press,26739.4,1883.0,Full Overhaul,6.508,83.7,261.0,171.6,40.4,85.6,83.2,123.8,8.068,0.84,261.7,246223,3,0.7058,0.0,Lubrication Failure,Immediate Action
2023-02-14 17:00:00,Hydraulic_Press_03,Hydraulic Press,20567.4,41.0,Seal Replacement,5.062,75.4,237.7,189.3,56.3,89.6,79.6,119.5,0.758,0.848,319.5,190722,1,0.5296,0.0,Normal,Immediate Action
2023-02-14 18:00:00,Continuous_Caster_02,Continuous Caster,9217.5,1295.0,Alignment Check,3.073,102.9,631.4,194.7,79.3,104.3,77.4,326.8,0.369,0.933,440.7,104099,0,0.2666,24368.7,Normal,Normal
2023-02-14 19:00:00,Pickling_Line_02,Pickling Line,34368.5,1688.0,Full Overhaul,9.005,70.4,353.0,165.7,34.6,71.1,84.5,180.6,1.878,0.788,175.1,431676,4,0.986,0.0,Electrical Fault,Immediate Action
2023-02-14 19:00:00,Annealing_Furnace_02,Annealing Furnace,31436.6,860.0,Seal Replacement,8.271,135.7,455.8,157.5,23.6,75.3,85.2,240.6,3.661,0.796,206.2,626084,6,0.9127,1820.4,Lubrication Failure,Critical
2023-02-14 19:00:00,Ladle_Crane_01,Ladle Crane,4585.2,1320.0,Seal Replacement,2.418,51.3,313.2,196.2,88.7,104.3,75.7,171.3,2.472,0.925,439.2,66358,2,0.1945,47059.8,Normal,Normal
2023-02-14 23:00:00,Continuous_Caster_02,Continuous Caster,24122.7,929.0,Seal Replacement,7.212,112.6,700.6,167.5,33.1,81.2,85.6,352.8,0.103,0.84,235.6,258248,3,0.7737,11153.0,Thermal Degradation,Normal
2023-02-14 23:00:00,Continuous_Caster_01,Continuous Caster,21184.2,346.0,Full Overhaul,5.104,115.1,683.6,178.8,67.6,88.5,80.9,337.3,0.726,0.855,337.0,400803,3,0.5308,11434.7,Normal,Normal
2023-02-14 23:00:00,Pickling_Line_01,Pickling Line,1012.9,587.0,Lubrication,0.65,60.2,305.2,207.7,100.0,109.2,70.1,138.8,0.809,0.914,527.6,18168,0,0.0,27459.0,Normal,Normal
2023-02-15 01:00:00,Rolling_Mill_02,Rolling Mill,32760.0,458.0,Lubrication,8.616,107.3,1057.3,166.9,24.8,79.2,85.6,553.4,9.645,0.803,170.8,554491,3,0.9546,7270.8,Electrical Fault,Warning
2023-02-15 08:00:00,Cold_Rolling_Mill_02,Cold Rolling Mill,8266.8,1789.0,Lubrication,2.038,63.5,793.7,192.0,73.6,114.7,75.4,399.0,2.76,0.94,459.2,99297,1,0.1739,27925.6,Normal,Normal
2023-02-15 13:00:00,Ladle_Crane_01,Ladle Crane,3045.1,1420.0,Lubrication,1.74,46.2,322.2,187.5,96.3,116.8,73.4,160.5,0.387,0.957,469.1,51927,0,0.1232,46715.0,Normal,Normal
2023-02-15 13:00:00,Annealing_Furnace_02,Annealing Furnace,9146.6,1684.0,Seal Replacement,2.187,131.0,368.4,178.9,76.9,104.0,71.3,195.8,0.586,0.944,437.9,170476,2,0.1871,23532.2,Normal,Normal
2023-02-15 14:00:00,Cold_Rolling_Mill_01,Cold Rolling Mill,760.6,815.0,Full Overhaul,1.122,63.2,735.3,201.6,100.0,124.4,74.2,364.6,1.119,0.978,518.0,9365,0,0.0,35049.3,Normal,Normal
2023-02-15 14:00:00,Annealing_Furnace_02,Annealing Furnace,1352.7,255.0,Electrical Inspection,0.937,118.9,384.7,195.6,100.0,114.6,72.6,190.2,1.454,0.942,484.2,24319,0,0.0459,30293.5,Normal,Normal
2023-02-15 15:00:00,Rolling_Mill_01,Rolling Mill,32028.5,1825.0,Electrical Inspection,8.85,100.5,1045.7,149.9,22.1,78.4,86.2,556.0,3.335,0.766,205.3,427318,8,0.9089,9218.3,Thermal Degradation,Warning
2023-02-15 16:00:00,Continuous_Caster_02,Continuous Caster,14437.2,1704.0,Bearing Replacement,4.136,105.4,657.3,181.4,70.1,91.4,74.6,340.4,2.423,0.901,399.5,166497,1,0.4164,20630.7,Normal,Normal
2023-02-15 16:00:00,Pickling_Line_03,Pickling Line,12385.4,1932.0,Lubrication,4.134,60.5,321.8,179.6,65.3,103.9,79.4,166.1,1.518,0.885,414.8,209865,3,0.4092,15267.2,Normal,Normal
2023-02-15 18:00:00,Electric_Arc_Furnace_01,Electric Arc Furnace,741.2,1126.0,Alignment Check,0.609,103.9,1207.5,197.6,97.2,115.0,71.7,636.3,0.087,0.938,550.0,12073,0,0.0,24932.0,Normal,Normal
2023-02-15 18:00:00,Continuous_Caster_01,Continuous Caster,9541.2,1002.0,Alignment Check,2.708,97.9,622.6,195.8,89.1,115.0,74.3,317.8,1.6,0.905,425.6,176639,1,0.2456,24397.6,Normal,Normal
2023-02-15 19:00:00,Hot_Strip_Mill_01,Hot Strip Mill,28184.9,1790.0,Electrical Inspection,8.924,110.5,1101.2,164.6,27.3,64.3,89.3,586.9,1.583,0.781,197.3,387701,7,0.9661,8539.2,Mechanical Wear,Warning
2023-02-15 21:00:00,Pickling_Line_03,Pickling Line,21580.6,824.0,Full Overhaul,5.5,66.6,336.9,176.4,46.7,94.0,80.5,162.8,3.418,0.878,302.6,374255,4,0.5729,7560.0,Bearing Failure,Warning
2023-02-15 22:00:00,Hot_Strip_Mill_01,Hot Strip Mill,26406.9,1174.0,Lubrication,7.449,103.8,1056.4,162.4,36.7,75.7,83.4,567.8,8.57,0.819,227.1,387710,3,0.7807,10917.4,Mechanical Wear,Warning
2023-02-15 22:00:00,Pickling_Line_02,Pickling Line,15707.8,828.0,Bearing Replacement,4.652,67.2,309.6,184.8,65.1,102.4,78.2,164.5,4.309,0.874,339.3,285715,3,0.4689,12873.9,Normal,Normal
2023-02-15 23:00:00,Rolling_Mill_02,Rolling Mill,10909.5,157.0,Full Overhaul,3.716,94.5,949.7,193.8,69.0,101.9,80.2,458.7,0.728,0.911,393.0,118320,1,0.3391,26960.1,Normal,Normal
2023-02-16 00:00:00,Hydraulic_Press_01,Hydraulic Press,11375.2,1444.0,Bearing Replacement,3.233,69.1,231.5,186.2,78.1,110.1,74.6,112.6,0.186,0.935,403.0,182488,3,0.3116,8843.4,Normal,Normal
2023-02-16 00:00:00,Hot_Strip_Mill_02,Hot Strip Mill,16950.1,1772.0,Alignment Check,5.093,99.3,1065.7,188.4,64.9,94.3,78.2,538.3,3.804,0.872,325.9,140359,3,0.5076,18196.4,Normal,Normal
2023-02-16 01:00:00,Cold_Rolling_Mill_02,Cold Rolling Mill,10488.8,325.0,Bearing Replacement,3.595,65.5,779.5,184.5,73.8,104.1,75.4,425.8,2.19,0.868,397.3,93795,2,0.3075,25914.7,Normal,Normal
2023-02-16 01:00:00,Annealing_Furnace_03,Annealing Furnace,29380.1,929.0,Electrical Inspection,7.389,138.5,460.7,172.9,43.5,90.8,81.6,224.4,3.905,0.83,242.4,509013,6,0.7513,2497.5,Bearing Failure,Critical
2023-02-16 02:00:00,Pickling_Line_03,Pickling Line,23125.8,354.0,Seal Replacement,7.463,68.3,330.5,169.5,42.1,89.6,81.8,169.6,0.584,0.865,319.4,367787,8,0.6601,6449.0,Electrical Fault,Warning
2023-02-16 04:00:00,Ladle_Crane_03,Ladle Crane,4880.7,1328.0,Seal Replacement,1.796,51.0,328.7,197.8,94.4,112.6,75.6,168.0,4.92,0.929,463.7,51368,1,0.1456,43263.3,Normal,Normal
2023-02-16 05:00:00,Hot_Strip_Mill_03,Hot Strip Mill,24071.6,1874.0,Lubrication,7.151,99.9,1073.9,165.1,51.5,93.1,81.1,552.4,3.812,0.857,271.8,478486,1,0.716,13971.9,Electrical Fault,Normal
2023-02-16 12:00:00,Rolling_Mill_03,Rolling Mill,31974.2,857.0,Alignment Check,8.706,100.8,1032.6,161.9,33.7,82.7,88.3,533.3,2.785,0.807,197.7,556163,5,0.8929,9798.8,Electrical Fault,Warning
2023-02-16 13:00:00,Hydraulic_Press_01,Hydraulic Press,21339.6,890.0,Seal Replacement,5.727,75.5,236.8,182.6,58.2,91.6,81.3,125.8,0.155,0.869,301.1,210307,2,0.5787,0.0,Bearing Failure,Immediate Action
2023-02-16 20:00:00,Rolling_Mill_01,Rolling Mill,19639.0,1371.0,Bearing Replacement,5.864,104.8,941.6,173.2,51.8,92.9,78.2,480.9,1.378,0.854,312.9,269058,2,0.6062,19659.4,Mechanical Wear,Normal
2023-02-16 21:00:00,Rolling_Mill_01,Rolling Mill,33643.0,1710.0,Seal Replacement,9.476,98.9,1048.6,157.0,20.9,78.2,82.3,578.3,0.289,0.778,181.0,587134,3,0.9448,4236.2,Lubrication Failure,Critical
2023-02-17 00:00:00,Hydraulic_Press_02,Hydraulic Press,21996.1,1608.0,Alignment Check,6.712,77.2,242.8,185.8,55.4,86.5,81.1,120.3,6.147,0.873,325.5,313689,3,0.6038,0.0,Bearing Failure,Immediate Action
2023-02-17 01:00:00,Ladle_Crane_03,Ladle Crane,25766.7,14.0,Lubrication,7.726,58.1,393.2,165.5,24.9,80.9,83.5,206.4,5.377,0.823,227.3,234689,4,0.8468,22656.9,Mechanical Wear,Normal
2023-02-17 01:00:00,Continuous_Caster_02,Continuous Caster,24715.2,343.0,Lubrication,6.923,110.0,699.6,173.9,45.7,78.6,81.2,351.3,6.102,0.796,260.0,460755,3,0.6957,8899.0,Electrical Fault,Warning
2023-02-17 01:00:00,Cold_Rolling_Mill_01,Cold Rolling Mill,9158.3,1429.0,Lubrication,2.785,61.1,746.6,193.5,78.3,107.6,74.1,384.3,0.902,0.926,420.3,180824,3,0.2327,24460.8,Normal,Normal
2023-02-17 01:00:00,Ladle_Crane_02,Ladle Crane,10304.4,518.0,Electrical Inspection,3.389,60.7,340.0,178.8,79.1,108.9,75.1,179.7,0.848,0.922,396.2,135930,2,0.3241,40893.4,Normal,Normal
2023-02-17 03:00:00,Rolling_Mill_03,Rolling Mill,10692.0,1939.0,Bearing Replacement,3.224,84.6,900.5,191.7,75.6,107.3,77.1,476.6,0.631,0.895,400.3,155977,0,0.3084,30584.7,Normal,Normal
2023-02-17 04:00:00,Rolling_Mill_01,Rolling Mill,12152.5,867.0,Alignment Check,4.21,93.2,927.0,191.0,70.8,102.1,77.2,442.4,2.512,0.926,410.4,242361,2,0.2869,26956.5,Normal,Normal
2023-02-17 04:00:00,Rolling_Mill_01,Rolling Mill,34687.9,398.0,Alignment Check,9.244,105.2,1063.1,161.0,15.5,77.0,86.3,546.9,4.987,0.807,169.4,559967,7,0.9692,6094.3,Thermal Degradation,Warning
2023-02-17 05:00:00,Blast_Furnace_Blower_02,Blast Furnace Blower,3658.1,245.0,Bearing Replacement,2.509,80.3,477.2,195.8,77.9,115.2,74.5,248.1,1.122,0.922,488.7,36017,2,0.1373,27583.9,Normal,Normal
2023-02-17 06:00:00,Ladle_Crane_01,Ladle Crane,14222.1,299.0,Full Overhaul,3.97,48.5,345.0,186.5,63.2,97.9,75.6,175.0,0.644,0.926,384.9,226521,2,0.3763,36078.9,Normal,Normal
2023-02-17 06:00:00,Ladle_Crane_02,Ladle Crane,2279.4,670.0,Alignment Check,1.203,53.8,322.4,199.4,88.9,109.8,72.3,158.4,1.671,0.979,502.2,29870,1,0.0643,49054.5,Normal,Normal
2023-02-17 07:00:00,Ladle_Crane_03,Ladle Crane,28755.6,1717.0,Seal Replacement,9.068,62.7,395.1,163.3,36.7,74.2,85.4,201.0,0.008,0.85,222.3,473029,4,0.8705,21365.4,Bearing Failure,Normal
2023-02-17 12:00:00,Hydraulic_Press_02,Hydraulic Press,3322.9,1941.0,Electrical Inspection,1.898,69.7,211.5,186.7,90.8,107.8,74.3,112.0,0.853,0.935,471.6,40596,0,0.1514,16753.3,Normal,Normal
2023-02-17 13:00:00,Electric_Arc_Furnace_01,Electric Arc Furnace,23622.9,1014.0,Full Overhaul,6.439,125.5,1392.2,172.9,58.1,85.1,83.2,705.4,3.904,0.844,330.8,329129,4,0.6487,900.9,Bearing Failure,Immediate Action
2023-02-17 13:00:00,Ladle_Crane_03,Ladle Crane,2071.3,637.0,Bearing Replacement,1.139,46.3,333.2,195.9,95.3,115.6,72.8,157.4,1.559,0.984,504.9,21967,0,0.0463,50822.0,Normal,Normal
2023-02-17 23:00:00,Electric_Arc_Furnace_02,Electric Arc Furnace,23582.6,351.0,Electrical Inspection,6.346,128.8,1379.6,172.6,39.2,92.0,78.1,738.9,3.755,0.876,283.4,234216,3,0.6786,1974.5,Lubrication Failure,Critical
2023-02-18 03:00:00,Rolling_Mill_02,Rolling Mill,29522.0,575.0,Bearing Replacement,8.245,101.1,1051.9,169.1,27.1,67.9,84.5,574.0,4.928,0.831,214.4,341944,6,0.9106,11104.2,Electrical Fault,Warning
2023-02-18 04:00:00,Hydraulic_Press_02,Hydraulic Press,14018.9,1238.0,Seal Replacement,3.582,76.0,228.1,193.5,70.2,97.4,80.4,115.9,0.55,0.891,379.4,242664,0,0.3455,6443.3,Normal,Normal
2023-02-18 07:00:00,Cold_Rolling_Mill_01,Cold Rolling Mill,18322.2,1891.0,Lubrication,5.341,76.2,884.6,181.9,58.8,90.8,78.9,426.9,1.928,0.846,311.7,321016,3,0.5415,16946.3,Normal,Normal
2023-02-18 09:00:00,Hot_Strip_Mill_03,Hot Strip Mill,14113.8,982.0,Electrical Inspection,4.012,102.3,993.6,187.8,60.4,112.6,77.7,500.2,2.232,0.865,363.6,204966,2,0.406,24947.5,Normal,Normal
2023-02-18 12:00:00,Hot_Strip_Mill_02,Hot Strip Mill,9592.9,1926.0,Electrical Inspection,3.627,98.5,958.8,190.7,80.9,110.2,75.4,503.4,2.825,0.862,402.8,176540,1,0.3236,29024.5,Normal,Normal
2023-02-18 12:00:00,Rolling_Mill_03,Rolling Mill,10587.1,280.0,Electrical Inspection,2.851,95.9,918.4,189.2,79.6,99.3,71.6,432.1,1.105,0.912,413.8,108425,0,0.2576,31280.0,Normal,Normal
2023-02-18 12:00:00,Pickling_Line_02,Pickling Line,28133.9,1892.0,Full Overhaul,8.145,69.4,339.2,163.4,37.5,66.5,82.9,176.1,3.433,0.831,200.3,498237,5,0.8657,0.0,Bearing Failure,Immediate Action
2023-02-18 15:00:00,Annealing_Furnace_02,Annealing Furnace,25330.7,1790.0,Electrical Inspection,7.322,137.7,458.6,172.8,41.9,77.4,87.9,230.9,6.299,0.85,224.1,233755,6,0.8006,6729.6,Thermal Degradation,Warning
2023-02-18 16:00:00,Blast_Furnace_Blower_02,Blast Furnace Blower,7296.3,1718.0,Bearing Replacement,3.101,80.6,472.4,194.1,81.4,102.6,76.0,228.5,0.216,0.88,474.3,94640,0,0.2675,22236.5,Normal,Normal
2023-02-18 18:00:00,Hydraulic_Press_02,Hydraulic Press,8819.9,1555.0,Seal Replacement,2.664,72.6,229.8,189.2,84.5,109.3,75.4,116.8,0.219,0.907,415.7,128872,2,0.2525,10524.1,Normal,Normal
2023-02-18 20:00:00,Annealing_Furnace_02,Annealing Furnace,11842.5,252.0,Full Overhaul,3.648,132.2,428.5,185.6,70.3,105.0,76.9,199.6,2.116,0.92,374.4,209268,1,0.3693,21167.3,Normal,Normal
2023-02-18 21:00:00,Ladle_Crane_01,Ladle Crane,20661.6,654.0,Bearing Replacement,5.708,54.2,369.2,185.4,53.5,93.8,78.5,187.7,0.181,0.904,304.6,322023,3,0.6069,29650.4,Bearing Failure,Normal
2023-02-18 22:00:00,Annealing_Furnace_02,Annealing Furnace,15959.3,1508.0,Full Overhaul,4.308,123.4,414.0,171.4,66.5,102.3,80.3,225.2,1.112,0.891,360.3,206587,2,0.4106,15841.8,Normal,Normal
2023-02-18 22:00:00,Hydraulic_Press_03,Hydraulic Press,26105.6,1733.0,Full Overhaul,6.302,77.8,247.2,177.7,42.8,82.5,78.7,128.0,1.996,0.845,283.7,354077,3,0.6807,0.0,Electrical Fault,Immediate Action
2023-02-19 00:00:00,Rolling_Mill_02,Rolling Mill,7553.5,455.0,Seal Replacement,2.498,79.7,867.3,188.9,82.5,111.6,75.2,421.9,0.078,0.913,457.1,99315,2,0.2343,32293.5,Normal,Normal
2023-02-19 05:00:00,Cold_Rolling_Mill_01,Cold Rolling Mill,472.5,1242.0,Seal Replacement,0.693,60.1,736.4,197.6,100.0,121.1,68.0,359.1,0.378,0.945,505.0,4498,0,0.0183,34767.1,Normal,Normal
2023-02-19 05:00:00,Blast_Furnace_Blower_03,Blast Furnace Blower,27201.9,118.0,Alignment Check,7.86,95.9,520.8,168.2,40.6,88.7,82.2,269.0,2.45,0.852,242.5,474201,3,0.7604,2914.2,Electrical Fault,Critical
2023-02-19 08:00:00,Blast_Furnace_Blower_01,Blast Furnace Blower,28775.6,1712.0,Lubrication,8.163,85.7,532.0,158.0,37.0,86.5,79.6,269.9,3.934,0.816,237.3,252351,4,0.8175,1199.2,Bearing Failure,Immediate Action
2023-02-19 08:00:00,Continuous_Caster_01,Continuous Caster,2175.9,695.0,Bearing Replacement,1.808,96.3,611.6,192.9,91.8,107.9,72.6,296.8,0.837,0.915,480.0,35319,1,0.1506,30961.2,Normal,Normal
2023-02-19 10:00:00,Annealing_Furnace_02,Annealing Furnace,21420.7,393.0,Seal Replacement,4.885,125.5,413.1,186.3,61.4,103.3,81.3,210.7,4.436,0.861,331.2,210715,2,0.503,9974.9,Normal,Normal
2023-02-19 10:00:00,Cold_Rolling_Mill_03,Cold Rolling Mill,13299.4,1675.0,Full Overhaul,4.885,69.8,821.3,182.1,65.9,97.1,75.2,430.7,6.824,0.909,389.2,173300,0,0.412,21335.0,Normal,Normal
2023-02-19 13:00:00,Hot_Strip_Mill_03,Hot Strip Mill,27807.0,341.0,Full Overhaul,7.642,109.3,1083.0,165.8,37.0,71.0,83.3,578.7,1.809,0.834,236.3,262874,6,0.8366,8310.4,Lubrication Failure,Warning
2023-02-19 15:00:00,Electric_Arc_Furnace_01,Electric Arc Furnace,30617.1,921.0,Full Overhaul,8.377,128.5,1497.6,158.6,22.5,82.2,87.6,726.3,5.289,0.819,190.1,462179,2,0.9232,0.0,Lubrication Failure,Immediate Action
2023-02-19 15:00:00,Ladle_Crane_02,Ladle Crane,29800.0,191.0,Bearing Replacement,7.178,57.9,383.6,168.8,43.3,85.0,88.1,211.1,6.407,0.87,238.4,560708,4,0.7825,19196.8,Mechanical Wear,Normal
2023-02-19 16:00:00,Hydraulic_Press_02,Hydraulic Press,27224.4,890.0,Alignment Check,8.112,81.0,259.0,156.7,45.2,71.9,83.9,132.8,5.112,0.848,235.1,416686,5,0.7632,0.0,Bearing Failure,Immediate Action
2023-02-19 17:00:00,Pickling_Line_03,Pickling Line,9489.9,1848.0,Electrical Inspection,3.067,65.0,302.7,185.9,79.4,104.8,74.9,160.6,2.858,0.953,412.9,120681,2,0.254,16974.1,Normal,Normal
2023-02-19 19:00:00,Continuous_Caster_01,Continuous Caster,28434.9,1387.0,Lubrication,7.602,115.1,766.2,168.9,30.5,75.1,83.8,361.0,1.369,0.853,238.1,547518,6,0.827,6252.4,Lubrication Failure,Warning
2023-02-19 20:00:00,Annealing_Furnace_01,Annealing Furnace,18718.4,1969.0,Full Overhaul,4.58,127.9,412.3,174.2,72.4,93.2,77.8,207.8,2.112,0.858,350.2,216347,1,0.4783,12690.3,Normal,Normal
2023-02-19 20:00:00,Cold_Rolling_Mill_03,Cold Rolling Mill,1941.2,896.0,Lubrication,2.14,60.2,786.4,190.8,90.5,125.6,72.7,396.3,0.383,0.959,487.4,21492,0,0.0744,32354.6,Normal,Normal
2023-02-20 00:00:00,Hydraulic_Press_02,Hydraulic Press,16047.2,1778.0,Electrical Inspection,4.187,71.9,221.9,181.1,65.4,98.2,84.1,120.0,5.183,0.917,356.0,266118,2,0.4143,3955.9,Normal,Warning
2023-02-20 03:00:00,Annealing_Furnace_01,Annealing Furnace,32981.3,1823.0,Lubrication,8.657,140.5,480.2,165.4,15.8,71.2,87.8,245.7,4.182,0.785,176.5,642555,3,0.9274,0.0,Thermal Degradation,Immediate Action
2023-02-20 04:00:00,Continuous_Caster_01,Continuous Caster,31086.3,181.0,Bearing Replacement,8.719,108.6,750.2,166.8,30.4,77.3,87.5,382.1,1.215,0.82,216.3,539060,7,0.9554,4147.6,Electrical Fault,Critical
2023-02-20 05:00:00,Ladle_Crane_01,Ladle Crane,3669.0,1958.0,Bearing Replacement,2.175,50.1,329.6,194.1,81.1,110.3,74.9,165.6,0.567,0.898,470.2,46342,1,0.1469,47412.1,Normal,Normal
2023-02-20 09:00:00,Blast_Furnace_Blower_03,Blast Furnace Blower,28222.2,1253.0,Alignment Check,7.226,88.7,526.3,172.6,42.6,84.2,83.3,268.9,2.56,0.862,266.2,382754,7,0.7367,2132.3,Lubrication Failure,Critical
2023-02-20 09:00:00,Continuous_Caster_02,Continuous Caster,26070.0,1784.0,Alignment Check,6.95,107.9,716.4,168.4,42.4,94.4,83.5,377.9,4.02,0.843,246.9,294674,1,0.751,9210.9,Lubrication Failure,Warning
2023-02-20 11:00:00,Pickling_Line_03,Pickling Line,9571.4,1073.0,Full Overhaul,3.044,57.9,295.4,187.3,76.4,110.4,79.6,143.7,1.192,0.889,404.4,161651,3,0.2901,19294.8,Normal,Normal
2023-02-20 11:00:00,Rolling_Mill_03,Rolling Mill,16559.1,770.0,Lubrication,4.722,97.8,965.9,184.0,57.8,105.1,79.7,493.3,0.31,0.89,337.9,188207,2,0.4931,23408.7,Normal,Normal
2023-02-20 12:00:00,Hot_Strip_Mill_02,Hot Strip Mill,24913.5,1173.0,Seal Replacement,5.854,99.8,992.8,183.2,53.7,85.6,80.7,556.5,4.947,0.829,300.0,450222,1,0.6068,12144.8,Lubrication Failure,Normal
2023-02-20 14:00:00,Rolling_Mill_03,Rolling Mill,15422.5,1473.0,Electrical Inspection,4.898,90.3,955.8,180.9,72.1,101.0,76.8,458.0,0.092,0.888,340.3,241161,4,0.4582,23846.7,Normal,Normal
2023-02-20 16:00:00,Hot_Strip_Mill_01,Hot Strip Mill,4036.6,1417.0,Bearing Replacement,1.169,88.9,910.5,191.8,93.8,114.2,73.2,457.8,1.447,0.948,550.0,55692,1,0.0615,33293.8,Normal,Normal
2023-02-20 20:00:00,Continuous_Caster_01,Continuous Caster,24735.3,601.0,Bearing Replacement,5.887,103.3,689.0,174.4,41.1,89.4,80.3,331.0,0.723,0.858,288.2,224696,3,0.6327,9169.2,Thermal Degradation,Warning
2023-02-20 21:00:00,Hot_Strip_Mill_03,Hot Strip Mill,31916.2,1343.0,Electrical Inspection,8.016,110.6,1079.3,175.8,22.5,67.8,84.5,586.3,5.106,0.808,268.8,416368,3,0.8558,6977.8,Lubrication Failure,Warning
2023-02-20 22:00:00,Hot_Strip_Mill_02,Hot Strip Mill,22871.7,9.0,Seal Replacement,5.478,96.5,1029.1,179.8,55.4,90.1,78.3,507.5,4.2,0.883,330.0,248733,1,0.5454,15729.0,Normal,Normal
2023-02-20 23:00:00,Blast_Furnace_Blower_01,Blast Furnace Blower,27105.6,340.0,Seal Replacement,7.315,89.9,548.8,164.9,37.4,89.1,83.4,276.0,1.064,0.853,289.0,382433,7,0.7541,1395.9,Mechanical Wear,Immediate Action
2023-02-21 00:00:00,Pickling_Line_03,Pickling Line,12606.9,304.0,Full Overhaul,3.289,58.6,320.4,187.8,74.3,108.6,75.3,153.3,1.792,0.941,392.6,199780,2,0.3099,14699.0,Normal,Normal
2023-02-21 06:00:00,Pickling_Line_02,Pickling Line,6493.6,1482.0,Electrical Inspection,2.592,66.1,306.4,189.9,82.0,106.4,73.1,150.7,3.32,0.966,479.9,76736,2,0.2426,20589.1,Normal,Normal
2023-02-21 06:00:00,Hydraulic_Press_03,Hydraulic Press,22532.8,1794.0,Alignment Check,6.083,79.2,248.1,170.8,47.5,89.3,83.9,126.9,5.364,0.836,291.4,400061,1,0.6258,0.0,Lubrication Failure,Immediate Action
2023-02-21 06:00:00,Continuous_Caster_02,Continuous Caster,11539.2,173.0,Seal Replacement,3.116,98.4,629.9,194.6,90.3,109.1,73.5,345.1,0.06,0.893,400.1,212403,1,0.2937,24591.1,Normal,Normal
2023-02-21 07:00:00,Ladle_Crane_03,Ladle Crane,30116.6,1824.0,Seal Replacement,8.018,61.3,376.7,171.9,39.4,84.8,82.1,195.4,1.785,0.826,249.0,326205,3,0.7808,20555.7,Lubrication Failure,Normal
2023-02-21 07:00:00,Hot_Strip_Mill_02,Hot Strip Mill,4379.7,613.0,Bearing Replacement,1.591,88.4,923.2,201.6,96.2,116.9,74.3,460.0,0.434,0.936,492.5,36500,0,0.1037,32820.9,Normal,Normal
2023-02-21 07:00:00,Pickling_Line_02,Pickling Line,15227.9,1245.0,Lubrication,4.965,67.7,318.9,164.4,59.0,99.9,81.5,154.8,0.448,0.872,345.0,153159,1,0.5028,12504.2,Normal,Normal
2023-02-21 08:00:00,Electric_Arc_Furnace_01,Electric Arc Furnace,13945.8,328.0,Electrical Inspection,4.655,120.2,1326.4,182.4,61.2,95.3,79.1,642.7,2.032,0.886,349.0,187472,2,0.4758,10009.6,Normal,Normal
2023-02-21 10:00:00,Pickling_Line_02,Pickling Line,32838.1,806.0,Electrical Inspection,8.444,75.1,354.4,163.6,23.4,66.7,85.6,175.4,4.065,0.796,211.9,527746,4,0.92,0.0,Lubrication Failure,Immediate Action
2023-02-21 11:00:00,Annealing_Furnace_01,Annealing Furnace,5444.4,924.0,Bearing Replacement,2.008,119.2,386.8,189.0,88.2,107.6,71.7,202.0,1.392,0.918,469.9,82536,0,0.1521,27367.8,Normal,Normal
2023-02-21 14:00:00,Rolling_Mill_03,Rolling Mill,443.7,749.0,Full Overhaul,1.016,80.4,828.0,200.3,88.6,115.4,71.3,427.1,0.108,0.894,502.5,6651,0,0.0478,41289.3,Normal,Normal
2023-02-21 18:00:00,Blast_Furnace_Blower_03,Blast Furnace Blower,8409.2,1644.0,Bearing Replacement,2.775,72.1,485.3,187.6,76.8,100.8,71.4,249.5,0.542,0.925,441.5,90603,2,0.189,20947.5,Normal,Normal
2023-02-21 19:00:00,Hydraulic_Press_03,Hydraulic Press,28727.7,1167.0,Full Overhaul,7.807,75.4,255.5,158.4,29.8,72.4,84.2,131.3,2.839,0.809,248.2,285135,4,0.8392,0.0,Thermal Degradation,Immediate Action
2023-02-21 20:00:00,Hot_Strip_Mill_02,Hot Strip Mill,7405.3,992.0,Lubrication,3.408,96.6,966.5,190.4,68.9,98.6,77.9,520.3,1.455,0.892,408.1,62410,2,0.3299,31416.1,Normal,Normal
2023-02-21 21:00:00,Hot_Strip_Mill_02,Hot Strip Mill,8506.6,1568.0,Bearing Replacement,2.942,103.3,926.3,188.0,74.4,99.4,77.0,490.4,1.495,0.928,447.5,112041,0,0.2813,27596.6,Normal,Normal
2023-02-22 00:00:00,Hydraulic_Press_03,Hydraulic Press,4633.5,1419.0,Electrical Inspection,2.272,66.8,225.1,185.0,84.8,103.3,71.0,108.0,1.24,0.914,459.5,53820,0,0.169,14737.3,Normal,Normal
2023-02-22 03:00:00,Cold_Rolling_Mill_02,Cold Rolling Mill,25068.7,210.0,Seal Replacement,7.167,73.4,950.4,175.8,35.9,89.5,85.0,443.5,0.189,0.839,258.0,365489,5,0.7834,13084.4,Thermal Degradation,Normal
2023-02-22 04:00:00,Hot_Strip_Mill_01,Hot Strip Mill,2514.2,1036.0,Lubrication,1.674,92.1,939.7,195.6,94.7,118.8,76.3,423.7,2.846,0.96,502.2,38284,0,0.117,34394.0,Normal,Normal
2023-02-22 09:00:00,Annealing_Furnace_01,Annealing Furnace,11659.2,1596.0,Bearing Replacement,3.464,123.3,403.2,183.2,78.2,102.6,76.1,203.1,0.088,0.914,403.4,133568,5,0.3205,19993.5,Normal,Normal
2023-02-22 10:00:00,Pickling_Line_01,Pickling Line,9959.2,1276.0,Alignment Check,2.542,54.4,297.8,182.8,81.8,109.6,78.5,153.3,5.791,0.944,446.2,145782,1,0.2256,17534.3,Normal,Normal
2023-02-22 11:00:00,Electric_Arc_Furnace_01,Electric Arc Furnace,19475.1,1426.0,Alignment Check,5.589,118.4,1385.2,172.5,65.9,90.4,79.3,688.5,0.883,0.902,324.8,298036,3,0.5498,4028.8,Normal,Warning
2023-02-22 11:00:00,Annealing_Furnace_03,Annealing Furnace,25591.5,1147.0,Electrical Inspection,6.641,132.7,450.5,164.5,43.1,83.7,79.1,221.6,1.374,0.848,286.6,474977,1,0.6827,6487.9,Bearing Failure,Warning
2023-02-22 12:00:00,Cold_Rolling_Mill_01,Cold Rolling Mill,18697.4,1856.0,Electrical Inspection,5.987,77.8,829.2,187.8,62.6,98.6,79.5,431.8,3.037,0.876,332.8,182426,4,0.5201,17275.3,Normal,Normal
2023-02-22 12:00:00,Hot_Strip_Mill_02,Hot Strip Mill,32592.8,1029.0,Alignment Check,8.258,105.8,1086.1,174.5,31.5,76.7,84.7,568.4,5.849,0.828,221.5,410932,5,0.8877,5613.4,Lubrication Failure,Critical
2023-02-22 14:00:00,Continuous_Caster_01,Continuous Caster,33305.3,1127.0,Electrical Inspection,8.654,114.4,726.4,168.8,24.3,68.3,88.1,378.1,13.564,0.784,206.7,393466,4,0.9321,1605.8,Lubrication Failure,Immediate Action
2023-02-22 20:00:00,Ladle_Crane_03,Ladle Crane,12715.1,1758.0,Seal Replacement,3.041,45.3,346.7,180.1,76.2,111.3,74.3,177.4,0.134,0.92,399.8,140603,2,0.289,36595.1,Normal,Normal
2023-02-22 21:00:00,Blast_Furnace_Blower_03,Blast Furnace Blower,25884.2,875.0,Seal Replacement,6.967,87.2,551.0,181.3,43.0,86.5,80.0,290.1,1.358,0.804,238.4,499827,2,0.7598,3665.7,Bearing Failure,Critical
2023-02-22 21:00:00,Cold_Rolling_Mill_01,Cold Rolling Mill,31264.5,507.0,Bearing Replacement,8.723,74.0,929.2,158.9,32.2,74.6,84.8,471.6,1.626,0.796,183.6,566443,7,0.9262,3667.8,Mechanical Wear,Critical
2023-02-22 21:00:00,Hydraulic_Press_02,Hydraulic Press,27241.0,1230.0,Electrical Inspection,6.967,82.6,248.6,173.0,38.3,85.0,83.9,127.6,0.949,0.856,244.3,356979,3,0.7436,0.0,Lubrication Failure,Immediate Action
2023-02-22 23:00:00,Ladle_Crane_03,Ladle Crane,15733.2,1931.0,Full Overhaul,4.62,50.3,364.6,180.7,62.5,96.8,78.3,178.1,0.678,0.853,347.9,224488,5,0.4716,33016.1,Normal,Normal
2023-02-23 01:00:00,Blast_Furnace_Blower_03,Blast Furnace Blower,18613.5,1542.0,Lubrication,5.094,82.7,504.1,188.5,49.6,93.7,78.7,256.9,2.201,0.883,347.0,238086,3,0.513,10511.8,Normal,Normal
2023-02-23 11:00:00,Blast_Furnace_Blower_01,Blast Furnace Blower,14610.5,166.0,Lubrication,4.19,78.8,473.3,184.8,68.8,101.4,75.2,260.9,1.091,0.873,358.9,192604,3,0.4237,15905.5,Normal,Normal
2023-02-23 17:00:00,Hydraulic_Press_01,Hydraulic Press,29778.2,251.0,Bearing Replacement,8.849,85.1,268.3,165.4,23.3,66.7,85.1,137.0,0.602,0.836,189.3,328497,6,0.948,0.0,Mechanical Wear,Immediate Action
2023-02-23 21:00:00,Electric_Arc_Furnace_02,Electric Arc Furnace,8116.6,411.0,Bearing Replacement,2.343,109.6,1263.3,188.7,79.1,112.9,75.0,622.3,0.869,0.937,470.9,128993,1,0.1959,16903.7,Normal,Normal
2023-02-23 21:00:00,Cold_Rolling_Mill_02,Cold Rolling Mill,8465.8,474.0,Electrical Inspection,3.435,69.0,819.7,179.8,74.6,96.0,79.0,396.0,0.963,0.935,399.1,94563,4,0.3221,29631.8,Normal,Normal
2023-02-23 22:00:00,Cold_Rolling_Mill_01,Cold Rolling Mill,13103.9,1290.0,Electrical Inspection,3.926,64.0,825.0,190.3,74.1,101.8,75.0,389.0,2.481,0.897,415.6,122326,2,0.3022,21896.3,Normal,Normal
2023-02-24 00:00:00,Annealing_Furnace_02,Annealing Furnace,8139.0,1066.0,Bearing Replacement,2.118,119.3,396.9,191.6,82.7,119.9,72.2,189.5,2.137,0.97,486.1,96457,2,0.1471,24935.1,Normal,Normal
2023-02-24 03:00:00,Electric_Arc_Furnace_03,Electric Arc Furnace,19679.1,472.0,Lubrication,5.308,118.4,1299.6,174.5,54.5,86.8,84.9,737.3,1.563,0.822,331.6,272458,1,0.5549,5125.8,Electrical Fault,Warning
2023-02-24 05:00:00,Hot_Strip_Mill_01,Hot Strip Mill,4793.7,299.0,Bearing Replacement,1.859,88.6,920.9,190.6,96.2,110.4,69.8,454.2,2.428,0.939,454.9,80248,1,0.1351,33385.5,Normal,Normal
2023-02-24 05:00:00,Cold_Rolling_Mill_03,Cold Rolling Mill,11274.5,1384.0,Electrical Inspection,2.946,65.4,789.0,193.5,79.5,104.1,74.5,392.9,0.822,0.916,410.3,156126,0,0.2656,25450.3,Normal,Normal
2023-02-24 10:00:00,Continuous_Caster_02,Continuous Caster,31979.2,105.0,Bearing Replacement,8.602,110.8,726.5,166.5,28.3,71.1,83.3,389.4,0.678,0.835,187.7,269181,5,0.8972,2519.4,Bearing Failure,Critical
2023-02-24 10:00:00,Rolling_Mill_03,Rolling Mill,14382.0,438.0,Electrical Inspection,4.701,98.1,936.3,192.3,67.8,97.2,75.1,480.0,2.005,0.877,355.8,236619,4,0.431,24350.0,Normal,Normal
2023-02-24 12:00:00,Ladle_Crane_03,Ladle Crane,26213.4,591.0,Lubrication,6.552,49.8,376.5,177.8,45.2,85.7,82.3,200.2,4.678,0.864,255.0,453200,2,0.7002,22449.0,Electrical Fault,Normal
2023-02-24 12:00:00,Annealing_Furnace_01,Annealing Furnace,4059.8,363.0,Alignment Check,2.434,128.0,417.8,194.1,85.3,118.7,76.7,209.3,1.215,0.907,460.4,37502,0,0.1668,25918.1,Normal,Normal
2023-02-24 13:00:00,Cold_Rolling_Mill_02,Cold Rolling Mill,8740.0,1148.0,Full Overhaul,3.16,63.4,819.1,188.3,76.5,109.9,78.7,426.3,1.307,0.895,393.4,145559,1,0.306,27915.3,Normal,Normal
2023-02-24 15:00:00,Annealing_Furnace_03,Annealing Furnace,28276.4,1434.0,Lubrication,8.328,143.8,470.9,170.5,30.8,79.4,86.2,235.8,7.206,0.821,207.4,449069,8,0.8701,4283.1,Electrical Fault,Critical
2023-02-24 16:00:00,Cold_Rolling_Mill_03,Cold Rolling Mill,26728.5,815.0,Alignment Check,6.691,74.8,874.2,172.0,31.8,83.4,85.2,417.3,0.72,0.855,262.2,338995,1,0.7183,10981.9,Electrical Fault,Normal
2023-02-24 16:00:00,Continuous_Caster_01,Continuous Caster,13576.8,333.0,Seal Replacement,3.573,106.8,679.1,192.3,74.7,99.0,76.8,312.1,2.539,0.871,398.6,238357,1,0.349,21858.8,Normal,Normal
2023-02-24 17:00:00,Cold_Rolling_Mill_03,Cold Rolling Mill,33408.5,803.0,Electrical Inspection,9.114,78.6,930.4,163.1,24.6,75.6,86.2,482.5,0.913,0.816,174.4,552135,5,0.9459,3299.2,Electrical Fault,Critical
2023-02-24 20:00:00,Pickling_Line_02,Pickling Line,31881.4,932.0,Bearing Replacement,8.29,72.4,342.7,167.5,30.9,77.2,85.9,183.8,0.544,0.789,226.4,472818,3,0.8973,0.0,Electrical Fault,Immediate Action
2023-02-24 21:00:00,Hot_Strip_Mill_01,Hot Strip Mill,33684.3,1760.0,Bearing Replacement,9.941,105.1,1064.6,169.7,24.2,75.2,88.7,560.8,3.644,0.789,182.9,577739,11,0.9461,4845.7,Lubrication Failure,Critical
2023-02-24 23:00:00,Annealing_Furnace_01,Annealing Furnace,15034.2,1063.0,Electrical Inspection,4.522,129.0,432.5,173.5,60.9,94.7,78.2,219.8,0.46,0.906,359.9,198930,2,0.4673,18011.8,Normal,Normal
2023-02-25 02:00:00,Blast_Furnace_Blower_01,Blast Furnace Blower,6991.8,114.0,Seal Replacement,2.645,75.6,488.5,197.8,76.8,109.2,77.9,236.8,4.145,0.936,427.9,107015,2,0.2304,23171.5,Normal,Normal
2023-02-25 05:00:00,Electric_Arc_Furnace_01,Electric Arc Furnace,21970.4,1956.0,Electrical Inspection,5.86,122.4,1407.7,184.0,54.1,91.9,83.9,744.1,2.588,0.89,301.8,186535,2,0.584,2638.7,Bearing Failure,Critical
2023-02-25 05:00:00,Cold_Rolling_Mill_03,Cold Rolling Mill,23998.6,377.0,Bearing Replacement,5.845,73.2,836.3,173.7,50.5,85.6,82.1,437.3,0.1,0.837,297.5,321914,6,0.6286,11763.6,Bearing Failure,Normal
2023-02-25 14:00:00,Ladle_Crane_01,Ladle Crane,4477.9,1057.0,Full Overhaul,1.11,45.8,334.3,198.0,100.0,122.3,74.6,168.4,1.2,0.923,522.0,68336,0,0.066,46649.9,Normal,Normal
2023-02-25 15:00:00,Annealing_Furnace_02,Annealing Furnace,27548.3,683.0,Seal Replacement,6.823,139.8,447.1,168.8,38.1,74.9,80.8,231.3,7.95,0.824,265.2,221668,6,0.7431,3980.1,Electrical Fault,Critical
2023-02-25 17:00:00,Blast_Furnace_Blower_01,Blast Furnace Blower,730.3,1396.0,Bearing Replacement,2.52,78.3,440.1,194.7,100.0,113.5,74.1,232.0,1.55,0.946,501.9,9320,0,0.0632,30069.9,Normal,Normal
2023-02-25 18:00:00,Electric_Arc_Furnace_02,Electric Arc Furnace,16947.2,382.0,Lubrication,5.106,116.1,1425.1,186.7,64.7,91.0,80.5,676.4,1.011,0.906,341.6,244211,3,0.4914,9484.2,Normal,Normal
2023-02-25 20:00:00,Annealing_Furnace_02,Annealing Furnace,11652.5,1025.0,Seal Replacement,3.864,129.9,433.3,177.9,65.8,99.1,78.2,214.2,2.478,0.894,367.4,145025,2,0.3792,21212.9,Normal,Normal
2023-02-25 21:00:00,Continuous_Caster_02,Continuous Caster,25936.6,1028.0,Electrical Inspection,6.127,111.9,710.1,174.6,40.6,84.4,83.6,334.6,5.443,0.815,312.6,320275,4,0.656,9847.9,Bearing Failure,Warning
2023-02-25 22:00:00,Rolling_Mill_03,Rolling Mill,11015.3,1302.0,Lubrication,3.32,82.0,933.1,180.5,78.8,100.7,77.3,444.7,0.37,0.903,390.6,201594,3,0.3284,29401.8,Normal,Normal
2023-02-26 00:00:00,Pickling_Line_02,Pickling Line,28955.6,1164.0,Alignment Check,7.871,67.5,352.0,163.9,35.1,82.0,83.9,169.8,6.234,0.823,218.7,566760,7,0.8403,0.0,Lubrication Failure,Immediate Action
2023-02-26 05:00:00,Hydraulic_Press_02,Hydraulic Press,20863.9,252.0,Alignment Check,7.195,76.2,241.4,168.2,51.6,88.3,81.6,128.3,1.41,0.877,274.6,191093,3,0.6561,0.0,Electrical Fault,Immediate Action
2023-02-26 09:00:00,Ladle_Crane_02,Ladle Crane,27806.9,1388.0,Full Overhaul,7.416,57.2,405.8,169.6,38.8,77.1,83.4,194.9,3.421,0.841,262.7,526343,2,0.774,20876.7,Lubrication Failure,Normal
2023-02-26 09:00:00,Ladle_Crane_02,Ladle Crane,34628.0,926.0,Full Overhaul,8.842,66.9,397.6,164.1,17.7,74.3,86.5,192.0,8.07,0.812,162.8,434394,3,0.9654,16204.1,Bearing Failure,Normal
2023-02-26 09:00:00,Hot_Strip_Mill_03,Hot Strip Mill,23802.6,375.0,Electrical Inspection,7.129,101.6,1096.8,175.8,40.5,84.4,82.6,552.3,4.318,0.839,257.0,258355,2,0.7554,13753.4,Mechanical Wear,Normal
2023-02-26 12:00:00,Ladle_Crane_03,Ladle Crane,1106.4,739.0,Alignment Check,1.063,46.8,313.6,208.3,85.6,115.6,73.9,167.5,1.239,0.943,535.9,18775,0,0.0405,49521.6,Normal,Normal
2023-02-26 12:00:00,Electric_Arc_Furnace_03,Electric Arc Furnace,34474.8,800.0,Alignment Check,10.844,125.6,1512.3,161.0,25.1,61.7,85.8,739.4,3.115,0.783,159.2,337708,7,0.9764,0.0,Mechanical Wear,Immediate Action
2023-02-26 13:00:00,Blast_Furnace_Blower_03,Blast Furnace Blower,11901.1,887.0,Electrical Inspection,4.592,81.4,491.2,183.3,73.3,104.9,77.6,254.2,2.337,0.903,373.8,198535,1,0.3638,17342.5,Normal,Normal
2023-02-26 17:00:00,Ladle_Crane_01,Ladle Crane,3864.1,1789.0,Lubrication,0.735,50.0,336.4,202.9,100.0,120.5,70.1,151.9,1.0,0.948,534.7,35304,0,0.027,45383.0,Normal,Normal
2023-02-26 19:00:00,Annealing_Furnace_02,Annealing Furnace,9254.4,1743.0,Bearing Replacement,3.148,126.8,396.5,196.3,83.3,109.7,77.1,208.2,1.0,0.873,412.5,180589,2,0.2665,23055.5,Normal,Normal
2023-02-26 19:00:00,Ladle_Crane_03,Ladle Crane,29377.2,48.0,Seal Replacement,7.401,74.2,395.2,167.3,40.1,77.0,81.8,207.7,0.055,0.852,249.2,260572,4,0.7771,20186.5,Thermal Degradation,Normal
2023-02-26 20:00:00,Hot_Strip_Mill_02,Hot Strip Mill,1228.1,1026.0,Seal Replacement,1.108,86.3,924.8,201.8,95.4,120.4,76.2,429.8,1.16,0.951,509.5,17147,0,0.0307,36546.8,Normal,Normal
2023-02-26 20:00:00,Hydraulic_Press_02,Hydraulic Press,18254.4,147.0,Lubrication,5.062,69.0,228.4,167.3,59.1,85.8,77.6,121.4,3.818,0.897,360.8,287392,2,0.5068,1126.0,Normal,Critical
2023-02-26 22:00:00,Continuous_Caster_03,Continuous Caster,19892.8,73.0,Electrical Inspection,5.129,111.4,681.5,184.0,49.2,91.8,84.0,351.8,3.919,0.865,320.2,371170,1,0.543,14914.1,Normal,Normal
2023-02-26 23:00:00,Blast_Furnace_Blower_01,Blast Furnace Blower,19684.2,422.0,Electrical Inspection,5.595,99.1,516.1,172.2,57.8,99.0,81.8,259.5,0.488,0.868,307.3,221154,3,0.5937,11802.8,Electrical Fault,Normal
2023-02-27 03:00:00,Electric_Arc_Furnace_02,Electric Arc Furnace,16687.9,1931.0,Bearing Replacement,5.36,118.7,1307.8,188.6,65.4,100.3,78.4,694.1,2.918,0.845,341.2,187082,2,0.4817,7977.4,Normal,Normal
2023-02-27 07:00:00,Electric_Arc_Furnace_01,Electric Arc Furnace,27692.0,1862.0,Full Overhaul,6.854,123.5,1432.3,170.4,39.3,84.0,81.5,719.4,2.022,0.833,263.0,481155,3,0.7382,0.0,Bearing Failure,Immediate Action
2023-02-27 10:00:00,Blast_Furnace_Blower_02,Blast Furnace Blower,4760.7,1427.0,Full Overhaul,2.677,77.1,440.8,201.7,96.5,113.1,74.4,218.1,0.026,0.967,479.0,61564,0,0.0813,26101.7,Normal,Normal
2023-02-27 11:00:00,Ladle_Crane_01,Ladle Crane,10939.1,617.0,Lubrication,3.855,48.7,356.8,182.9,74.7,108.5,76.6,180.7,2.293,0.914,396.3,114516,3,0.3546,39845.9,Normal,Normal
2023-02-27 12:00:00,Blast_Furnace_Blower_03,Blast Furnace Blower,21588.8,423.0,Lubrication,5.903,79.5,507.2,191.3,45.3,89.2,79.8,261.6,12.224,0.846,312.8,178237,2,0.6149,8602.5,Electrical Fault,Warning
2023-02-27 13:00:00,Hot_Strip_Mill_03,Hot Strip Mill,24214.2,343.0,Full Overhaul,6.533,103.4,1031.2,176.2,60.5,87.0,80.1,511.2,3.833,0.845,285.6,410428,8,0.6206,12282.5,Mechanical Wear,Normal
2023-02-27 16:00:00,Annealing_Furnace_03,Annealing Furnace,14204.8,43.0,Alignment Check,4.248,127.7,416.5,196.4,65.0,107.5,77.7,215.3,4.865,0.91,374.8,116198,3,0.385,16665.7,Normal,Normal
2023-02-27 18:00:00,Annealing_Furnace_02,Annealing Furnace,30650.5,881.0,Bearing Replacement,8.045,131.8,479.7,165.4,20.0,76.9,85.2,241.2,2.287,0.791,197.0,479703,5,0.8679,0.0,Electrical Fault,Immediate Action
2023-02-27 18:00:00,Rolling_Mill_02,Rolling Mill,14600.7,1213.0,Bearing Replacement,3.543,89.6,893.3,184.2,73.6,104.0,79.8,496.4,0.054,0.909,377.5,191946,2,0.3555,25917.1,Normal,Normal
2023-02-27 19:00:00,Continuous_Caster_02,Continuous Caster,14156.9,1189.0,Lubrication,4.276,96.8,646.8,188.5,71.9,94.2,77.1,339.4,0.075,0.925,370.6,221040,1,0.3726,21914.0,Normal,Normal
2023-02-27 20:00:00,Hydraulic_Press_02,Hydraulic Press,1363.6,1403.0,Seal Replacement,1.656,68.2,215.4,202.8,91.2,113.3,74.4,105.9,0.164,0.913,494.7,23346,0,0.0849,18915.5,Normal,Normal
2023-02-27 22:00:00,Continuous_Caster_02,Continuous Caster,19334.8,1021.0,Seal Replacement,6.723,108.4,700.4,177.6,46.9,89.8,81.3,368.9,0.878,0.855,341.2,304942,4,0.6769,17712.6,Mechanical Wear,Normal
2023-02-27 23:00:00,Continuous_Caster_03,Continuous Caster,24833.0,1067.0,Full Overhaul,7.069,110.1,710.7,173.9,38.1,83.5,81.0,353.1,0.505,0.85,265.3,337444,1,0.7246,9703.0,Bearing Failure,Warning
2023-02-28 00:00:00,Cold_Rolling_Mill_01,Cold Rolling Mill,4093.9,1919.0,Electrical Inspection,1.015,63.1,754.6,198.3,87.5,117.0,71.3,402.5,0.449,0.953,491.1,77333,0,0.0492,31556.5,Normal,Normal
2023-02-28 02:00:00,Blast_Furnace_Blower_02,Blast Furnace Blower,10759.6,1129.0,Electrical Inspection,3.608,85.3,487.1,192.5,81.2,99.8,70.1,239.7,2.963,0.91,425.8,86540,1,0.2965,19336.3,Normal,Normal
2023-02-28 08:00:00,Hot_Strip_Mill_01,Hot Strip Mill,27365.9,1748.0,Seal Replacement,7.199,106.5,1024.4,170.6,38.5,85.0,83.9,526.2,2.384,0.857,238.4,234599,5,0.788,10372.5,Bearing Failure,Warning
2023-02-28 09:00:00,Electric_Arc_Furnace_01,Electric Arc Furnace,12870.6,249.0,Bearing Replacement,4.041,120.6,1373.1,183.1,65.6,97.8,77.2,658.9,3.31,0.873,360.5,178105,2,0.407,12503.4,Normal,Normal
2023-02-28 11:00:00,Rolling_Mill_01,Rolling Mill,8531.9,1653.0,Full Overhaul,2.931,98.0,908.6,187.9,86.0,107.0,75.8,452.3,0.602,0.895,445.8,93569,1,0.2843,30700.5,Normal,Normal
2023-02-28 12:00:00,Pickling_Line_01,Pickling Line,23559.8,1377.0,Lubrication,6.837,73.7,354.5,177.6,39.2,89.8,82.0,176.3,2.293,0.807,243.2,310161,2,0.7413,3268.6,Lubrication Failure,Critical
2023-02-28 15:00:00,Cold_Rolling_Mill_02,Cold Rolling Mill,6966.9,12.0,Electrical Inspection,2.419,64.9,779.7,185.5,87.0,118.7,75.1,381.8,0.43,0.917,505.4,79744,0,0.199,27100.6,Normal,Normal
2023-02-28 17:00:00,Blast_Furnace_Blower_01,Blast Furnace Blower,3785.4,431.0,Electrical Inspection,0.677,72.0,441.5,203.4,87.9,117.8,73.5,226.3,1.578,0.95,521.2,72211,0,0.0138,25741.3,Normal,Normal
2023-02-28 17:00:00,Hot_Strip_Mill_02,Hot Strip Mill,31358.3,421.0,Seal Replacement,8.134,108.6,1129.7,168.6,23.4,71.2,88.2,562.4,4.479,0.836,195.1,337884,6,0.8968,7189.5,Lubrication Failure,Warning
2023-02-28 18:00:00,Annealing_Furnace_01,Annealing Furnace,24758.6,795.0,Alignment Check,6.162,130.5,442.9,185.0,50.5,90.1,80.1,227.4,1.525,0.871,334.2,262435,1,0.6567,6118.7,Bearing Failure,Warning
2023-02-28 18:00:00,Electric_Arc_Furnace_01,Electric Arc Furnace,17534.2,783.0,Bearing Replacement,4.499,118.3,1293.7,166.8,68.3,95.0,81.4,716.0,3.148,0.883,366.5,159520,2,0.4329,7001.5,Normal,Warning
2023-02-28 20:00:00,Continuous_Caster_01,Continuous Caster,30460.5,698.0,Bearing Replacement,7.73,110.2,718.5,159.2,43.3,83.6,89.3,382.1,4.26,0.791,284.6,326192,2,0.8283,6589.6,Electrical Fault,Warning
2023-03-01 00:00:00,Continuous_Caster_01,Continuous Caster,4504.2,869.0,Electrical Inspection,1.288,104.0,597.5,192.7,88.7,119.7,73.0,296.6,0.441,0.938,479.1,59125,0,0.0711,29329.4,Normal,Normal
2023-03-01 06:00:00,Continuous_Caster_03,Continuous Caster,23758.5,1654.0,Bearing Replacement,6.248,109.0,702.6,171.9,41.6,91.9,81.2,364.0,3.768,0.839,282.6,253735,4,0.6246,12005.0,Electrical Fault,Normal
2023-03-01 06:00:00,Hydraulic_Press_01,Hydraulic Press,20064.7,101.0,Lubrication,6.019,78.7,253.4,179.7,46.7,87.5,83.1,123.3,4.717,0.847,301.0,184047,5,0.6277,187.9,Mechanical Wear,Immediate Action
2023-03-01 07:00:00,Cold_Rolling_Mill_01,Cold Rolling Mill,16855.1,1695.0,Lubrication,3.904,72.4,832.4,178.0,71.9,101.1,79.1,444.7,3.529,0.863,367.3,189181,3,0.3854,20593.6,Normal,Normal
2023-03-01 08:00:00,Hydraulic_Press_02,Hydraulic Press,17250.1,1837.0,Seal Replacement,5.59,75.4,253.4,179.3,50.4,98.4,78.4,119.2,8.085,0.894,345.1,325639,1,0.4829,2676.0,Normal,Critical
2023-03-01 09:00:00,Pickling_Line_01,Pickling Line,32827.2,732.0,Bearing Replacement,8.454,74.5,336.8,161.7,23.9,66.3,85.0,184.9,3.211,0.821,211.9,354520,5,0.9228,0.0,Electrical Fault,Immediate Action
2023-03-01 09:00:00,Ladle_Crane_03,Ladle Crane,25297.0,333.0,Full Overhaul,7.013,59.2,388.1,165.9,39.1,82.7,82.5,201.6,0.68,0.852,261.9,430869,1,0.766,22362.5,Bearing Failure,Normal
2023-03-01 10:00:00,Blast_Furnace_Blower_01,Blast Furnace Blower,3284.7,1302.0,Alignment Check,2.144,79.8,500.8,200.6,85.2,118.8,76.9,233.0,2.692,0.907,460.5,50209,1,0.1602,26490.5,Normal,Normal
2023-03-01 12:00:00,Annealing_Furnace_03,Annealing Furnace,780.6,1957.0,Full Overhaul,0.958,125.6,390.4,202.9,95.6,120.7,71.3,189.0,0.726,0.943,512.5,14264,0,0.0,32442.8,Normal,Normal
2023-03-01 20:00:00,Ladle_Crane_01,Ladle Crane,28219.1,1732.0,Electrical Inspection,8.606,57.4,378.1,161.2,34.0,75.4,85.4,200.1,3.815,0.791,189.1,554550,11,0.8938,23004.9,Bearing Failure,Normal
2023-03-01 22:00:00,Annealing_Furnace_02,Annealing Furnace,3875.1,1482.0,Seal Replacement,0.789,117.7,382.8,191.8,89.4,124.5,74.5,196.6,1.529,0.912,511.5,34454,0,0.0323,29080.9,Normal,Normal
2023-03-01 23:00:00,Cold_Rolling_Mill_01,Cold Rolling Mill,34535.7,1879.0,Bearing Replacement,9.37,79.7,955.6,162.7,24.7,69.5,89.5,524.7,2.307,0.805,177.4,360745,3,1.0,4022.2,Electrical Fault,Critical
2023-03-02 05:00:00,Blast_Furnace_Blower_01,Blast Furnace Blower,21715.3,1965.0,Alignment Check,5.776,90.3,522.4,173.7,56.4,86.2,78.8,269.1,2.103,0.88,308.4,419572,4,0.5757,8538.5,Bearing Failure,Warning
2023-03-02 07:00:00,Rolling_Mill_03,Rolling Mill,7041.3,373.0,Electrical Inspection,2.047,89.0,913.7,191.7,93.5,117.2,75.3,434.3,0.51,0.903,443.6,81601,1,0.1778,32472.9,Normal,Normal
2023-03-02 07:00:00,Electric_Arc_Furnace_01,Electric Arc Furnace,8486.9,1428.0,Lubrication,3.446,120.0,1267.7,193.6,66.7,100.3,76.7,679.4,2.322,0.924,405.6,88029,4,0.2977,16918.6,Normal,Normal
2023-03-02 07:00:00,Hydraulic_Press_03,Hydraulic Press,22815.2,1796.0,Lubrication,6.727,82.6,253.1,169.7,39.7,82.3,80.4,129.3,3.31,0.85,262.0,424768,4,0.7241,0.0,Electrical Fault,Immediate Action
2023-03-02 08:00:00,Electric_Arc_Furnace_01,Electric Arc Furnace,23111.3,799.0,Electrical Inspection,6.74,121.8,1435.4,169.3,47.1,74.3,84.4,734.6,0.916,0.874,264.6,411028,4,0.724,1512.0,Bearing Failure,Critical
2023-03-02 09:00:00,Hot_Strip_Mill_03,Hot Strip Mill,31849.5,1635.0,Alignment Check,7.99,115.2,1104.0,162.7,24.0,73.1,82.3,610.6,1.874,0.821,220.0,295010,3,0.8811,6696.9,Electrical Fault,Warning
2023-03-02 09:00:00,Hydraulic_Press_01,Hydraulic Press,34385.4,111.0,Alignment Check,9.076,81.7,260.9,155.4,17.7,72.3,86.3,143.8,6.751,0.823,151.2,530847,6,1.0,0.0,Bearing Failure,Immediate Action
2023-03-02 20:00:00,Hydraulic_Press_03,Hydraulic Press,7011.3,1658.0,Lubrication,2.2,62.1,225.7,188.3,85.6,115.9,75.4,111.8,0.728,0.908,444.0,132452,0,0.1989,11752.4,Normal,Normal
2023-03-02 21:00:00,Annealing_Furnace_02,Annealing Furnace,4780.8,589.0,Alignment Check,1.125,123.7,388.3,202.0,100.0,117.9,71.0,196.1,0.033,0.922,479.3,48575,0,0.0635,26632.0,Normal,Normal
2023-03-02 22:00:00,Cold_Rolling_Mill_02,Cold Rolling Mill,2068.4,1541.0,Lubrication,1.341,56.0,791.0,196.7,88.5,113.9,74.3,384.3,2.714,0.885,516.7,19654,0,0.0845,34180.3,Normal,Normal
2023-03-02 22:00:00,Hydraulic_Press_01,Hydraulic Press,30403.6,336.0,Seal Replacement,7.547,79.3,254.9,166.3,37.4,72.0,86.7,126.6,0.929,0.836,234.2,477928,9,0.8178,0.0,Lubrication Failure,Immediate Action
2023-03-03 00:00:00,Blast_Furnace_Blower_02,Blast Furnace Blower,10385.5,98.0,Seal Replacement,3.502,79.7,475.4,182.8,76.7,104.1,74.0,249.9,1.423,0.917,420.7,159629,1,0.2641,19528.2,Normal,Normal
2023-03-03 01:00:00,Blast_Furnace_Blower_03,Blast Furnace Blower,7911.3,888.0,Lubrication,2.771,84.0,486.8,192.9,72.2,113.2,75.4,260.7,1.242,0.913,429.3,97584,0,0.2449,23259.0,Normal,Normal
2023-03-03 01:00:00,Hydraulic_Press_02,Hydraulic Press,163.2,1300.0,Bearing Replacement,0.579,66.7,211.0,194.8,95.7,110.5,73.6,104.1,0.36,0.942,500.9,1437,0,0.0,20441.8,Normal,Normal
2023-03-03 02:00:00,Blast_Furnace_Blower_01,Blast Furnace Blower,11981.4,1694.0,Full Overhaul,3.938,75.5,483.5,187.2,74.7,100.0,75.2,245.4,0.88,0.876,417.3,229118,0,0.293,17314.4,Normal,Normal
2023-03-03 03:00:00,Rolling_Mill_01,Rolling Mill,34685.4,1826.0,Electrical Inspection,9.036,99.1,1036.3,161.7,19.2,69.6,85.0,522.5,7.632,0.806,185.5,373132,2,0.9297,6951.9,Lubrication Failure,Warning
2023-03-03 04:00:00,Rolling_Mill_03,Rolling Mill,18371.6,812.0,Alignment Check,4.629,108.1,954.5,182.9,56.1,90.0,80.9,492.9,7.261,0.874,341.4,263541,0,0.4727,23078.1,Normal,Normal
2023-03-03 05:00:00,Electric_Arc_Furnace_01,Electric Arc Furnace,7244.5,1234.0,Bearing Replacement,2.076,112.6,1302.8,196.4,83.8,110.6,73.7,651.3,0.236,0.91,503.5,88602,0,0.1715,16144.6,Normal,Normal
2023-03-03 05:00:00,Hydraulic_Press_01,Hydraulic Press,11785.2,559.0,Seal Replacement,3.843,65.7,233.2,189.0,69.9,103.3,76.7,118.7,2.008,0.9,378.1,222194,2,0.3616,8284.3,Normal,Normal
2023-03-03 09:00:00,Hydraulic_Press_03,Hydraulic Press,11627.7,518.0,Electrical Inspection,4.46,68.5,232.1,183.5,67.0,106.6,79.7,118.2,1.699,0.892,438.1,165672,2,0.3777,8508.1,Normal,Normal
2023-03-03 10:00:00,Annealing_Furnace_01,Annealing Furnace,788.4,1718.0,Electrical Inspection,1.075,119.2,384.2,196.7,95.0,116.3,74.6,192.9,1.323,0.95,476.7,10568,0,0.0673,32669.6,Normal,Normal
2023-03-03 12:00:00,Hydraulic_Press_01,Hydraulic Press,4817.9,291.0,Alignment Check,1.805,67.7,218.5,197.2,97.6,109.6,73.1,110.4,0.953,0.929,467.1,90087,1,0.1359,15353.9,Normal,Normal
2023-03-03 14:00:00,Hot_Strip_Mill_02,Hot Strip Mill,24362.4,890.0,Seal Replacement,6.96,108.6,1030.2,161.1,41.2,90.2,86.1,546.7,4.99,0.828,266.0,383228,4,0.693,15226.5,Lubrication Failure,Normal
2023-03-03 16:00:00,Annealing_Furnace_01,Annealing Furnace,4296.8,908.0,Bearing Replacement,1.624,128.8,388.8,196.3,86.4,116.1,75.5,187.9,2.306,0.95,466.8,52789,0,0.1136,26953.7,Normal,Normal
2023-03-03 17:00:00,Pickling_Line_03,Pickling Line,8152.6,1169.0,Full Overhaul,3.051,56.8,302.3,193.4,74.9,107.1,78.9,161.9,1.545,0.896,419.4,162379,0,0.2551,18505.0,Normal,Normal
2023-03-03 23:00:00,Rolling_Mill_01,Rolling Mill,12340.7,1262.0,Full Overhaul,4.326,90.9,939.7,180.2,53.4,97.5,81.7,482.4,1.827,0.921,376.1,234346,3,0.4086,26881.9,Normal,Normal
2023-03-04 02:00:00,Continuous_Caster_03,Continuous Caster,26544.9,865.0,Seal Replacement,6.951,110.6,706.0,163.6,36.8,77.9,82.1,367.9,1.795,0.85,247.8,296643,3,0.7509,10110.9,Lubrication Failure,Warning
2023-03-04 02:00:00,Cold_Rolling_Mill_03,Cold Rolling Mill,20425.8,883.0,Electrical Inspection,5.866,69.3,836.9,182.7,60.1,92.6,79.8,469.0,2.921,0.911,290.4,171710,1,0.6102,16574.2,Electrical Fault,Normal
2023-03-04 11:00:00,Continuous_Caster_03,Continuous Caster,24146.1,1243.0,Seal Replacement,6.087,112.3,692.0,170.9,50.1,88.3,77.8,339.9,0.654,0.84,299.9,228178,2,0.6279,13292.5,Thermal Degradation,Normal
2023-03-04 12:00:00,Annealing_Furnace_02,Annealing Furnace,19888.7,1405.0,Electrical Inspection,6.07,142.1,429.6,175.4,49.1,81.8,84.1,241.9,4.464,0.856,345.7,196019,1,0.6109,10725.7,Thermal Degradation,Normal
2023-03-04 14:00:00,Ladle_Crane_03,Ladle Crane,23957.4,1587.0,Lubrication,6.928,59.0,375.4,173.7,47.0,84.0,79.1,188.4,0.792,0.841,334.3,402936,3,0.6953,27604.6,Mechanical Wear,Normal
2023-03-04 14:00:00,Electric_Arc_Furnace_01,Electric Arc Furnace,199.2,1368.0,Alignment Check,0.928,111.3,1210.1,195.5,97.9,124.6,72.5,634.8,0.975,0.947,534.5,2492,0,0.0,25367.0,Normal,Normal
2023-03-04 16:00:00,Hydraulic_Press_02,Hydraulic Press,3971.1,462.0,Lubrication,1.27,67.4,218.6,199.4,95.3,116.1,72.5,102.9,0.829,0.95,486.5,58397,0,0.0514,16494.4,Normal,Normal
2023-03-04 16:00:00,Electric_Arc_Furnace_01,Electric Arc Furnace,32588.3,15.0,Electrical Inspection,8.877,127.3,1547.4,152.7,27.4,82.1,84.5,754.0,3.406,0.799,159.4,393355,6,0.9846,0.0,Electrical Fault,Immediate Action
2023-03-04 17:00:00,Electric_Arc_Furnace_03,Electric Arc Furnace,14278.1,270.0,Electrical Inspection,3.207,111.6,1296.9,181.3,83.5,109.2,76.4,667.4,0.317,0.92,397.2,137446,2,0.2942,10826.9,Normal,Normal
2023-03-04 17:00:00,Cold_Rolling_Mill_03,Cold Rolling Mill,27009.2,1623.0,Lubrication,7.675,72.5,949.7,170.8,36.2,77.3,87.8,469.8,2.07,0.844,247.4,305485,1,0.814,9487.9,Bearing Failure,Warning
2023-03-04 18:00:00,Hot_Strip_Mill_01,Hot Strip Mill,15289.6,962.0,Alignment Check,4.517,91.9,1013.6,181.0,66.2,97.7,80.1,494.8,1.288,0.904,344.1,211291,1,0.4561,23486.3,Normal,Normal
2023-03-04 19:00:00,Pickling_Line_01,Pickling Line,33144.8,767.0,Bearing Replacement,8.41,76.0,336.0,175.3,28.3,77.3,91.2,172.5,3.38,0.778,250.4,451504,1,0.8864,0.0,Lubrication Failure,Immediate Action
2023-03-05 02:00:00,Cold_Rolling_Mill_03,Cold Rolling Mill,16418.9,1500.0,Full Overhaul,4.975,75.3,836.4,181.2,65.9,102.7,79.7,423.8,0.506,0.907,341.6,251860,2,0.4869,19674.9,Normal,Normal
2023-03-05 03:00:00,Ladle_Crane_02,Ladle Crane,30635.4,153.0,Lubrication,8.697,67.8,419.5,159.1,33.8,78.9,86.6,211.9,3.192,0.802,174.1,359012,8,0.9338,22030.6,Lubrication Failure,Normal
2023-03-05 05:00:00,Hydraulic_Press_01,Hydraulic Press,28397.9,1407.0,Electrical Inspection,8.101,81.9,248.8,171.0,36.7,81.9,82.2,132.2,0.126,0.847,232.1,357461,5,0.8244,0.0,Thermal Degradation,Immediate Action
2023-03-05 06:00:00,Continuous_Caster_02,Continuous Caster,34336.4,1045.0,Lubrication,9.032,113.7,744.6,165.4,19.1,65.9,85.6,396.7,6.811,0.802,152.3,300804,6,1.0,2641.5,Bearing Failure,Critical
2023-03-05 12:00:00,Rolling_Mill_03,Rolling Mill,31444.5,1320.0,Full Overhaul,7.391,96.7,994.7,170.7,34.7,88.2,83.7,533.4,1.089,0.865,247.6,439964,3,0.7866,7373.4,Electrical Fault,Warning
2023-03-05 12:00:00,Continuous_Caster_01,Continuous Caster,32436.5,845.0,Electrical Inspection,8.123,112.3,750.6,157.9,34.1,78.3,82.4,373.2,1.336,0.85,211.9,512120,6,0.8842,1379.2,Electrical Fault,Immediate Action
2023-03-05 14:00:00,Cold_Rolling_Mill_01,Cold Rolling Mill,25633.0,42.0,Bearing Replacement,7.081,77.0,897.3,175.3,54.1,89.7,80.4,428.7,5.733,0.872,269.4,217923,6,0.6618,9366.4,Lubrication Failure,Warning
2023-03-05 19:00:00,Cold_Rolling_Mill_02,Cold Rolling Mill,12908.2,205.0,Lubrication,2.682,69.3,823.8,194.7,77.1,110.8,75.0,390.7,1.778,0.945,453.1,181451,1,0.2541,24125.2,Normal,Normal
2023-03-05 20:00:00,Annealing_Furnace_01,Annealing Furnace,3803.8,796.0,Electrical Inspection,2.456,120.1,403.8,186.2,82.4,110.0,72.7,209.6,2.057,0.898,434.3,42352,2,0.2156,27423.0,Normal,Normal
2023-03-06 01:00:00,Hot_Strip_Mill_03,Hot Strip Mill,24133.7,186.0,Full Overhaul,7.14,100.0,1100.0,176.0,49.2,84.0,80.8,548.7,8.696,0.89,266.5,235558,6,0.6893,15565.0,Mechanical Wear,Normal
2023-03-06 01:00:00,Electric_Arc_Furnace_03,Electric Arc Furnace,34255.0,966.0,Alignment Check,9.685,124.7,1494.1,162.1,9.8,72.7,87.0,823.6,9.004,0.795,171.3,276137,3,1.0,0.0,Lubrication Failure,Immediate Action
2023-03-06 02:00:00,Blast_Furnace_Blower_03,Blast Furnace Blower,25458.5,1190.0,Seal Replacement,7.133,88.2,542.5,170.4,44.8,83.5,78.7,278.7,1.849,0.829,306.5,503522,4,0.7097,4900.9,Lubrication Failure,Warning
2023-03-06 03:00:00,Hot_Strip_Mill_02,Hot Strip Mill,32512.7,1289.0,Alignment Check,8.122,107.6,1035.1,178.0,30.1,68.0,88.9,546.6,5.27,0.789,261.1,629941,3,0.8837,6217.0,Electrical Fault,Warning
2023-03-06 05:00:00,Electric_Arc_Furnace_02,Electric Arc Furnace,28170.2,473.0,Seal Replacement,7.169,124.6,1439.7,165.3,40.2,90.9,85.5,748.8,4.806,0.836,284.2,504211,4,0.7184,0.0,Bearing Failure,Immediate Action
2023-03-06 07:00:00,Electric_Arc_Furnace_03,Electric Arc Furnace,5792.7,1528.0,Lubrication,1.949,107.6,1292.3,193.0,86.7,116.1,78.8,594.5,1.051,0.881,478.3,61364,0,0.1457,18164.2,Normal,Normal
2023-03-06 09:00:00,Rolling_Mill_01,Rolling Mill,8797.2,182.0,Alignment Check,3.285,87.9,933.0,183.8,72.3,95.5,74.4,474.1,1.849,0.9,413.0,162097,1,0.2936,31542.2,Normal,Normal
2023-03-06 09:00:00,Cold_Rolling_Mill_03,Cold Rolling Mill,12031.1,1857.0,Alignment Check,3.408,63.7,803.9,188.4,68.6,91.1,76.0,408.7,0.642,0.899,399.1,225779,1,0.3325,23669.5,Normal,Normal
2023-03-06 10:00:00,Pickling_Line_01,Pickling Line,5972.3,273.0,Alignment Check,1.639,59.7,273.8,204.9,90.7,114.5,77.5,139.9,0.91,0.948,487.1,53627,0,0.0908,22446.4,Normal,Normal
2023-03-06 12:00:00,Pickling_Line_01,Pickling Line,20399.6,868.0,Full Overhaul,5.851,63.3,332.8,182.5,45.8,92.3,84.8,166.0,0.925,0.847,366.3,290857,4,0.6155,6470.0,Mechanical Wear,Warning
2023-03-06 12:00:00,Rolling_Mill_03,Rolling Mill,34143.2,77.0,Alignment Check,9.126,105.2,1041.4,146.9,22.6,67.0,86.1,532.3,0.787,0.779,150.7,316943,6,1.0,5428.7,Thermal Degradation,Critical
2023-03-06 14:00:00,Hot_Strip_Mill_01,Hot Strip Mill,26674.9,968.0,Lubrication,7.057,101.9,1046.7,178.5,37.6,78.7,80.7,543.6,3.972,0.842,255.3,384046,1,0.7356,11117.8,Lubrication Failure,Warning
2023-03-06 15:00:00,Pickling_Line_02,Pickling Line,14876.2,1853.0,Electrical Inspection,3.917,62.1,305.3,181.8,72.6,99.6,81.6,144.9,0.231,0.907,367.4,269732,2,0.3923,11076.3,Normal,Normal
2023-03-06 15:00:00,Annealing_Furnace_01,Annealing Furnace,257.2,429.0,Electrical Inspection,0.576,123.8,387.7,196.5,95.3,119.3,70.6,198.3,1.646,0.955,518.7,3991,0,0.0,32698.4,Normal,Normal
2023-03-06 16:00:00,Ladle_Crane_02,Ladle Crane,11033.3,1813.0,Seal Replacement,3.585,47.0,359.4,186.9,65.8,101.5,78.5,178.6,2.608,0.858,396.2,96600,1,0.3466,37830.5,Normal,Normal
2023-03-06 17:00:00,Ladle_Crane_03,Ladle Crane,18483.9,1008.0,Electrical Inspection,5.244,44.7,380.0,178.4,58.5,89.0,80.8,183.3,1.706,0.889,378.0,150051,2,0.505,33764.8,Normal,Normal
2023-03-06 22:00:00,Ladle_Crane_01,Ladle Crane,11416.4,216.0,Alignment Check,2.21,43.5,337.0,190.6,78.8,111.2,74.2,172.4,2.627,0.95,441.3,104248,1,0.1922,37544.4,Normal,Normal
2023-03-06 23:00:00,Hot_Strip_Mill_01,Hot Strip Mill,3975.1,1543.0,Electrical Inspection,1.299,92.5,917.8,194.8,96.2,118.1,70.0,434.9,0.489,0.963,516.3,75148,0,0.0393,33430.6,Normal,Normal
2023-03-06 23:00:00,Blast_Furnace_Blower_02,Blast Furnace Blower,15552.5,874.0,Lubrication,4.873,79.7,509.8,182.7,58.3,88.9,81.3,254.7,6.005,0.904,360.4,308297,2,0.4725,13329.8,Normal,Normal
2023-03-07 00:00:00,Continuous_Caster_03,Continuous Caster,8938.5,959.0,Seal Replacement,2.866,96.9,627.9,196.6,74.6,110.5,72.9,328.7,3.878,0.936,428.2,123359,0,0.2383,27265.4,Normal,Normal
2023-03-07 01:00:00,Ladle_Crane_03,Ladle Crane,31832.2,1226.0,Bearing Replacement,7.941,63.9,395.4,166.6,25.5,75.5,81.8,195.5,0.669,0.822,216.5,391057,1,0.8527,18849.0,Lubrication Failure,Normal
2023-03-07 03:00:00,Pickling_Line_03,Pickling Line,3651.2,1659.0,Electrical Inspection,1.821,60.4,282.9,195.2,97.3,110.7,73.7,151.1,2.194,0.93,474.9,44296,0,0.107,25524.9,Normal,Normal
2023-03-07 04:00:00,Hydraulic_Press_01,Hydraulic Press,1815.4,820.0,Seal Replacement,0.588,69.3,217.8,202.7,100.0,120.4,69.4,104.4,0.659,0.961,550.0,23781,0,0.0099,18060.2,Normal,Normal
2023-03-07 04:00:00,Cold_Rolling_Mill_03,Cold Rolling Mill,285.5,1504.0,Alignment Check,0.609,62.2,729.2,206.3,93.4,118.4,72.7,348.0,1.303,0.955,502.4,3637,0,0.0,35669.5,Normal,Normal
2023-03-07 05:00:00,Blast_Furnace_Blower_02,Blast Furnace Blower,11549.6,322.0,Bearing Replacement,3.531,76.8,498.2,188.0,70.7,102.3,79.8,248.5,3.264,0.916,407.1,198732,5,0.3165,16936.6,Normal,Normal
2023-03-07 07:00:00,Annealing_Furnace_02,Annealing Furnace,23147.5,96.0,Bearing Replacement,8.148,141.3,461.7,169.4,47.8,78.6,85.3,230.2,4.215,0.826,248.7,331911,3,0.7456,8253.4,Bearing Failure,Warning
2023-03-07 07:00:00,Hydraulic_Press_01,Hydraulic Press,25591.4,94.0,Alignment Check,7.43,77.5,243.4,170.6,34.6,80.6,87.7,139.0,7.99,0.826,216.7,231264,4,0.8152,0.0,Mechanical Wear,Immediate Action
2023-03-07 08:00:00,Continuous_Caster_01,Continuous Caster,15918.8,84.0,Seal Replacement,3.742,99.6,660.6,182.3,69.8,108.2,78.9,328.7,2.115,0.906,380.9,144137,1,0.3563,19487.7,Normal,Normal
2023-03-07 09:00:00,Annealing_Furnace_02,Annealing Furnace,23983.1,1052.0,Lubrication,7.069,133.6,463.3,162.5,46.0,85.5,81.6,235.3,6.449,0.854,280.3,223844,6,0.682,9767.9,Mechanical Wear,Normal
2023-03-07 14:00:00,Blast_Furnace_Blower_02,Blast Furnace Blower,12661.0,780.0,Seal Replacement,3.555,81.9,486.5,191.5,78.2,102.2,73.7,241.0,1.806,0.871,426.4,160416,2,0.2891,15673.1,Normal,Normal
2023-03-07 14:00:00,Annealing_Furnace_02,Annealing Furnace,23406.4,1572.0,Bearing Replacement,5.74,138.1,440.1,173.3,50.7,93.6,78.9,212.9,0.676,0.888,298.9,262862,2,0.6156,8813.8,Electrical Fault,Warning
2023-03-07 17:00:00,Hydraulic_Press_01,Hydraulic Press,1516.8,6.0,Bearing Replacement,0.726,62.5,207.3,197.4,96.0,120.4,73.4,106.3,2.594,0.986,514.2,18872,0,0.0,18257.5,Normal,Normal
2023-03-07 21:00:00,Hot_Strip_Mill_03,Hot Strip Mill,13737.3,1343.0,Bearing Replacement,3.469,98.5,994.3,176.5,62.1,95.6,78.7,502.9,1.176,0.889,398.5,125339,1,0.3491,24348.8,Normal,Normal
2023-03-07 22:00:00,Hydraulic_Press_01,Hydraulic Press,27700.7,748.0,Alignment Check,7.188,77.1,246.7,167.0,41.4,84.5,81.6,132.0,1.143,0.829,247.1,523037,6,0.7318,0.0,Bearing Failure,Immediate Action
2023-03-08 03:00:00,Continuous_Caster_02,Continuous Caster,25093.6,270.0,Electrical Inspection,6.672,110.2,716.2,180.2,43.6,90.1,83.5,366.7,1.507,0.845,327.8,369206,2,0.6749,8716.6,Lubrication Failure,Warning
2023-03-08 03:00:00,Hydraulic_Press_01,Hydraulic Press,28124.9,941.0,Seal Replacement,7.877,88.5,258.4,164.0,22.4,73.9,84.4,124.7,0.207,0.81,204.8,504532,4,0.8548,0.0,Bearing Failure,Immediate Action
2023-03-08 06:00:00,Blast_Furnace_Blower_03,Blast Furnace Blower,7227.9,1532.0,Bearing Replacement,2.297,82.3,467.1,204.4,88.0,104.8,72.7,236.2,2.643,0.932,527.5,107362,1,0.1092,21585.2,Normal,Normal
2023-03-08 13:00:00,Continuous_Caster_01,Continuous Caster,8727.5,1740.0,Seal Replacement,3.738,95.4,658.9,189.1,76.4,107.0,79.3,326.6,0.315,0.901,442.7,122616,2,0.2492,25994.4,Normal,Normal
2023-03-08 16:00:00,Annealing_Furnace_03,Annealing Furnace,34863.5,71.0,Lubrication,9.565,137.5,479.3,163.3,23.1,76.2,87.4,227.1,9.238,0.841,185.7,374403,6,0.9873,0.0,Bearing Failure,Immediate Action
2023-03-08 17:00:00,Pickling_Line_01,Pickling Line,3707.9,676.0,Electrical Inspection,1.357,57.8,284.1,190.6,91.5,113.6,74.9,149.6,1.375,0.942,469.5,58778,0,0.0928,24197.3,Normal,Normal
2023-03-08 19:00:00,Hot_Strip_Mill_02,Hot Strip Mill,6405.1,832.0,Full Overhaul,2.38,99.5,901.3,192.1,85.3,108.7,75.0,459.4,2.125,0.934,434.5,58289,2,0.2135,31306.0,Normal,Normal
2023-03-08 21:00:00,Blast_Furnace_Blower_03,Blast Furnace Blower,4637.9,1712.0,Lubrication,2.445,82.9,466.6,190.2,75.5,106.7,75.8,246.3,1.646,0.941,444.2,69632,4,0.1941,23157.1,Normal,Normal
2023-03-09 01:00:00,Rolling_Mill_01,Rolling Mill,11535.2,1590.0,Electrical Inspection,3.419,97.3,914.9,179.5,78.5,103.3,73.7,494.5,0.275,0.927,392.6,153211,1,0.3157,30785.2,Normal,Normal
2023-03-09 02:00:00,Cold_Rolling_Mill_03,Cold Rolling Mill,7435.1,1097.0,Alignment Check,2.421,69.9,806.8,196.6,86.5,101.7,75.3,412.4,0.134,0.93,421.5,64637,2,0.2257,28648.3,Normal,Normal
2023-03-09 05:00:00,Cold_Rolling_Mill_02,Cold Rolling Mill,17469.3,360.0,Lubrication,4.784,72.8,800.9,181.5,60.8,89.5,77.8,433.6,5.578,0.874,334.7,230421,0,0.4865,15898.3,Normal,Normal
2023-03-09 08:00:00,Electric_Arc_Furnace_01,Electric Arc Furnace,16713.1,1108.0,Full Overhaul,5.486,120.7,1289.4,183.4,69.5,88.4,84.6,686.2,1.467,0.874,391.9,252302,3,0.5028,8472.2,Normal,Normal
2023-03-09 12:00:00,Hydraulic_Press_01,Hydraulic Press,31562.5,882.0,Bearing Replacement,8.226,77.1,242.0,164.9,37.1,85.7,84.8,131.7,0.216,0.843,262.4,282647,0,0.8283,0.0,Lubrication Failure,Immediate Action
2023-03-09 12:00:00,Hot_Strip_Mill_01,Hot Strip Mill,1312.4,1806.0,Lubrication,1.15,82.8,915.2,185.7,94.4,109.1,72.7,440.8,2.112,0.962,481.4,15199,0,0.0684,35185.3,Normal,Normal
2023-03-09 17:00:00,Hydraulic_Press_02,Hydraulic Press,11263.8,536.0,Lubrication,3.5,72.2,219.8,179.4,80.3,99.2,77.8,117.4,0.334,0.87,438.7,117477,2,0.336,8921.8,Normal,Normal
2023-03-09 19:00:00,Electric_Arc_Furnace_01,Electric Arc Furnace,20923.4,1591.0,Alignment Check,5.42,124.2,1383.8,182.6,56.4,84.8,80.9,695.0,1.011,0.895,315.9,173357,2,0.5498,3370.0,Normal,Critical
2023-03-09 21:00:00,Electric_Arc_Furnace_02,Electric Arc Furnace,21207.6,1130.0,Alignment Check,7.164,113.4,1403.7,170.1,38.1,91.7,82.7,701.2,1.189,0.889,277.6,190465,2,0.7163,3937.2,Lubrication Failure,Warning
2023-03-09 21:00:00,Rolling_Mill_03,Rolling Mill,16856.4,67.0,Electrical Inspection,4.244,88.6,900.0,186.5,71.0,96.7,79.5,461.3,0.74,0.879,364.7,173097,2,0.4136,22301.8,Normal,Normal
2023-03-09 22:00:00,Hydraulic_Press_02,Hydraulic Press,28566.7,500.0,Alignment Check,8.612,77.6,260.7,164.6,41.0,71.2,85.7,131.1,2.755,0.825,209.5,434180,4,0.8327,0.0,Thermal Degradation,Immediate Action
2023-03-10 03:00:00,Continuous_Caster_03,Continuous Caster,2289.0,261.0,Seal Replacement,1.13,94.6,603.7,199.8,90.9,115.4,72.4,285.8,1.4,0.969,550.0,44220,0,0.0175,32694.7,Normal,Normal
2023-03-10 04:00:00,Hot_Strip_Mill_03,Hot Strip Mill,28560.5,937.0,Electrical Inspection,8.6,107.3,1121.2,166.2,30.1,73.0,87.7,564.9,2.803,0.799,210.6,453619,5,0.8449,7590.3,Lubrication Failure,Warning
2023-03-10 05:00:00,Cold_Rolling_Mill_01,Cold Rolling Mill,17366.9,1585.0,Seal Replacement,5.962,76.2,864.4,171.5,49.8,94.7,77.8,460.8,1.154,0.871,292.4,343262,3,0.5962,18543.9,Lubrication Failure,Normal
2023-03-10 09:00:00,Continuous_Caster_02,Continuous Caster,4768.2,1174.0,Full Overhaul,2.618,93.2,655.5,194.3,79.6,110.1,73.8,318.0,1.642,0.932,539.3,93521,1,0.175,30921.9,Normal,Normal
2023-03-10 12:00:00,Electric_Arc_Furnace_03,Electric Arc Furnace,31011.0,653.0,Electrical Inspection,8.515,129.0,1489.8,172.5,28.2,70.1,84.4,753.9,1.08,0.785,212.4,441813,5,0.8802,0.0,Electrical Fault,Immediate Action
2023-03-10 13:00:00,Annealing_Furnace_01,Annealing Furnace,22758.1,1454.0,Alignment Check,6.509,128.4,431.5,169.7,40.4,92.3,82.4,223.8,3.901,0.818,268.0,242670,2,0.6967,10286.9,Lubrication Failure,Normal
2023-03-10 13:00:00,Rolling_Mill_02,Rolling Mill,5807.7,1240.0,Lubrication,1.738,91.1,867.6,186.2,91.2,116.0,73.5,449.5,0.114,0.971,487.1,110096,0,0.1364,35816.3,Normal,Normal
2023-03-10 14:00:00,Ladle_Crane_01,Ladle Crane,1274.4,139.0,Full Overhaul,1.617,44.3,319.4,201.2,97.6,112.5,71.8,153.4,2.771,0.95,504.1,18382,1,0.0609,48043.6,Normal,Normal
2023-03-10 15:00:00,Pickling_Line_03,Pickling Line,5024.7,216.0,Electrical Inspection,1.784,53.1,272.1,187.2,88.9,114.6,76.7,145.6,1.004,0.934,459.4,49354,0,0.148,22114.6,Normal,Normal
2023-03-10 15:00:00,Hydraulic_Press_03,Hydraulic Press,21347.0,203.0,Bearing Replacement,5.325,73.3,245.0,173.1,57.1,84.8,78.2,122.9,5.943,0.9,311.0,267751,2,0.5491,0.0,Normal,Immediate Action
2023-03-10 16:00:00,Hot_Strip_Mill_03,Hot Strip Mill,6357.4,638.0,Full Overhaul,3.286,90.9,974.2,187.9,86.2,97.9,76.9,474.6,2.036,0.942,428.3,76327,5,0.2671,31053.3,Normal,Normal
2023-03-10 17:00:00,Annealing_Furnace_03,Annealing Furnace,7979.1,1158.0,Bearing Replacement,3.47,126.2,425.1,191.5,86.9,99.7,75.3,208.6,5.211,0.882,442.2,98320,3,0.2902,24026.9,Normal,Normal
2023-03-10 20:00:00,Electric_Arc_Furnace_01,Electric Arc Furnace,977.4,1862.0,Electrical Inspection,0.545,112.5,1144.7,202.4,100.0,123.8,72.8,646.7,0.213,0.941,514.5,8983,0,0.0,24582.8,Normal,Normal
2023-03-11 01:00:00,Continuous_Caster_02,Continuous Caster,25330.3,1337.0,Electrical Inspection,7.288,114.6,697.3,167.4,35.5,88.7,86.3,375.8,5.684,0.83,245.1,342923,6,0.775,11791.9,Bearing Failure,Normal
2023-03-11 02:00:00,Pickling_Line_02,Pickling Line,28381.7,1417.0,Electrical Inspection,7.088,68.0,325.1,163.3,41.2,77.0,76.9,178.2,0.927,0.847,274.1,406214,4,0.752,62.5,Thermal Degradation,Immediate Action
2023-03-11 05:00:00,Pickling_Line_03,Pickling Line,27910.0,194.0,Seal Replacement,7.592,77.0,350.7,180.6,34.5,79.2,82.7,179.2,3.122,0.812,270.8,516822,5,0.8206,262.3,Lubrication Failure,Immediate Action
2023-03-11 10:00:00,Rolling_Mill_01,Rolling Mill,4552.1,211.0,Full Overhaul,2.373,87.6,916.6,195.6,92.8,121.9,72.3,467.1,2.516,0.974,469.3,39927,1,0.1324,34102.5,Normal,Normal
2023-03-11 11:00:00,Pickling_Line_01,Pickling Line,31625.2,277.0,Full Overhaul,9.211,79.8,338.9,164.6,16.6,74.4,86.5,178.8,4.265,0.762,155.3,560689,3,0.9875,0.0,Bearing Failure,Immediate Action
2023-03-11 11:00:00,Rolling_Mill_01,Rolling Mill,23562.5,1165.0,Alignment Check,7.54,98.2,1008.4,174.8,48.5,82.6,84.2,478.9,2.648,0.815,261.9,366173,0,0.6898,16927.8,Electrical Fault,Normal
2023-03-11 16:00:00,Hot_Strip_Mill_03,Hot Strip Mill,31423.7,1486.0,Bearing Replacement,7.496,105.5,1104.1,174.7,34.8,83.5,88.0,555.3,3.181,0.818,272.6,615890,5,0.8206,6180.5,Bearing Failure,Warning
2023-03-11 17:00:00,Hot_Strip_Mill_02,Hot Strip Mill,15349.7,421.0,Alignment Check,4.581,99.6,1049.8,185.2,66.5,94.9,78.0,496.7,1.245,0.935,374.4,205851,3,0.4165,22186.5,Normal,Normal
2023-03-11 17:00:00,Electric_Arc_Furnace_03,Electric Arc Furnace,15705.9,1583.0,Alignment Check,4.898,122.3,1348.2,174.7,59.6,99.5,81.3,666.9,1.313,0.88,360.9,281770,6,0.4997,8956.3,Normal,Normal
2023-03-11 18:00:00,Ladle_Crane_02,Ladle Crane,27480.3,1445.0,Bearing Replacement,7.131,58.0,357.9,168.0,45.9,70.0,82.4,191.6,4.655,0.843,246.4,476824,1,0.7608,22585.6,Lubrication Failure,Normal
2023-03-11 20:00:00,Cold_Rolling_Mill_03,Cold Rolling Mill,3356.1,646.0,Alignment Check,1.419,66.6,726.1,190.7,100.0,111.0,76.5,393.3,2.227,0.942,476.5,64008,0,0.0973,31068.2,Normal,Normal
2023-03-11 21:00:00,Annealing_Furnace_02,Annealing Furnace,18278.5,1115.0,Bearing Replacement,6.532,126.0,429.1,186.8,61.1,94.2,76.4,228.9,1.473,0.894,328.2,255014,5,0.4935,14890.8,Normal,Normal
2023-03-11 22:00:00,Annealing_Furnace_01,Annealing Furnace,29289.8,1021.0,Full Overhaul,8.995,140.8,455.1,158.2,22.2,67.7,86.7,251.7,4.102,0.813,216.3,327893,4,0.9266,3703.5,Mechanical Wear,Critical
2023-03-11 22:00:00,Pickling_Line_01,Pickling Line,29073.7,146.0,Alignment Check,8.14,74.6,349.2,167.6,30.3,74.6,87.5,176.0,2.539,0.816,204.5,373767,4,0.8709,0.0,Bearing Failure,Immediate Action
2023-03-12 00:00:00,Annealing_Furnace_03,Annealing Furnace,33469.0,1682.0,Bearing Replacement,8.39,142.2,448.0,172.5,29.6,83.6,84.9,227.3,0.151,0.805,200.0,437586,5,0.8991,0.0,Lubrication Failure,Immediate Action
2023-03-12 02:00:00,Annealing_Furnace_03,Annealing Furnace,24469.7,1469.0,Lubrication,6.136,137.6,451.0,181.8,47.8,89.0,82.6,221.9,5.95,0.851,283.5,372399,3,0.6628,7508.0,Mechanical Wear,Warning
2023-03-12 07:00:00,Hot_Strip_Mill_02,Hot Strip Mill,7351.2,1354.0,Alignment Check,2.918,92.2,934.0,189.6,89.3,106.9,71.5,443.5,0.163,0.956,485.9,96410,1,0.1446,30815.9,Normal,Normal
2023-03-12 09:00:00,Rolling_Mill_01,Rolling Mill,16831.6,1984.0,Alignment Check,4.57,94.4,932.3,183.9,68.5,100.7,79.3,498.8,5.864,0.876,345.7,141349,2,0.4776,24367.3,Normal,Normal
2023-03-12 09:00:00,Electric_Arc_Furnace_01,Electric Arc Furnace,807.8,680.0,Electrical Inspection,1.6,111.6,1289.7,202.0,93.4,110.4,74.1,611.3,0.176,0.934,479.4,12279,0,0.0715,23967.1,Normal,Normal
2023-03-12 10:00:00,Rolling_Mill_02,Rolling Mill,18028.3,126.0,Bearing Replacement,4.521,101.3,991.9,175.5,61.4,95.8,80.1,520.3,1.315,0.871,399.3,225710,0,0.4663,20262.8,Normal,Normal
2023-03-12 10:00:00,Blast_Furnace_Blower_03,Blast Furnace Blower,8485.2,605.0,Lubrication,3.745,84.0,497.5,177.9,78.3,106.1,75.9,247.5,0.893,0.9,412.4,135923,0,0.321,20874.1,Normal,Normal
2023-03-12 15:00:00,Rolling_Mill_03,Rolling Mill,4451.9,263.0,Bearing Replacement,1.823,92.2,859.2,193.9,80.3,114.1,72.1,407.4,0.38,0.937,456.8,41563,0,0.1524,36478.3,Normal,Normal
2023-03-12 15:00:00,Rolling_Mill_01,Rolling Mill,20558.7,471.0,Alignment Check,6.425,95.9,954.6,182.2,49.4,89.8,83.2,474.5,0.246,0.839,311.2,217491,4,0.5967,19830.5,Bearing Failure,Normal
2023-03-12 16:00:00,Cold_Rolling_Mill_03,Cold Rolling Mill,26772.5,893.0,Electrical Inspection,9.798,70.9,920.8,183.7,39.7,93.3,85.8,459.1,0.384,0.849,247.6,449007,9,0.7718,8493.6,Bearing Failure,Warning
2023-03-12 19:00:00,Hot_Strip_Mill_01,Hot Strip Mill,34761.1,1226.0,Lubrication,9.017,104.8,1113.5,160.0,25.8,71.5,87.0,609.0,5.476,0.815,191.9,553866,9,0.9253,3695.5,Mechanical Wear,Critical
2023-03-12 20:00:00,Pickling_Line_02,Pickling Line,26564.8,196.0,Electrical Inspection,7.592,74.8,334.3,169.4,43.1,74.1,84.6,178.9,1.727,0.846,239.9,322731,7,0.787,769.2,Lubrication Failure,Immediate Action
2023-03-12 22:00:00,Continuous_Caster_03,Continuous Caster,27797.8,1162.0,Alignment Check,7.273,107.5,748.5,163.9,39.5,82.1,78.8,348.7,0.666,0.848,254.7,553413,2,0.7733,6876.6,Thermal Degradation,Warning
2023-03-13 02:00:00,Hydraulic_Press_01,Hydraulic Press,21614.5,1557.0,Seal Replacement,6.145,91.0,250.0,181.5,53.7,86.8,84.3,119.5,4.756,0.835,311.3,253526,4,0.6611,0.0,Lubrication Failure,Immediate Action
2023-03-13 12:00:00,Hot_Strip_Mill_02,Hot Strip Mill,34508.7,1840.0,Alignment Check,9.393,108.4,1103.5,161.6,22.4,71.8,87.9,541.0,2.92,0.793,160.6,378429,5,1.0,4555.0,Lubrication Failure,Critical
2023-03-13 12:00:00,Continuous_Caster_02,Continuous Caster,22434.5,417.0,Electrical Inspection,6.074,109.2,686.5,176.7,44.9,85.9,84.1,365.5,4.285,0.83,350.6,271306,2,0.6379,12868.2,Lubrication Failure,Normal
2023-03-13 13:00:00,Continuous_Caster_02,Continuous Caster,30122.8,1784.0,Full Overhaul,8.013,113.5,736.5,166.5,30.7,75.2,82.4,369.2,0.335,0.811,211.4,512424,4,0.8541,3773.5,Electrical Fault,Critical
2023-03-13 13:00:00,Continuous_Caster_03,Continuous Caster,33107.9,1742.0,Electrical Inspection,9.104,115.7,754.8,155.8,19.4,76.5,88.3,382.0,7.139,0.794,172.6,301565,5,1.0,1495.6,Electrical Fault,Immediate Action
2023-03-13 15:00:00,Rolling_Mill_03,Rolling Mill,32552.1,564.0,Seal Replacement,7.921,97.4,1052.8,170.0,37.3,81.6,86.1,551.6,3.297,0.855,204.2,372773,11,0.8632,7563.7,Thermal Degradation,Warning
2023-03-13 17:00:00,Cold_Rolling_Mill_03,Cold Rolling Mill,13411.4,1375.0,Bearing Replacement,3.631,68.1,835.9,191.0,70.4,101.1,70.5,399.7,0.208,0.911,403.5,205129,5,0.3545,24160.5,Normal,Normal
2023-03-13 17:00:00,Pickling_Line_02,Pickling Line,2845.3,1387.0,Full Overhaul,2.178,58.7,303.0,200.9,88.3,114.9,73.9,140.4,0.027,0.906,461.5,52291,2,0.1381,23657.5,Normal,Normal
2023-03-13 17:00:00,Continuous_Caster_02,Continuous Caster,6098.4,1895.0,Alignment Check,2.779,98.8,630.4,195.4,78.1,109.8,75.7,324.6,2.728,0.889,422.7,80717,2,0.2485,27985.9,Normal,Normal
2023-03-13 20:00:00,Continuous_Caster_02,Continuous Caster,3778.4,185.0,Electrical Inspection,1.291,89.8,628.1,196.1,97.4,109.8,74.0,317.4,1.548,0.945,475.9,46131,2,0.073,32649.8,Normal,Normal
2023-03-13 20:00:00,Cold_Rolling_Mill_03,Cold Rolling Mill,2166.9,462.0,Seal Replacement,1.08,68.5,814.6,193.0,96.2,116.9,70.9,378.6,0.011,0.989,485.2,27230,1,0.055,35052.0,Normal,Normal
2023-03-13 21:00:00,Ladle_Crane_01,Ladle Crane,6544.3,1119.0,Seal Replacement,1.811,42.0,335.0,196.0,91.3,100.6,74.8,160.5,4.098,0.895,455.0,56519,0,0.153,43351.1,Normal,Normal
2023-03-13 21:00:00,Ladle_Crane_01,Ladle Crane,12004.2,514.0,Bearing Replacement,3.47,53.4,340.4,186.0,76.7,109.9,74.8,174.8,2.147,0.894,423.4,231180,0,0.2713,40303.4,Normal,Normal
2023-03-13 21:00:00,Cold_Rolling_Mill_01,Cold Rolling Mill,19069.5,472.0,Full Overhaul,6.223,72.6,880.0,168.5,38.4,85.8,80.6,440.5,8.539,0.822,275.2,162680,4,0.6449,16138.4,Electrical Fault,Normal
2023-03-13 22:00:00,Hot_Strip_Mill_02,Hot Strip Mill,24937.7,1846.0,Lubrication,6.527,100.6,1010.8,170.4,45.0,91.7,79.2,541.8,1.059,0.842,257.4,367649,4,0.7051,11341.8,Mechanical Wear,Warning
2023-03-14 06:00:00,Cold_Rolling_Mill_03,Cold Rolling Mill,7461.4,1446.0,Seal Replacement,2.612,65.5,792.2,191.3,81.6,101.3,76.4,398.6,2.083,0.918,422.9,130736,0,0.2364,29392.1,Normal,Normal
2023-03-14 08:00:00,Electric_Arc_Furnace_02,Electric Arc Furnace,23571.0,1340.0,Alignment Check,7.659,127.8,1457.1,188.8,45.0,87.3,83.1,712.9,0.165,0.872,260.1,430890,3,0.6972,2400.0,Bearing Failure,Critical
2023-03-14 09:00:00,Blast_Furnace_Blower_03,Blast Furnace Blower,24678.6,1904.0,Alignment Check,7.394,84.1,532.3,175.3,37.7,75.2,83.4,285.1,1.559,0.808,229.4,252113,6,0.7793,6471.6,Electrical Fault,Warning
2023-03-14 10:00:00,Electric_Arc_Furnace_02,Electric Arc Furnace,19595.9,138.0,Seal Replacement,5.184,123.7,1293.3,174.9,58.4,94.0,79.5,700.5,0.111,0.857,315.4,164421,3,0.5389,4756.5,Normal,Warning
2023-03-14 13:00:00,Rolling_Mill_01,Rolling Mill,31636.3,1174.0,Electrical Inspection,8.202,104.1,1004.9,160.9,19.0,72.7,86.8,516.2,2.086,0.824,244.6,544800,6,0.8865,8603.0,Lubrication Failure,Warning
2023-03-14 14:00:00,Cold_Rolling_Mill_01,Cold Rolling Mill,3973.7,975.0,Full Overhaul,1.908,62.2,772.2,188.5,88.3,102.5,74.6,395.5,2.044,0.941,476.3,34717,0,0.1551,32933.3,Normal,Normal
2023-03-14 21:00:00,Electric_Arc_Furnace_01,Electric Arc Furnace,6281.5,604.0,Lubrication,1.272,112.8,1239.0,200.2,87.9,119.0,75.0,606.3,0.561,0.959,519.4,83196,0,0.0897,18944.2,Normal,Normal
2023-03-14 23:00:00,Electric_Arc_Furnace_01,Electric Arc Furnace,15060.4,1173.0,Seal Replacement,5.345,121.1,1321.4,177.9,65.5,96.9,80.0,679.3,7.083,0.837,367.5,184630,2,0.5048,11024.4,Normal,Normal
2023-03-14 23:00:00,Continuous_Caster_01,Continuous Caster,4522.3,1601.0,Lubrication,2.441,101.5,607.9,190.7,83.3,111.7,77.1,327.3,3.332,0.921,434.6,43462,1,0.2161,30052.4,Normal,Normal
2023-03-15 00:00:00,Hydraulic_Press_03,Hydraulic Press,19863.7,1123.0,Lubrication,5.975,72.7,235.9,174.4,50.0,97.4,82.4,122.1,0.08,0.873,306.3,285532,2,0.5798,93.9,Mechanical Wear,Immediate Action
2023-03-15 02:00:00,Rolling_Mill_01,Rolling Mill,14004.2,348.0,Bearing Replacement,3.698,96.4,974.4,197.3,65.8,106.2,79.2,472.2,3.123,0.914,406.4,137433,0,0.3532,26279.3,Normal,Normal
2023-03-15 02:00:00,Hot_Strip_Mill_02,Hot Strip Mill,10032.4,1127.0,Electrical Inspection,3.36,100.6,1045.3,193.3,69.4,101.6,75.7,505.8,0.081,0.9,431.0,160234,2,0.3293,28916.7,Normal,Normal
2023-03-15 03:00:00,Blast_Furnace_Blower_02,Blast Furnace Blower,6032.6,393.0,Lubrication,2.37,82.3,475.5,188.5,83.8,122.0,75.8,235.7,2.093,0.935,470.8,105943,2,0.1628,23792.3,Normal,Normal
2023-03-15 04:00:00,Rolling_Mill_02,Rolling Mill,11803.3,302.0,Electrical Inspection,3.569,85.0,930.1,180.5,72.7,105.8,77.2,428.9,1.634,0.927,396.9,127179,3,0.3443,29309.6,Normal,Normal
2023-03-15 05:00:00,Hydraulic_Press_01,Hydraulic Press,21317.8,1094.0,Bearing Replacement,6.139,82.0,249.7,181.2,44.4,84.0,81.0,128.8,3.635,0.854,299.3,359879,3,0.62,0.0,Electrical Fault,Immediate Action
2023-03-15 11:00:00,Blast_Furnace_Blower_02,Blast Furnace Blower,20194.9,212.0,Lubrication,5.669,84.4,492.8,173.5,57.7,91.4,79.2,244.3,1.153,0.871,322.0,318221,1,0.5441,9338.8,Normal,Normal
2023-03-15 12:00:00,Blast_Furnace_Blower_01,Blast Furnace Blower,5810.5,752.0,Electrical Inspection,3.048,80.8,463.2,199.2,90.3,107.6,75.4,227.2,1.503,0.921,447.9,65292,0,0.1834,24041.3,Normal,Normal
2023-03-15 12:00:00,Annealing_Furnace_02,Annealing Furnace,4459.7,1300.0,Full Overhaul,0.988,113.2,361.3,201.5,100.0,126.7,68.9,190.1,0.883,0.935,482.2,46121,1,0.0543,28469.3,Normal,Normal
2023-03-15 18:00:00,Annealing_Furnace_02,Annealing Furnace,1031.0,1166.0,Electrical Inspection,0.503,117.3,385.3,195.4,98.1,124.8,72.7,189.6,0.376,0.923,504.9,19067,0,0.0,32819.4,Normal,Normal
2023-03-15 20:00:00,Rolling_Mill_02,Rolling Mill,533.7,968.0,Full Overhaul,1.023,89.0,856.0,201.9,97.2,119.7,73.2,401.2,0.631,0.938,491.4,5559,0,0.0335,40229.5,Normal,Normal
2023-03-15 20:00:00,Pickling_Line_01,Pickling Line,30805.4,486.0,Bearing Replacement,8.517,75.8,338.6,164.7,22.1,71.4,88.1,180.3,0.385,0.824,186.4,275489,6,0.9323,0.0,Electrical Fault,Immediate Action
2023-03-15 21:00:00,Pickling_Line_01,Pickling Line,1673.6,601.0,Bearing Replacement,0.878,51.1,297.9,191.2,92.2,128.8,72.6,146.1,1.243,0.96,499.1,19777,0,0.0221,26492.9,Normal,Normal
2023-03-15 22:00:00,Rolling_Mill_03,Rolling Mill,25619.6,440.0,Alignment Check,6.502,101.8,1031.2,171.9,41.0,91.0,85.3,510.7,2.42,0.843,263.3,483045,1,0.7035,15532.6,Lubrication Failure,Normal
2023-03-16 00:00:00,Annealing_Furnace_03,Annealing Furnace,30532.3,1051.0,Full Overhaul,8.399,134.8,465.6,162.0,18.6,72.5,84.8,238.8,7.716,0.814,254.5,458911,2,0.9047,687.7,Bearing Failure,Immediate Action
2023-03-16 01:00:00,Ladle_Crane_03,Ladle Crane,15326.9,1686.0,Lubrication,4.529,48.5,355.8,182.8,68.7,102.2,81.3,176.5,0.82,0.911,359.6,162861,1,0.4096,34155.6,Normal,Normal
2023-03-16 01:00:00,Hot_Strip_Mill_03,Hot Strip Mill,3522.2,1775.0,Seal Replacement,1.387,90.9,900.9,197.9,82.2,115.5,72.5,484.5,3.165,0.899,494.1,58534,0,0.0996,33248.4,Normal,Normal
2023-03-16 03:00:00,Rolling_Mill_01,Rolling Mill,33684.4,1600.0,Lubrication,9.238,105.9,1060.4,162.8,23.1,67.2,85.5,507.8,1.643,0.763,190.9,469103,1,0.9777,7107.2,Lubrication Failure,Warning
2023-03-16 03:00:00,Pickling_Line_01,Pickling Line,29211.4,568.0,Full Overhaul,7.62,76.0,334.1,163.5,39.3,74.5,80.1,176.5,9.153,0.799,219.4,510967,7,0.8349,0.0,Mechanical Wear,Immediate Action
2023-03-16 05:00:00,Ladle_Crane_03,Ladle Crane,17190.7,943.0,Lubrication,4.687,57.1,344.9,182.3,72.9,108.7,81.7,177.1,1.5,0.886,388.5,213813,2,0.4287,31769.7,Normal,Normal
2023-03-16 06:00:00,Continuous_Caster_02,Continuous Caster,26713.7,783.0,Bearing Replacement,7.059,106.5,718.0,163.1,40.3,81.8,86.8,359.9,0.329,0.848,263.3,443294,5,0.7578,8573.6,Thermal Degradation,Warning
2023-03-16 08:00:00,Hydraulic_Press_03,Hydraulic Press,29184.9,1054.0,Alignment Check,7.796,81.7,255.7,164.3,27.8,76.2,84.3,138.3,0.162,0.853,219.6,437738,2,0.843,0.0,Lubrication Failure,Immediate Action
2023-03-16 09:00:00,Hydraulic_Press_03,Hydraulic Press,12246.1,890.0,Alignment Check,3.307,65.2,220.2,185.0,69.4,108.0,76.7,111.0,4.442,0.921,412.3,147248,1,0.3232,7928.0,Normal,Normal
2023-03-16 12:00:00,Annealing_Furnace_03,Annealing Furnace,31236.1,914.0,Seal Replacement,9.02,144.2,446.8,155.3,19.7,67.8,85.1,238.5,4.274,0.824,226.8,404928,2,0.9387,1123.6,Lubrication Failure,Immediate Action
2023-03-16 13:00:00,Hot_Strip_Mill_01,Hot Strip Mill,34989.8,752.0,Bearing Replacement,10.017,110.8,1103.5,156.5,13.0,62.3,85.9,602.1,2.851,0.809,166.8,654219,8,1.0,4703.7,Bearing Failure,Critical
2023-03-16 13:00:00,Annealing_Furnace_01,Annealing Furnace,16519.5,137.0,Full Overhaul,4.873,130.0,423.2,180.5,61.6,95.3,83.2,210.9,1.419,0.884,341.8,278118,1,0.4962,16445.2,Normal,Normal
2023-03-16 13:00:00,Hot_Strip_Mill_02,Hot Strip Mill,18520.5,402.0,Bearing Replacement,4.895,102.9,977.3,187.5,55.0,100.8,82.8,531.3,2.808,0.818,322.9,314570,0,0.5153,21300.4,Normal,Normal
2023-03-16 14:00:00,Electric_Arc_Furnace_03,Electric Arc Furnace,29531.3,467.0,Full Overhaul,7.601,124.0,1427.6,172.8,36.1,75.5,84.7,764.1,1.184,0.848,212.2,427230,4,0.8249,0.0,Electrical Fault,Immediate Action
2023-03-16 18:00:00,Pickling_Line_02,Pickling Line,12725.8,1751.0,Full Overhaul,4.321,59.8,308.5,187.3,76.1,101.2,80.9,155.8,1.69,0.867,388.8,169583,1,0.3524,15356.6,Normal,Normal
2023-03-16 21:00:00,Electric_Arc_Furnace_03,Electric Arc Furnace,461.1,1804.0,Electrical Inspection,0.64,111.9,1180.9,190.0,96.0,116.0,76.2,609.1,0.722,0.953,503.7,8009,0,0.0038,25223.3,Normal,Normal
2023-03-16 22:00:00,Continuous_Caster_02,Continuous Caster,21953.5,1382.0,Bearing Replacement,5.613,112.3,685.7,190.8,56.7,98.8,80.9,354.7,1.455,0.838,332.2,277302,7,0.5387,14831.3,Normal,Normal
2023-03-17 00:00:00,Cold_Rolling_Mill_03,Cold Rolling Mill,24666.6,1907.0,Lubrication,6.829,72.8,862.1,167.2,50.8,90.9,83.7,471.0,2.029,0.86,263.0,372919,4,0.7061,12025.7,Mechanical Wear,Normal
2023-03-17 02:00:00,Electric_Arc_Furnace_02,Electric Arc Furnace,22813.0,219.0,Alignment Check,6.768,128.1,1412.2,173.4,51.2,88.9,82.1,772.2,4.441,0.831,280.8,390653,5,0.6677,1542.6,Bearing Failure,Critical
2023-03-17 06:00:00,Rolling_Mill_02,Rolling Mill,33878.4,693.0,Seal Replacement,10.12,108.7,1054.2,161.9,15.4,69.6,86.0,559.9,0.339,0.848,194.5,647068,4,1.0,5249.2,Thermal Degradation,Critical
2023-03-17 10:00:00,Ladle_Crane_02,Ladle Crane,30217.7,1969.0,Electrical Inspection,8.641,61.4,393.6,164.4,36.9,83.7,86.7,198.4,0.309,0.835,202.4,564020,5,0.8854,18733.8,Mechanical Wear,Normal
2023-03-17 12:00:00,Cold_Rolling_Mill_01,Cold Rolling Mill,15764.2,1303.0,Bearing Replacement,4.206,72.8,857.6,187.4,70.2,97.0,81.7,390.1,0.772,0.891,472.3,251090,2,0.4178,20567.9,Normal,Normal
2023-03-17 12:00:00,Blast_Furnace_Blower_01,Blast Furnace Blower,2293.7,1910.0,Full Overhaul,1.005,79.1,447.5,206.1,100.0,120.7,70.5,233.7,0.394,0.951,502.9,18915,0,0.0,27274.4,Normal,Normal
2023-03-17 13:00:00,Continuous_Caster_03,Continuous Caster,16714.5,423.0,Alignment Check,4.483,94.9,661.0,178.5,65.1,100.0,79.1,353.0,1.385,0.902,390.3,281837,3,0.4247,15088.7,Normal,Normal
2023-03-17 13:00:00,Hydraulic_Press_01,Hydraulic Press,24154.6,905.0,Seal Replacement,6.173,81.1,247.7,172.3,42.5,84.4,82.6,123.6,3.051,0.864,276.2,289243,4,0.6652,0.0,Lubrication Failure,Immediate Action
2023-03-17 14:00:00,Rolling_Mill_02,Rolling Mill,21309.1,516.0,Seal Replacement,6.267,101.8,987.6,173.2,53.0,89.8,78.4,501.5,0.415,0.868,327.1,383601,5,0.5848,18157.8,Lubrication Failure,Normal
2023-03-17 15:00:00,Continuous_Caster_03,Continuous Caster,18881.0,1812.0,Bearing Replacement,5.173,100.9,636.3,175.5,50.7,88.2,80.3,356.6,4.547,0.848,329.2,157119,6,0.5276,14688.4,Normal,Normal
2023-03-17 18:00:00,Hot_Strip_Mill_03,Hot Strip Mill,16461.8,1280.0,Lubrication,4.37,93.7,970.4,182.5,68.1,103.2,78.7,482.7,0.95,0.898,357.2,154068,1,0.4502,20154.8,Normal,Normal
2023-03-17 19:00:00,Rolling_Mill_02,Rolling Mill,10352.3,1359.0,Seal Replacement,3.082,91.5,916.5,193.6,74.5,95.9,75.7,426.4,1.405,0.897,415.7,168509,0,0.2842,32108.9,Normal,Normal
2023-03-17 20:00:00,Hot_Strip_Mill_03,Hot Strip Mill,9779.4,1208.0,Bearing Replacement,2.973,101.5,1002.4,181.6,81.3,107.4,79.0,476.6,5.469,0.88,415.1,109434,3,0.2583,28210.8,Normal,Normal
2023-03-17 21:00:00,Hydraulic_Press_03,Hydraulic Press,17558.1,1586.0,Seal Replacement,5.027,70.7,227.1,179.1,70.6,91.3,79.0,117.6,5.441,0.872,325.2,207435,4,0.5026,2210.3,Normal,Critical
2023-03-17 23:00:00,Electric_Arc_Furnace_03,Electric Arc Furnace,5705.0,1019.0,Lubrication,1.758,106.0,1214.8,191.1,88.1,113.3,72.3,657.2,2.784,0.925,479.9,73041,1,0.1178,19795.5,Normal,Normal
2023-03-17 23:00:00,Annealing_Furnace_03,Annealing Furnace,11989.9,1735.0,Electrical Inspection,2.966,123.8,409.3,192.0,77.6,96.0,77.9,206.5,1.981,0.913,402.6,123277,3,0.2796,21110.3,Normal,Normal
2023-03-18 00:00:00,Cold_Rolling_Mill_01,Cold Rolling Mill,11406.9,83.0,Bearing Replacement,3.47,63.9,787.0,190.1,72.5,109.7,77.6,423.7,0.605,0.898,416.0,208900,1,0.314,27013.0,Normal,Normal
2023-03-18 03:00:00,Rolling_Mill_02,Rolling Mill,20590.9,1598.0,Bearing Replacement,6.399,90.5,993.4,180.5,50.5,87.8,81.6,467.0,0.494,0.847,294.3,186539,7,0.61,21455.5,Mechanical Wear,Normal
2023-03-18 07:00:00,Cold_Rolling_Mill_02,Cold Rolling Mill,2427.2,35.0,Electrical Inspection,0.762,57.9,768.7,193.2,97.8,122.3,73.9,373.3,0.196,0.958,505.4,24372,0,0.0134,34042.4,Normal,Normal
2023-03-18 08:00:00,Annealing_Furnace_01,Annealing Furnace,29055.4,660.0,Alignment Check,7.611,137.4,461.1,169.7,40.9,80.0,84.1,232.1,1.48,0.841,247.5,365404,2,0.8014,1473.1,Thermal Degradation,Immediate Action
2023-03-18 10:00:00,Continuous_Caster_03,Continuous Caster,19727.0,905.0,Alignment Check,5.313,113.6,687.1,177.4,59.9,91.2,80.0,352.3,5.263,0.833,308.6,246780,4,0.5563,14220.4,Electrical Fault,Normal
2023-03-18 13:00:00,Rolling_Mill_01,Rolling Mill,23511.9,1107.0,Full Overhaul,6.152,100.5,965.0,165.2,45.8,88.9,80.7,522.9,1.605,0.845,288.8,202730,2,0.6633,16005.9,Bearing Failure,Normal
2023-03-18 16:00:00,Pickling_Line_03,Pickling Line,24638.0,1807.0,Bearing Replacement,7.068,73.1,329.4,162.7,41.3,77.0,85.1,169.1,4.2,0.842,257.4,297169,2,0.7416,3787.5,Lubrication Failure,Critical
2023-03-18 23:00:00,Electric_Arc_Furnace_03,Electric Arc Furnace,10272.8,1800.0,Alignment Check,3.409,112.5,1347.9,184.1,71.1,103.0,80.2,685.9,1.297,0.881,391.6,176405,2,0.3405,14797.9,Normal,Normal
2023-03-19 00:00:00,Hydraulic_Press_01,Hydraulic Press,16516.0,1643.0,Full Overhaul,4.991,74.3,237.6,180.7,68.4,88.8,84.2,120.0,1.727,0.886,350.6,308625,1,0.483,2600.2,Normal,Critical
2023-03-19 01:00:00,Hydraulic_Press_03,Hydraulic Press,33473.0,1967.0,Bearing Replacement,9.333,84.1,247.8,166.1,7.2,64.9,88.6,133.6,0.265,0.8,158.9,317561,5,1.0,0.0,Lubrication Failure,Immediate Action
2023-03-19 01:00:00,Pickling_Line_02,Pickling Line,26858.0,596.0,Alignment Check,7.004,71.3,339.3,168.5,36.2,79.9,87.1,169.9,4.258,0.834,244.0,424843,0,0.7489,1359.6,Mechanical Wear,Immediate Action
2023-03-19 02:00:00,Ladle_Crane_01,Ladle Crane,33937.5,1478.0,Seal Replacement,9.159,67.4,403.9,161.8,22.1,66.3,86.0,193.6,2.334,0.786,151.9,648855,5,1.0,16242.5,Lubrication Failure,Normal
2023-03-19 07:00:00,Cold_Rolling_Mill_01,Cold Rolling Mill,26144.3,127.0,Lubrication,7.338,78.1,876.6,171.8,46.9,85.1,81.3,472.4,7.042,0.835,267.1,303247,4,0.7163,9629.1,Electrical Fault,Warning
2023-03-19 09:00:00,Hot_Strip_Mill_02,Hot Strip Mill,6228.4,639.0,Seal Replacement,2.142,94.0,937.7,187.6,90.9,103.5,72.8,474.3,0.261,0.942,497.0,115342,2,0.1928,32322.1,Normal,Normal
2023-03-19 09:00:00,Continuous_Caster_02,Continuous Caster,2352.3,648.0,Bearing Replacement,1.594,94.9,603.9,193.6,92.0,118.2,73.8,315.3,2.184,0.963,498.0,23235,1,0.0994,33956.9,Normal,Normal
2023-03-19 11:00:00,Hydraulic_Press_02,Hydraulic Press,20260.4,523.0,Full Overhaul,6.215,81.5,241.0,176.9,50.5,101.8,80.3,128.4,2.265,0.847,298.4,371407,3,0.5817,0.0,Lubrication Failure,Immediate Action
2023-03-19 12:00:00,Continuous_Caster_01,Continuous Caster,12587.7,1953.0,Full Overhaul,3.883,104.1,646.8,181.3,75.0,109.5,80.3,306.5,1.584,0.9,396.0,165161,3,0.3114,21423.6,Normal,Normal
2023-03-19 13:00:00,Ladle_Crane_01,Ladle Crane,9713.5,1889.0,Electrical Inspection,2.412,51.4,333.1,195.1,89.3,112.5,74.4,152.9,2.1,0.902,453.1,173913,2,0.1939,43159.3,Normal,Normal
2023-03-19 13:00:00,Pickling_Line_03,Pickling Line,28271.7,786.0,Electrical Inspection,7.747,71.6,340.7,173.8,30.1,75.4,84.2,183.4,10.239,0.823,207.6,297604,1,0.8356,0.0,Lubrication Failure,Immediate Action
2023-03-19 19:00:00,Hot_Strip_Mill_02,Hot Strip Mill,12908.1,743.0,Alignment Check,3.55,102.0,976.5,193.8,71.3,103.1,79.3,481.1,0.702,0.902,392.3,113943,5,0.3552,25148.9,Normal,Normal
2023-03-19 20:00:00,Ladle_Crane_01,Ladle Crane,11163.3,975.0,Electrical Inspection,3.182,46.1,354.3,191.1,73.8,107.4,79.1,174.9,4.437,0.905,464.9,169122,0,0.3088,37856.2,Normal,Normal
2023-03-19 23:00:00,Hot_Strip_Mill_02,Hot Strip Mill,29764.6,855.0,Alignment Check,8.708,112.1,1130.7,164.7,32.2,79.3,87.2,566.0,3.615,0.758,184.8,333251,4,0.9254,7010.6,Bearing Failure,Warning
2023-03-20 00:00:00,Hydraulic_Press_01,Hydraulic Press,29635.4,604.0,Lubrication,7.3,84.5,243.5,158.7,30.2,88.5,85.8,130.5,2.88,0.855,265.0,523924,3,0.7994,0.0,Bearing Failure,Immediate Action
2023-03-20 00:00:00,Cold_Rolling_Mill_02,Cold Rolling Mill,12537.2,527.0,Alignment Check,4.504,64.3,832.5,179.1,55.8,97.2,79.8,435.1,2.076,0.881,364.0,224382,0,0.3952,22153.0,Normal,Normal
2023-03-20 01:00:00,Pickling_Line_03,Pickling Line,29154.2,1861.0,Electrical Inspection,7.533,68.2,333.4,161.3,35.7,72.5,88.2,167.1,4.29,0.806,222.3,486325,6,0.7961,0.0,Electrical Fault,Immediate Action
2023-03-20 01:00:00,Continuous_Caster_02,Continuous Caster,29792.2,401.0,Full Overhaul,7.674,106.7,708.9,163.9,35.7,80.3,81.2,396.4,2.115,0.807,213.7,416268,4,0.8423,5043.8,Lubrication Failure,Critical
2023-03-20 02:00:00,Rolling_Mill_02,Rolling Mill,14895.2,795.0,Alignment Check,3.738,94.5,937.3,189.0,67.7,100.7,76.6,466.9,1.386,0.915,387.3,284168,1,0.3713,26427.6,Normal,Normal
2023-03-20 03:00:00,Continuous_Caster_03,Continuous Caster,2419.9,1383.0,Seal Replacement,1.042,85.3,612.1,200.0,88.3,113.5,75.8,322.7,0.278,0.959,524.8,36361,0,0.0319,31546.6,Normal,Normal
2023-03-20 03:00:00,Cold_Rolling_Mill_03,Cold Rolling Mill,155.3,1946.0,Bearing Replacement,0.724,61.4,816.8,200.9,100.0,115.8,72.5,343.2,1.758,0.945,495.3,1578,0,0.0251,38608.9,Normal,Normal
2023-03-20 04:00:00,Rolling_Mill_02,Rolling Mill,18362.9,1419.0,Electrical Inspection,5.964,93.7,918.6,178.8,50.6,85.4,82.6,486.3,2.298,0.86,299.8,275143,1,0.5894,23300.7,Bearing Failure,Normal
2023-03-20 05:00:00,Electric_Arc_Furnace_01,Electric Arc Furnace,12108.2,1087.0,Lubrication,4.378,113.4,1293.2,181.6,71.8,102.5,72.8,636.6,0.141,0.87,384.5,180543,2,0.3671,12878.1,Normal,Normal
2023-03-20 07:00:00,Hydraulic_Press_03,Hydraulic Press,34899.9,927.0,Seal Replacement,9.975,77.5,278.3,158.9,18.5,79.9,85.8,131.1,1.949,0.82,158.5,547280,8,1.0,0.0,Lubrication Failure,Immediate Action
2023-03-20 07:00:00,Ladle_Crane_02,Ladle Crane,27057.1,1290.0,Alignment Check,8.551,59.5,384.8,165.0,16.9,75.4,82.0,211.3,1.716,0.833,184.9,248697,5,0.9005,20547.2,Electrical Fault,Normal
2023-03-20 09:00:00,Ladle_Crane_02,Ladle Crane,26668.5,1373.0,Full Overhaul,7.798,66.5,386.7,174.0,38.4,78.8,82.7,191.6,0.28,0.857,231.5,433743,6,0.79,23161.0,Lubrication Failure,Normal
2023-03-20 09:00:00,Hot_Strip_Mill_01,Hot Strip Mill,33438.0,1986.0,Lubrication,8.507,105.3,1109.9,163.0,30.2,80.1,85.1,590.7,2.623,0.818,188.0,429331,5,0.9087,4639.7,Thermal Degradation,Critical
2023-03-20 09:00:00,Ladle_Crane_02,Ladle Crane,31081.6,699.0,Bearing Replacement,7.517,62.8,385.1,166.7,34.7,81.4,84.8,203.3,1.857,0.853,232.7,476338,4,0.8039,18611.8,Lubrication Failure,Normal
2023-03-20 10:00:00,Cold_Rolling_Mill_01,Cold Rolling Mill,11204.7,425.0,Alignment Check,3.757,62.4,800.9,179.5,67.2,105.9,79.9,430.0,2.17,0.881,383.8,213445,1,0.3391,25950.1,Normal,Normal
2023-03-20 13:00:00,Electric_Arc_Furnace_03,Electric Arc Furnace,5893.0,850.0,Alignment Check,1.41,116.1,1211.9,192.0,100.0,124.9,75.1,576.6,1.921,0.937,488.8,71090,0,0.098,20229.9,Normal,Normal
2023-03-20 16:00:00,Annealing_Furnace_01,Annealing Furnace,26131.6,492.0,Alignment Check,6.456,136.4,449.8,173.3,46.2,76.3,83.9,234.7,0.208,0.864,263.2,382086,6,0.6965,6322.1,Electrical Fault,Warning
2023-03-20 20:00:00,Pickling_Line_02,Pickling Line,13301.8,92.0,Electrical Inspection,4.29,62.0,306.1,183.3,61.6,93.5,77.1,163.8,0.489,0.905,366.9,229377,1,0.3952,15140.5,Normal,Normal
2023-03-20 21:00:00,Pickling_Line_02,Pickling Line,16613.7,1935.0,Bearing Replacement,5.929,66.5,319.4,171.6,69.4,92.2,77.7,167.8,2.632,0.903,322.9,157073,2,0.5267,11121.2,Normal,Normal
2023-03-20 21:00:00,Hot_Strip_Mill_01,Hot Strip Mill,22100.9,122.0,Bearing Replacement,6.004,103.6,1051.8,167.9,47.6,95.9,81.1,532.2,2.54,0.845,296.3,270761,3,0.6172,15893.5,Mechanical Wear,Normal
2023-03-20 22:00:00,Ladle_Crane_02,Ladle Crane,31784.8,963.0,Full Overhaul,7.904,58.0,397.3,160.7,38.8,76.5,83.2,189.7,0.081,0.84,247.0,306169,4,0.8478,18832.7,Thermal Degradation,Normal
2023-03-20 23:00:00,Pickling_Line_01,Pickling Line,14726.2,956.0,Seal Replacement,4.243,60.0,317.9,182.1,70.2,103.3,76.4,157.7,0.518,0.864,378.6,266200,1,0.4134,13007.8,Normal,Normal
2023-03-21 06:00:00,Hot_Strip_Mill_01,Hot Strip Mill,27437.8,371.0,Electrical Inspection,7.243,109.1,1078.0,174.1,40.1,74.8,80.8,564.3,7.038,0.798,234.3,473666,5,0.7703,11315.6,Lubrication Failure,Warning
2023-03-21 07:00:00,Blast_Furnace_Blower_02,Blast Furnace Blower,9465.1,1155.0,Full Overhaul,3.024,86.7,466.0,190.2,84.8,110.2,76.3,239.2,1.353,0.916,425.6,111690,0,0.2763,19584.4,Normal,Normal
2023-03-21 10:00:00,Continuous_Caster_01,Continuous Caster,24459.2,1649.0,Seal Replacement,6.81,108.4,718.7,169.6,39.8,88.6,82.0,356.4,0.91,0.89,279.8,204270,2,0.6387,9772.0,Electrical Fault,Warning
2023-03-21 11:00:00,Blast_Furnace_Blower_02,Blast Furnace Blower,155.1,1753.0,Seal Replacement,0.696,77.8,454.7,196.4,100.0,116.3,74.5,233.7,0.985,0.98,507.7,2003,0,0.0,28902.7,Normal,Normal
2023-03-21 11:00:00,Continuous_Caster_01,Continuous Caster,30515.6,732.0,Lubrication,8.371,118.3,753.7,165.5,24.5,80.4,88.4,385.7,2.263,0.794,189.4,250484,4,0.9231,3782.3,Mechanical Wear,Critical
2023-03-21 11:00:00,Pickling_Line_03,Pickling Line,1160.2,388.0,Full Overhaul,1.54,55.1,289.0,198.8,100.0,120.7,74.4,151.3,2.011,0.939,495.3,13349,0,0.0712,26598.4,Normal,Normal
2023-03-21 11:00:00,Annealing_Furnace_01,Annealing Furnace,24975.1,1014.0,Full Overhaul,7.209,135.1,451.1,165.7,28.6,82.0,89.3,235.7,1.151,0.812,242.6,262815,3,0.7718,8012.8,Electrical Fault,Warning
2023-03-21 11:00:00,Rolling_Mill_03,Rolling Mill,1714.4,244.0,Seal Replacement,0.872,87.9,842.1,188.5,100.0,119.3,70.8,421.2,0.755,0.953,517.5,18517,0,0.0,38335.3,Normal,Normal
2023-03-21 13:00:00,Rolling_Mill_03,Rolling Mill,9392.0,1701.0,Electrical Inspection,2.664,98.2,939.1,192.6,84.0,101.1,74.7,469.4,1.978,0.929,444.5,152861,0,0.224,29066.9,Normal,Normal
2023-03-21 13:00:00,Annealing_Furnace_03,Annealing Furnace,17452.4,921.0,Lubrication,5.534,134.0,433.5,176.4,53.1,90.5,79.9,227.0,1.08,0.86,373.4,288043,2,0.5482,13201.8,Normal,Normal
2023-03-21 14:00:00,Hydraulic_Press_02,Hydraulic Press,14755.9,1779.0,Alignment Check,4.355,75.2,233.6,190.6,62.6,90.4,78.3,118.5,2.965,0.887,389.3,243113,1,0.4512,4994.5,Normal,Warning
2023-03-21 16:00:00,Hot_Strip_Mill_03,Hot Strip Mill,6795.1,75.0,Alignment Check,2.334,91.9,927.5,189.7,80.5,109.5,72.0,501.7,1.253,0.904,439.0,121236,1,0.2145,32156.1,Normal,Normal
2023-03-21 17:00:00,Hydraulic_Press_02,Hydraulic Press,11750.1,1692.0,Alignment Check,3.342,71.1,225.2,187.2,69.7,106.0,75.6,109.8,0.774,0.89,416.0,205871,3,0.3176,9091.6,Normal,Normal
2023-03-21 18:00:00,Annealing_Furnace_02,Annealing Furnace,25497.0,519.0,Electrical Inspection,6.783,136.7,457.8,171.0,39.5,88.0,83.4,227.5,1.172,0.827,267.4,395871,5,0.6975,4975.9,Thermal Degradation,Warning
2023-03-21 19:00:00,Cold_Rolling_Mill_01,Cold Rolling Mill,23457.1,1911.0,Bearing Replacement,6.286,75.8,878.2,175.3,45.5,86.8,84.4,486.1,5.2,0.832,332.5,251540,2,0.6718,12945.1,Bearing Failure,Normal
2023-03-21 20:00:00,Cold_Rolling_Mill_01,Cold Rolling Mill,2606.3,154.0,Seal Replacement,1.113,58.6,790.2,199.9,99.2,125.4,70.3,401.5,1.41,0.977,483.4,31910,0,0.052,32959.6,Normal,Normal
2023-03-21 21:00:00,Cold_Rolling_Mill_03,Cold Rolling Mill,26181.3,1677.0,Alignment Check,8.269,80.7,904.0,163.4,34.8,74.2,81.3,476.5,10.394,0.845,233.5,338809,4,0.7744,9468.5,Mechanical Wear,Warning
2023-03-21 22:00:00,Continuous_Caster_02,Continuous Caster,1951.3,1068.0,Alignment Check,1.062,101.4,611.4,191.0,83.7,117.2,71.0,294.1,0.497,0.905,485.8,32164,0,0.0576,31931.2,Normal,Normal
2023-03-22 00:00:00,Hot_Strip_Mill_03,Hot Strip Mill,19048.1,388.0,Bearing Replacement,5.278,99.5,1000.8,185.7,59.9,101.5,80.5,482.0,7.794,0.884,333.1,274993,3,0.4957,18701.0,Normal,Normal
2023-03-22 00:00:00,Hydraulic_Press_01,Hydraulic Press,9176.2,862.0,Electrical Inspection,3.522,72.0,226.1,185.9,77.9,108.4,74.6,113.1,2.243,0.916,403.5,155155,1,0.2939,10158.3,Normal,Normal
2023-03-22 05:00:00,Ladle_Crane_01,Ladle Crane,20610.4,607.0,Alignment Check,6.704,55.5,364.4,176.7,46.7,84.6,79.1,194.3,7.042,0.889,290.5,204176,8,0.6516,28990.8,Lubrication Failure,Normal
2023-03-22 07:00:00,Hydraulic_Press_02,Hydraulic Press,9220.4,477.0,Lubrication,4.041,68.4,231.6,185.1,73.9,107.2,74.2,120.4,0.178,0.876,429.5,99469,1,0.3295,11468.6,Normal,Normal
2023-03-22 08:00:00,Pickling_Line_01,Pickling Line,34475.0,1243.0,Seal Replacement,9.212,76.4,350.0,150.7,24.6,67.6,86.6,175.8,1.776,0.812,151.4,299477,4,1.0,0.0,Thermal Degradation,Immediate Action
2023-03-22 12:00:00,Cold_Rolling_Mill_03,Cold Rolling Mill,10909.5,1351.0,Seal Replacement,3.785,63.8,810.6,193.1,72.0,103.0,77.3,417.2,2.1,0.896,414.6,163878,2,0.3461,27157.3,Normal,Normal
2023-03-22 12:00:00,Continuous_Caster_03,Continuous Caster,8544.4,213.0,Alignment Check,2.371,101.3,624.1,196.5,89.2,114.0,76.5,313.2,2.593,0.927,442.0,167319,2,0.1861,27008.2,Normal,Normal
2023-03-22 12:00:00,Rolling_Mill_01,Rolling Mill,9818.4,1451.0,Lubrication,2.71,88.4,921.2,192.8,81.8,100.3,77.2,459.0,0.523,0.926,431.4,142578,3,0.247,30391.0,Normal,Normal
2023-03-22 16:00:00,Continuous_Caster_02,Continuous Caster,31386.9,966.0,Alignment Check,8.149,117.0,722.8,159.7,24.2,80.7,87.6,385.6,8.176,0.773,210.6,334127,4,0.8884,4193.6,Electrical Fault,Critical
2023-03-22 16:00:00,Blast_Furnace_Blower_03,Blast Furnace Blower,22304.0,1060.0,Alignment Check,6.294,88.0,539.4,176.9,52.2,90.9,82.1,267.4,2.845,0.861,283.1,343406,6,0.6669,6997.7,Mechanical Wear,Warning
2023-03-22 19:00:00,Ladle_Crane_03,Ladle Crane,25600.9,1487.0,Full Overhaul,6.536,51.3,372.4,173.3,37.1,76.0,80.9,189.7,0.305,0.856,256.5,413709,2,0.7014,21270.1,Bearing Failure,Normal
2023-03-22 20:00:00,Annealing_Furnace_02,Annealing Furnace,32138.6,864.0,Alignment Check,8.6,136.6,473.5,160.3,17.3,57.9,86.2,240.2,4.376,0.82,197.2,479965,5,0.9029,625.8,Bearing Failure,Immediate Action
2023-03-22 22:00:00,Electric_Arc_Furnace_02,Electric Arc Furnace,31924.3,1187.0,Electrical Inspection,9.493,129.2,1466.7,161.0,25.3,62.6,83.6,782.1,0.607,0.788,172.3,397933,6,0.9401,0.0,Lubrication Failure,Immediate Action
2023-03-23 02:00:00,Hot_Strip_Mill_02,Hot Strip Mill,7004.1,237.0,Seal Replacement,2.417,87.8,989.8,188.4,85.3,118.4,76.1,460.5,1.564,0.946,428.6,97349,1,0.2168,31851.9,Normal,Normal
2023-03-23 02:00:00,Rolling_Mill_02,Rolling Mill,25889.2,1026.0,Seal Replacement,7.453,93.0,994.9,169.8,43.3,82.9,84.3,529.3,3.32,0.835,238.8,464890,4,0.7465,15456.7,Thermal Degradation,Normal
2023-03-23 04:00:00,Electric_Arc_Furnace_02,Electric Arc Furnace,29533.7,855.0,Bearing Replacement,7.358,125.3,1466.8,169.4,29.6,84.0,86.6,715.4,2.199,0.828,225.3,586814,4,0.8049,0.0,Thermal Degradation,Immediate Action
2023-03-23 07:00:00,Annealing_Furnace_02,Annealing Furnace,7211.8,1672.0,Bearing Replacement,2.54,127.8,399.5,196.7,85.5,116.2,76.9,208.3,1.783,0.937,456.7,78754,1,0.19,24369.6,Normal,Normal
2023-03-23 12:00:00,Electric_Arc_Furnace_01,Electric Arc Furnace,26027.2,60.0,Lubrication,6.77,126.9,1364.2,168.9,34.1,88.4,84.0,697.8,4.476,0.852,257.6,277944,2,0.7202,0.0,Lubrication Failure,Immediate Action
2023-03-23 17:00:00,Annealing_Furnace_03,Annealing Furnace,24027.5,67.0,Lubrication,6.857,133.7,450.2,172.0,46.8,87.8,78.9,224.3,2.642,0.87,273.2,213903,2,0.6865,7087.2,Lubrication Failure,Warning
2023-03-23 19:00:00,Blast_Furnace_Blower_03,Blast Furnace Blower,26585.2,1858.0,Alignment Check,7.226,86.3,547.0,169.9,41.4,72.2,82.3,273.1,2.67,0.872,260.0,339947,3,0.7379,3901.2,Electrical Fault,Critical
2023-03-23 22:00:00,Annealing_Furnace_02,Annealing Furnace,18690.7,1640.0,Full Overhaul,5.092,126.5,430.3,183.9,62.3,100.7,81.0,219.1,2.59,0.833,323.7,205251,1,0.5056,13912.8,Normal,Normal
2023-03-24 07:00:00,Annealing_Furnace_01,Annealing Furnace,22391.5,7.0,Alignment Check,6.08,135.5,441.8,175.1,52.3,84.8,84.7,226.5,7.499,0.84,282.4,403019,2,0.646,8223.2,Lubrication Failure,Warning
2023-03-24 14:00:00,Electric_Arc_Furnace_03,Electric Arc Furnace,33370.9,1869.0,Seal Replacement,9.033,130.8,1507.4,165.2,22.7,64.5,88.5,795.9,1.171,0.801,161.1,475183,3,1.0,0.0,Electrical Fault,Immediate Action
2023-03-24 17:00:00,Pickling_Line_01,Pickling Line,10878.8,901.0,Full Overhaul,2.599,64.3,290.8,191.1,79.7,113.1,78.8,149.0,1.151,0.939,431.8,133694,0,0.2218,18079.3,Normal,Normal
2023-03-24 17:00:00,Annealing_Furnace_01,Annealing Furnace,3628.0,595.0,Electrical Inspection,1.716,126.1,397.7,191.4,82.7,111.5,71.4,209.4,1.387,0.972,459.6,31641,0,0.1328,28336.7,Normal,Normal
2023-03-24 18:00:00,Electric_Arc_Furnace_03,Electric Arc Furnace,21436.4,471.0,Electrical Inspection,7.021,120.8,1388.7,177.7,43.9,88.7,81.7,691.1,0.644,0.866,293.1,350428,7,0.63,4052.9,Lubrication Failure,Warning
2023-03-24 18:00:00,Pickling_Line_03,Pickling Line,33745.5,354.0,Electrical Inspection,8.496,75.5,346.9,166.0,12.2,73.8,87.2,181.0,1.037,0.821,189.3,466710,6,0.9384,0.0,Electrical Fault,Immediate Action
2023-03-24 19:00:00,Hydraulic_Press_03,Hydraulic Press,3435.5,246.0,Alignment Check,1.001,68.3,218.7,196.1,99.6,117.3,74.1,105.4,0.378,0.923,489.0,41987,0,0.0511,16389.3,Normal,Normal
2023-03-24 20:00:00,Ladle_Crane_02,Ladle Crane,887.0,1394.0,Alignment Check,1.311,43.4,304.4,197.4,98.3,123.8,71.7,160.0,2.093,0.952,502.8,8747,0,0.0605,49822.0,Normal,Normal
2023-03-24 22:00:00,Hot_Strip_Mill_01,Hot Strip Mill,2045.7,28.0,Seal Replacement,1.138,88.7,940.7,193.4,90.4,108.2,71.4,471.5,1.153,0.909,517.6,32703,0,0.0623,35042.4,Normal,Normal
2023-03-24 23:00:00,Hydraulic_Press_02,Hydraulic Press,1929.0,778.0,Lubrication,2.612,71.5,209.8,183.2,81.7,111.0,75.3,105.7,2.428,0.926,440.1,19546,2,0.1794,17544.6,Normal,Normal
2023-03-25 00:00:00,Hot_Strip_Mill_02,Hot Strip Mill,31782.8,909.0,Lubrication,8.215,108.1,1085.6,162.3,27.6,78.1,84.0,562.1,10.574,0.825,191.0,586172,4,0.9024,5365.7,Lubrication Failure,Critical
2023-03-25 01:00:00,Annealing_Furnace_02,Annealing Furnace,25271.9,586.0,Lubrication,7.532,130.7,447.5,170.0,40.4,85.6,81.7,229.0,7.496,0.862,259.7,502202,4,0.7107,6432.4,Lubrication Failure,Warning
2023-03-25 02:00:00,Continuous_Caster_01,Continuous Caster,23731.0,501.0,Electrical Inspection,7.502,106.5,723.8,168.4,46.5,90.1,82.5,376.3,9.523,0.81,244.0,347239,6,0.7379,10240.9,Electrical Fault,Warning
2023-03-25 04:00:00,Rolling_Mill_01,Rolling Mill,18337.8,1229.0,Alignment Check,5.618,90.4,989.9,173.6,56.1,94.8,76.3,502.4,5.412,0.864,335.1,172475,2,0.525,22454.1,Normal,Normal
2023-03-25 04:00:00,Blast_Furnace_Blower_02,Blast Furnace Blower,27390.1,1657.0,Full Overhaul,6.76,88.2,523.1,173.6,37.4,81.7,84.4,283.1,0.367,0.816,249.3,444446,4,0.7297,1835.2,Electrical Fault,Critical
2023-03-25 04:00:00,Hot_Strip_Mill_02,Hot Strip Mill,5532.1,1011.0,Lubrication,1.589,88.2,942.1,198.9,93.0,111.0,76.2,452.9,1.654,0.96,507.6,53079,3,0.114,31286.7,Normal,Normal
2023-03-25 05:00:00,Rolling_Mill_03,Rolling Mill,13778.7,1424.0,Alignment Check,4.196,93.0,908.6,184.6,65.3,93.1,78.9,502.3,0.208,0.928,370.9,259354,2,0.3773,25742.8,Normal,Normal
2023-03-25 08:00:00,Hydraulic_Press_02,Hydraulic Press,17201.1,1462.0,Seal Replacement,5.452,84.6,230.4,175.0,61.6,90.6,76.0,120.2,5.786,0.89,342.4,258560,3,0.5243,3686.2,Normal,Warning
2023-03-25 09:00:00,Cold_Rolling_Mill_02,Cold Rolling Mill,3953.3,1815.0,Alignment Check,2.367,65.4,818.4,190.0,85.6,105.0,75.6,403.7,0.512,0.899,459.6,69594,0,0.1766,32614.0,Normal,Normal
2023-03-25 09:00:00,Electric_Arc_Furnace_03,Electric Arc Furnace,14741.0,1467.0,Bearing Replacement,4.599,123.5,1393.3,181.4,67.7,96.4,81.3,687.8,0.234,0.88,351.2,228468,0,0.4613,10700.6,Normal,Normal
2023-03-25 13:00:00,Electric_Arc_Furnace_03,Electric Arc Furnace,11145.9,542.0,Alignment Check,3.56,118.5,1293.1,190.4,77.2,93.1,76.4,644.9,0.36,0.909,393.1,159520,2,0.3469,14068.8,Normal,Normal
2023-03-25 15:00:00,Pickling_Line_03,Pickling Line,1341.8,380.0,Bearing Replacement,2.281,50.3,274.7,189.6,86.0,115.8,74.1,142.1,0.108,0.942,470.9,19191,0,0.0932,25862.7,Normal,Normal
2023-03-25 19:00:00,Pickling_Line_01,Pickling Line,4872.1,1816.0,Full Overhaul,1.992,58.9,282.6,190.4,86.7,109.4,75.8,150.5,0.066,0.935,441.0,82206,0,0.1703,22590.3,Normal,Normal
2023-03-25 19:00:00,Electric_Arc_Furnace_02,Electric Arc Furnace,26764.9,1533.0,Bearing Replacement,6.63,121.7,1455.9,172.0,42.2,90.0,81.2,742.6,1.395,0.846,305.5,504003,2,0.7195,0.0,Electrical Fault,Immediate Action
2023-03-25 21:00:00,Annealing_Furnace_02,Annealing Furnace,729.5,1251.0,Bearing Replacement,0.586,116.9,385.7,203.4,98.6,122.4,70.5,193.2,1.405,0.954,497.3,7752,0,0.0098,32318.4,Normal,Normal
2023-03-25 22:00:00,Hydraulic_Press_01,Hydraulic Press,32705.4,1896.0,Bearing Replacement,8.671,82.3,251.0,157.1,33.1,80.5,81.7,138.5,4.436,0.794,199.1,306336,5,0.9087,0.0,Bearing Failure,Immediate Action
2023-03-25 23:00:00,Pickling_Line_02,Pickling Line,3116.2,1346.0,Bearing Replacement,1.811,60.6,292.2,190.2,87.7,112.7,73.2,153.5,0.264,0.945,480.3,27038,1,0.1521,23483.2,Normal,Normal
2023-03-26 00:00:00,Electric_Arc_Furnace_02,Electric Arc Furnace,27993.4,1271.0,Alignment Check,7.125,123.8,1397.8,158.3,32.9,87.1,81.6,731.0,1.683,0.802,236.9,515100,3,0.7521,0.0,Electrical Fault,Immediate Action
2023-03-26 01:00:00,Pickling_Line_03,Pickling Line,31461.7,1738.0,Bearing Replacement,7.881,75.5,326.6,172.5,29.5,77.7,84.3,171.4,4.963,0.841,211.4,297900,3,0.8521,0.0,Lubrication Failure,Immediate Action
2023-03-26 01:00:00,Rolling_Mill_02,Rolling Mill,32945.6,1576.0,Lubrication,8.621,104.7,1025.0,156.5,20.5,68.2,88.1,526.6,2.801,0.761,174.8,512120,6,0.9498,7838.4,Thermal Degradation,Warning
2023-03-26 08:00:00,Electric_Arc_Furnace_02,Electric Arc Furnace,11724.7,1315.0,Seal Replacement,3.905,122.9,1311.3,191.5,65.5,103.1,77.2,675.1,0.804,0.884,374.0,105748,5,0.3871,13616.2,Normal,Normal
2023-03-26 08:00:00,Annealing_Furnace_02,Annealing Furnace,10135.5,999.0,Seal Replacement,3.291,126.3,391.9,194.1,73.8,106.5,74.6,219.3,2.8,0.901,389.4,149593,0,0.3263,19404.9,Normal,Normal
2023-03-26 08:00:00,Electric_Arc_Furnace_01,Electric Arc Furnace,30374.9,592.0,Electrical Inspection,9.101,130.6,1528.1,163.9,20.8,69.3,88.1,784.8,4.393,0.829,167.2,357180,6,0.9643,0.0,Lubrication Failure,Immediate Action
2023-03-26 12:00:00,Annealing_Furnace_03,Annealing Furnace,14986.4,472.0,Seal Replacement,3.917,124.7,402.9,176.1,73.2,102.6,77.9,210.0,3.599,0.918,372.6,224254,0,0.3728,16771.1,Normal,Normal
2023-03-26 15:00:00,Pickling_Line_03,Pickling Line,4961.5,1278.0,Bearing Replacement,2.144,55.9,302.2,198.1,93.6,111.6,69.5,153.1,1.64,0.938,443.0,91962,0,0.1752,21004.2,Normal,Normal
2023-03-26 16:00:00,Cold_Rolling_Mill_01,Cold Rolling Mill,877.3,1475.0,Full Overhaul,0.59,58.7,745.7,204.1,100.0,121.2,71.9,362.4,0.501,0.941,515.8,9818,0,0.0,33899.6,Normal,Normal
2023-03-26 16:00:00,Blast_Furnace_Blower_01,Blast Furnace Blower,30432.3,529.0,Electrical Inspection,8.982,95.1,565.8,168.6,31.5,70.5,85.1,285.3,1.23,0.845,188.4,360955,4,0.906,0.0,Electrical Fault,Immediate Action
2023-03-26 16:00:00,Rolling_Mill_03,Rolling Mill,19439.1,540.0,Seal Replacement,5.355,97.1,932.8,169.9,56.9,96.9,78.7,467.9,0.693,0.879,334.7,206391,1,0.4769,21575.7,Normal,Normal
2023-03-26 19:00:00,Electric_Arc_Furnace_03,Electric Arc Furnace,21344.4,1987.0,Seal Replacement,5.701,119.6,1385.5,173.3,56.8,88.7,81.6,722.5,0.941,0.861,332.5,204010,2,0.5929,3523.4,Bearing Failure,Critical
2023-03-26 22:00:00,Pickling_Line_02,Pickling Line,32451.9,732.0,Lubrication,7.659,75.1,332.2,158.5,40.9,77.9,82.1,168.3,2.727,0.833,222.8,287807,5,0.8245,0.0,Bearing Failure,Immediate Action
2023-03-27 00:00:00,Electric_Arc_Furnace_02,Electric Arc Furnace,23312.7,57.0,Alignment Check,5.896,118.5,1337.6,172.7,56.4,79.3,82.3,735.8,4.108,0.863,317.8,374004,3,0.6218,1420.2,Bearing Failure,Critical
2023-03-27 01:00:00,Ladle_Crane_02,Ladle Crane,24210.8,340.0,Seal Replacement,6.355,60.3,361.5,179.2,47.4,90.9,81.7,187.2,5.655,0.86,283.9,294344,4,0.6205,27421.1,Lubrication Failure,Normal
2023-03-27 02:00:00,Electric_Arc_Furnace_03,Electric Arc Furnace,27565.2,1508.0,Electrical Inspection,7.723,127.8,1430.7,177.0,40.6,72.2,87.3,794.5,3.929,0.844,233.2,372046,3,0.8201,0.0,Bearing Failure,Immediate Action
2023-03-27 04:00:00,Hydraulic_Press_01,Hydraulic Press,4160.6,1348.0,Alignment Check,1.579,67.5,208.3,199.3,98.9,107.2,73.9,99.5,1.023,0.926,490.9,49347,0,0.1236,15937.2,Normal,Normal
2023-03-27 04:00:00,Electric_Arc_Furnace_01,Electric Arc Furnace,12669.7,1670.0,Alignment Check,3.954,118.7,1330.1,188.5,70.1,105.1,79.9,667.4,1.101,0.917,405.3,214521,1,0.3386,11473.0,Normal,Normal
2023-03-27 07:00:00,Hot_Strip_Mill_03,Hot Strip Mill,33890.5,1316.0,Full Overhaul,9.01,109.0,1096.2,158.5,25.6,63.0,89.6,588.5,5.308,0.785,196.1,548765,2,0.9742,4246.2,Thermal Degradation,Critical
2023-03-27 08:00:00,Annealing_Furnace_02,Annealing Furnace,32310.3,1215.0,Lubrication,8.155,138.7,475.6,162.0,26.6,79.8,86.0,236.8,0.112,0.82,193.8,516598,4,0.8816,2360.3,Lubrication Failure,Critical
2023-03-27 12:00:00,Continuous_Caster_03,Continuous Caster,30954.2,1432.0,Electrical Inspection,8.278,122.6,721.4,166.1,21.2,71.1,85.3,406.0,1.57,0.823,188.6,532128,7,0.9005,4880.8,Electrical Fault,Critical
2023-03-27 13:00:00,Rolling_Mill_03,Rolling Mill,15877.9,1802.0,Seal Replacement,4.354,97.6,936.4,181.4,62.9,100.3,77.4,509.0,2.309,0.869,346.1,238098,0,0.4498,23234.9,Normal,Normal
2023-03-27 19:00:00,Cold_Rolling_Mill_01,Cold Rolling Mill,30016.0,1442.0,Lubrication,9.701,77.3,913.7,164.0,19.5,64.7,87.2,493.8,3.981,0.8,180.1,275156,6,0.9716,7984.6,Mechanical Wear,Warning
2023-03-27 21:00:00,Electric_Arc_Furnace_03,Electric Arc Furnace,1789.0,214.0,Full Overhaul,2.034,111.4,1239.3,194.0,88.7,110.8,77.6,612.4,0.113,0.943,550.0,23389,0,0.1328,22623.4,Normal,Normal
2023-03-27 22:00:00,Annealing_Furnace_01,Annealing Furnace,5283.3,1592.0,Electrical Inspection,2.225,128.8,389.6,199.4,71.2,113.9,75.6,198.0,1.765,0.903,441.4,62350,0,0.198,27402.5,Normal,Normal
2023-03-27 23:00:00,Pickling_Line_02,Pickling Line,14547.5,1966.0,Full Overhaul,4.372,62.0,302.6,187.8,67.5,97.3,79.2,152.9,4.648,0.901,398.4,176157,3,0.4303,13413.7,Normal,Normal
2023-03-28 00:00:00,Continuous_Caster_02,Continuous Caster,16970.4,6.0,Full Overhaul,5.043,111.9,702.7,175.5,58.4,90.0,82.7,351.6,1.927,0.885,367.5,175677,3,0.5059,18220.9,Normal,Normal
2023-03-28 00:00:00,Hydraulic_Press_01,Hydraulic Press,9296.4,983.0,Bearing Replacement,3.34,74.6,234.7,190.7,77.5,105.9,80.6,108.1,3.067,0.899,418.7,92333,0,0.3277,10834.9,Normal,Normal
2023-03-28 04:00:00,Ladle_Crane_01,Ladle Crane,12541.0,73.0,Electrical Inspection,3.835,47.0,368.7,186.4,67.9,88.7,77.6,178.5,0.723,0.886,382.6,170511,2,0.3727,37087.6,Normal,Normal
2023-03-28 04:00:00,Blast_Furnace_Blower_01,Blast Furnace Blower,5780.9,1910.0,Alignment Check,2.364,82.1,468.9,189.1,94.1,116.5,75.6,238.5,3.148,0.906,443.7,113622,0,0.1827,23868.7,Normal,Normal
2023-03-28 06:00:00,Annealing_Furnace_01,Annealing Furnace,17170.8,1917.0,Seal Replacement,4.525,120.6,402.4,191.9,60.9,91.3,77.2,208.1,1.933,0.916,339.5,141959,3,0.4618,13565.1,Normal,Normal
2023-03-28 08:00:00,Hot_Strip_Mill_02,Hot Strip Mill,27805.1,1260.0,Lubrication,7.081,103.8,1069.1,171.1,39.8,89.5,83.9,561.3,5.33,0.828,247.0,316701,2,0.7601,8912.3,Mechanical Wear,Warning
2023-03-28 09:00:00,Pickling_Line_01,Pickling Line,3861.9,67.0,Electrical Inspection,0.66,47.5,276.1,204.0,100.0,118.5,72.0,140.2,0.068,0.926,513.1,47422,0,0.0,23564.6,Normal,Normal
2023-03-28 09:00:00,Blast_Furnace_Blower_01,Blast Furnace Blower,23181.5,1013.0,Electrical Inspection,6.123,91.6,513.7,175.5,42.5,90.8,82.9,265.8,3.648,0.823,311.4,454079,1,0.657,7119.1,Lubrication Failure,Warning
2023-03-28 12:00:00,Annealing_Furnace_02,Annealing Furnace,17116.6,1933.0,Lubrication,4.908,137.9,425.8,183.3,62.3,97.8,78.1,217.1,1.175,0.882,329.4,271372,1,0.4876,14009.8,Normal,Normal
2023-03-28 12:00:00,Hydraulic_Press_03,Hydraulic Press,24447.9,1942.0,Electrical Inspection,6.372,82.6,256.9,177.4,42.3,76.6,80.7,124.4,1.953,0.835,291.5,274085,6,0.6864,0.0,Mechanical Wear,Immediate Action
2023-03-28 13:00:00,Ladle_Crane_03,Ladle Crane,18593.3,1486.0,Electrical Inspection,5.675,52.6,367.0,170.9,57.8,87.3,82.5,185.7,5.601,0.835,301.4,269692,3,0.5752,35140.7,Mechanical Wear,Normal
2023-03-28 16:00:00,Annealing_Furnace_01,Annealing Furnace,13769.5,58.0,Lubrication,4.517,135.2,446.7,188.8,60.8,94.8,79.7,220.1,2.086,0.863,344.5,138828,4,0.4546,18788.1,Normal,Normal
2023-03-28 19:00:00,Hot_Strip_Mill_02,Hot Strip Mill,21804.8,1592.0,Electrical Inspection,7.228,97.4,1050.9,171.9,45.5,84.2,83.4,571.5,1.777,0.859,242.3,315389,3,0.7516,17017.7,Electrical Fault,Normal
2023-03-29 05:00:00,Electric_Arc_Furnace_01,Electric Arc Furnace,33905.5,1124.0,Alignment Check,9.094,125.9,1552.6,161.3,13.3,69.9,84.3,799.0,3.927,0.819,155.1,466239,3,0.9977,0.0,Bearing Failure,Immediate Action
2023-03-29 08:00:00,Annealing_Furnace_01,Annealing Furnace,13711.6,1364.0,Lubrication,3.874,119.4,390.9,181.0,84.1,99.5,76.8,199.4,2.046,0.852,429.3,241987,0,0.3635,17961.7,Normal,Normal
2023-03-29 08:00:00,Cold_Rolling_Mill_02,Cold Rolling Mill,3412.3,1943.0,Lubrication,1.645,56.4,773.5,192.1,91.3,113.2,73.5,402.0,2.284,0.905,488.4,61482,0,0.1051,31307.7,Normal,Normal
2023-03-29 10:00:00,Continuous_Caster_01,Continuous Caster,14290.5,1912.0,Seal Replacement,3.877,100.8,656.6,181.1,59.6,101.2,74.6,322.0,3.701,0.928,377.9,145594,4,0.3559,20709.8,Normal,Normal
2023-03-29 12:00:00,Ladle_Crane_01,Ladle Crane,20236.2,208.0,Electrical Inspection,6.227,58.2,376.7,172.6,54.9,88.7,83.4,183.4,4.426,0.83,291.5,390220,5,0.6239,30833.5,Lubrication Failure,Normal
2023-03-29 13:00:00,Rolling_Mill_03,Rolling Mill,5410.9,1512.0,Seal Replacement,1.846,88.7,841.3,194.2,89.3,115.9,75.8,425.3,0.789,0.917,464.8,68573,1,0.1532,32392.7,Normal,Normal
2023-03-29 15:00:00,Blast_Furnace_Blower_03,Blast Furnace Blower,6264.8,1765.0,Seal Replacement,3.21,79.5,468.8,185.2,82.4,111.9,75.4,234.8,4.914,0.92,442.7,53922,1,0.2002,25667.7,Normal,Normal
2023-03-29 16:00:00,Electric_Arc_Furnace_01,Electric Arc Furnace,10059.1,1272.0,Seal Replacement,3.508,116.0,1267.9,197.3,82.4,107.8,73.3,622.8,3.056,0.874,407.7,89711,0,0.2883,15126.9,Normal,Normal
2023-03-29 17:00:00,Hot_Strip_Mill_03,Hot Strip Mill,33459.9,1083.0,Bearing Replacement,8.893,104.4,1141.7,164.2,25.5,79.7,88.2,573.4,3.351,0.812,169.7,435777,3,0.9582,2772.3,Lubrication Failure,Critical
2023-03-29 17:00:00,Electric_Arc_Furnace_03,Electric Arc Furnace,25720.4,1550.0,Full Overhaul,7.503,122.9,1408.0,164.9,38.9,85.1,83.6,719.0,1.047,0.811,255.1,479666,5,0.7458,0.0,Electrical Fault,Immediate Action
2023-03-29 19:00:00,Continuous_Caster_01,Continuous Caster,23193.1,1710.0,Alignment Check,6.457,97.7,695.6,177.5,41.6,86.4,82.6,377.2,0.977,0.836,274.9,229050,1,0.6838,10859.3,Bearing Failure,Normal
2023-03-29 19:00:00,Electric_Arc_Furnace_03,Electric Arc Furnace,28611.8,1247.0,Electrical Inspection,7.859,131.6,1427.9,162.9,28.7,80.4,85.3,751.9,2.996,0.862,292.6,393928,8,0.8645,0.0,Lubrication Failure,Immediate Action
2023-03-29 22:00:00,Pickling_Line_01,Pickling Line,4552.4,1470.0,Seal Replacement,1.471,56.7,276.8,193.4,93.3,115.8,71.5,152.5,0.725,0.933,488.5,65854,0,0.0685,22555.2,Normal,Normal
2023-03-30 01:00:00,Rolling_Mill_02,Rolling Mill,30090.7,800.0,Alignment Check,8.918,103.1,1013.9,170.9,28.0,75.6,85.4,564.5,1.46,0.815,232.0,562538,5,0.889,9601.5,Lubrication Failure,Warning
2023-03-30 06:00:00,Electric_Arc_Furnace_03,Electric Arc Furnace,20859.7,696.0,Bearing Replacement,5.071,123.7,1316.5,175.5,53.5,100.0,82.2,690.7,1.656,0.844,371.7,169983,2,0.5316,5717.4,Normal,Warning
2023-03-30 08:00:00,Blast_Furnace_Blower_02,Blast Furnace Blower,11803.0,408.0,Bearing Replacement,3.974,85.8,475.0,185.4,71.0,102.3,74.5,249.2,1.382,0.845,377.7,220513,2,0.3723,18280.4,Normal,Normal
2023-03-30 08:00:00,Blast_Furnace_Blower_02,Blast Furnace Blower,28573.3,1250.0,Electrical Inspection,8.079,90.2,563.8,171.3,30.2,81.9,86.5,288.2,1.423,0.846,215.8,321196,1,0.8324,2051.2,Thermal Degradation,Critical
2023-03-30 09:00:00,Hot_Strip_Mill_02,Hot Strip Mill,28109.5,1636.0,Electrical Inspection,8.0,105.5,1117.5,173.9,36.7,86.3,84.8,531.6,3.781,0.848,277.2,518841,5,0.7993,10960.4,Lubrication Failure,Warning
2023-03-30 11:00:00,Ladle_Crane_03,Ladle Crane,29615.2,1327.0,Full Overhaul,7.773,68.2,398.6,167.5,42.0,86.8,85.9,205.8,0.691,0.831,221.8,387611,2,0.8443,20167.6,Electrical Fault,Normal
2023-03-30 18:00:00,Cold_Rolling_Mill_01,Cold Rolling Mill,4131.6,785.0,Full Overhaul,1.603,60.2,775.1,186.4,94.3,104.8,73.5,411.9,0.032,0.93,460.6,49283,1,0.1249,30614.5,Normal,Normal
2023-03-30 19:00:00,Ladle_Crane_01,Ladle Crane,33930.7,1974.0,Bearing Replacement,9.085,71.2,395.9,154.7,19.8,61.7,86.7,202.8,0.978,0.804,155.9,674523,4,1.0,13671.2,Lubrication Failure,Warning
2023-03-30 23:00:00,Blast_Furnace_Blower_03,Blast Furnace Blower,33591.0,12.0,Lubrication,9.259,93.6,569.5,167.2,14.1,64.4,84.4,293.5,3.556,0.831,150.4,584136,9,1.0,0.0,Electrical Fault,Immediate Action
2023-03-31 02:00:00,Continuous_Caster_02,Continuous Caster,12575.7,620.0,Seal Replacement,4.683,95.4,687.0,188.2,68.4,91.2,77.4,329.5,0.027,0.905,366.5,173824,3,0.4036,23625.4,Normal,Normal
2023-03-31 11:00:00,Continuous_Caster_03,Continuous Caster,2399.7,1936.0,Electrical Inspection,0.773,95.4,604.3,203.2,100.0,130.0,72.7,312.2,1.494,0.966,519.0,29955,0,0.0012,33582.5,Normal,Normal
2023-03-31 12:00:00,Annealing_Furnace_02,Annealing Furnace,34749.8,1240.0,Full Overhaul,8.361,132.1,469.6,160.0,19.2,73.7,85.6,229.7,6.911,0.794,199.7,566420,1,0.873,0.0,Electrical Fault,Immediate Action
2023-03-31 12:00:00,Cold_Rolling_Mill_02,Cold Rolling Mill,5930.2,771.0,Electrical Inspection,2.941,62.5,778.3,188.5,79.1,115.8,78.0,422.6,0.289,0.923,438.1,70174,0,0.1982,30346.6,Normal,Normal
2023-03-31 13:00:00,Rolling_Mill_02,Rolling Mill,19749.2,479.0,Seal Replacement,4.664,93.8,1032.8,174.6,65.0,97.7,76.2,484.9,0.508,0.868,341.0,256742,2,0.4577,20086.7,Normal,Normal
2023-03-31 17:00:00,Annealing_Furnace_03,Annealing Furnace,12546.1,1380.0,Electrical Inspection,4.031,126.4,410.4,180.8,74.5,95.2,78.1,216.4,0.695,0.822,392.4,198208,4,0.4147,18991.7,Normal,Normal
2023-03-31 19:00:00,Pickling_Line_03,Pickling Line,10158.3,1297.0,Full Overhaul,2.474,66.9,286.5,193.2,88.6,103.0,74.1,153.1,0.549,0.91,444.6,131916,0,0.2179,17221.7,Normal,Normal
2023-03-31 19:00:00,Annealing_Furnace_03,Annealing Furnace,9069.0,1234.0,Lubrication,2.644,128.9,417.7,197.3,88.3,96.4,75.6,199.3,2.879,0.89,460.3,112979,0,0.2502,21518.4,Normal,Normal
2023-03-31 20:00:00,Electric_Arc_Furnace_01,Electric Arc Furnace,23278.9,752.0,Seal Replacement,6.867,120.9,1457.9,170.1,34.7,74.3,83.2,719.8,5.742,0.879,243.1,278903,4,0.7353,3068.9,Thermal Degradation,Critical
2023-03-31 22:00:00,Continuous_Caster_03,Continuous Caster,14736.6,1913.0,Seal Replacement,4.346,101.0,648.8,181.9,62.0,101.4,82.7,358.8,0.655,0.887,393.4,280397,0,0.4502,20443.0,Normal,Normal
2023-03-31 22:00:00,Continuous_Caster_02,Continuous Caster,33792.8,1287.0,Full Overhaul,8.919,118.7,753.2,165.3,23.1,68.0,87.5,369.9,5.826,0.84,170.4,581113,9,0.984,742.6,Electrical Fault,Immediate Action
2023-03-31 22:00:00,Annealing_Furnace_01,Annealing Furnace,23966.1,186.0,Full Overhaul,6.456,138.5,440.9,170.3,33.9,81.2,83.0,229.8,1.911,0.828,264.2,380135,6,0.682,9782.2,Lubrication Failure,Normal
2023-03-31 23:00:00,Cold_Rolling_Mill_03,Cold Rolling Mill,10316.7,639.0,Electrical Inspection,2.813,63.3,772.6,189.9,76.3,108.8,74.8,399.5,1.753,0.919,410.9,105089,0,0.2635,28648.1,Normal,Normal
2023-03-31 23:00:00,Rolling_Mill_01,Rolling Mill,27742.4,1473.0,Bearing Replacement,7.508,99.6,988.0,167.3,35.9,89.3,84.9,517.9,6.525,0.854,226.2,443456,2,0.7989,14672.0,Thermal Degradation,Normal
2023-04-01 01:00:00,Pickling_Line_01,Pickling Line,2863.6,660.0,Lubrication,1.387,55.6,279.2,195.1,94.1,123.3,75.9,152.1,0.385,0.962,484.9,55058,0,0.0578,24927.8,Normal,Normal
2023-04-01 01:00:00,Cold_Rolling_Mill_03,Cold Rolling Mill,17125.0,452.0,Full Overhaul,4.963,71.0,846.1,182.7,61.8,91.9,80.2,431.0,7.053,0.871,333.3,158703,1,0.4936,18988.6,Normal,Normal
2023-04-01 04:00:00,Continuous_Caster_03,Continuous Caster,11078.9,1296.0,Bearing Replacement,3.642,104.5,661.9,187.5,72.1,109.1,76.4,347.3,4.664,0.899,402.6,118418,1,0.3282,24604.6,Normal,Normal
2023-04-01 05:00:00,Continuous_Caster_03,Continuous Caster,7152.7,1912.0,Electrical Inspection,2.566,102.0,622.3,193.1,78.8,113.0,76.2,334.6,1.015,0.932,437.3,59297,1,0.1965,29592.6,Normal,Normal
2023-04-01 06:00:00,Pickling_Line_02,Pickling Line,33347.2,1637.0,Seal Replacement,8.038,67.6,336.6,161.4,36.3,70.9,87.4,181.5,0.091,0.827,219.2,414452,3,0.841,0.0,Lubrication Failure,Immediate Action
2023-04-01 10:00:00,Hot_Strip_Mill_01,Hot Strip Mill,15595.2,1848.0,Seal Replacement,5.778,99.0,1033.5,183.1,52.6,93.8,80.6,494.8,2.516,0.862,337.2,182300,2,0.5238,21283.8,Normal,Normal
2023-04-01 10:00:00,Continuous_Caster_01,Continuous Caster,6197.3,1861.0,Bearing Replacement,2.485,91.1,628.1,199.5,81.5,99.0,75.4,320.0,5.161,0.889,451.8,112206,0,0.2239,28011.6,Normal,Normal
2023-04-01 12:00:00,Hydraulic_Press_03,Hydraulic Press,7032.9,3.0,Lubrication,2.216,68.7,218.4,196.1,80.6,109.2,75.0,115.9,0.796,0.952,476.1,112543,0,0.1907,13673.6,Normal,Normal
2023-04-01 13:00:00,Ladle_Crane_02,Ladle Crane,9896.8,1249.0,Electrical Inspection,3.345,46.1,357.7,183.0,76.9,99.6,78.5,183.8,0.297,0.865,387.5,173350,3,0.3312,41034.8,Normal,Normal
2023-04-01 16:00:00,Hydraulic_Press_03,Hydraulic Press,34976.1,1860.0,Bearing Replacement,9.111,81.7,259.1,152.9,13.6,73.0,87.7,136.5,6.36,0.81,177.2,342223,4,0.9814,0.0,Lubrication Failure,Immediate Action
2023-04-01 16:00:00,Hydraulic_Press_03,Hydraulic Press,9453.6,1103.0,Seal Replacement,3.082,75.1,221.1,188.0,76.6,103.9,76.8,115.1,0.709,0.909,402.3,140396,4,0.286,10403.2,Normal,Normal
2023-04-01 18:00:00,Hydraulic_Press_03,Hydraulic Press,11575.2,1360.0,Full Overhaul,2.699,71.3,218.5,193.6,82.8,114.5,75.2,108.4,5.196,0.863,423.3,160635,0,0.2346,8321.1,Normal,Normal
2023-04-01 19:00:00,Pickling_Line_03,Pickling Line,23110.6,873.0,Seal Replacement,6.278,69.9,325.7,169.7,47.5,85.1,82.7,154.1,1.672,0.853,281.3,303142,3,0.6731,5930.2,Mechanical Wear,Warning
2023-04-01 21:00:00,Pickling_Line_02,Pickling Line,10359.3,1704.0,Lubrication,3.21,60.6,310.4,187.1,82.8,106.8,73.4,147.5,2.504,0.908,460.2,206350,0,0.2819,16978.0,Normal,Normal
2023-04-01 21:00:00,Blast_Furnace_Blower_03,Blast Furnace Blower,7631.6,327.0,Seal Replacement,2.736,85.2,481.6,196.5,85.8,110.6,78.0,256.2,3.164,0.917,438.6,101946,0,0.2289,21276.4,Normal,Normal
2023-04-01 21:00:00,Pickling_Line_02,Pickling Line,5636.4,184.0,Lubrication,2.688,57.4,296.2,182.2,82.5,105.9,75.9,143.6,2.802,0.924,455.4,52321,2,0.2465,23889.7,Normal,Normal
2023-04-02 01:00:00,Rolling_Mill_03,Rolling Mill,11012.6,745.0,Seal Replacement,3.355,91.9,913.9,189.0,64.9,110.5,74.6,469.8,3.082,0.873,412.5,92480,3,0.3137,29017.4,Normal,Normal
2023-04-02 03:00:00,Cold_Rolling_Mill_01,Cold Rolling Mill,3796.5,158.0,Seal Replacement,1.902,62.2,783.4,191.3,96.0,120.1,72.7,395.9,2.402,0.952,497.7,66727,1,0.0856,32117.9,Normal,Normal
2023-04-02 07:00:00,Blast_Furnace_Blower_02,Blast Furnace Blower,750.8,283.0,Lubrication,0.946,73.6,448.5,204.2,100.0,121.8,73.6,219.2,0.634,0.935,505.0,6093,0,0.0,29853.1,Normal,Normal
2023-04-02 11:00:00,Continuous_Caster_02,Continuous Caster,28182.0,315.0,Lubrication,6.82,118.2,707.9,174.4,37.4,80.7,86.1,361.1,2.689,0.831,256.3,535890,1,0.7344,5779.6,Mechanical Wear,Warning
2023-04-02 12:00:00,Continuous_Caster_01,Continuous Caster,4912.5,10.0,Lubrication,2.498,93.3,630.1,193.4,93.0,106.2,75.5,310.1,3.13,0.925,476.4,51592,1,0.1606,30875.5,Normal,Normal
2023-04-02 13:00:00,Pickling_Line_03,Pickling Line,27181.6,1628.0,Seal Replacement,7.349,63.7,330.2,169.3,40.3,79.9,85.4,173.6,0.556,0.855,240.4,504990,1,0.8033,496.9,Mechanical Wear,Immediate Action
2023-04-02 20:00:00,Continuous_Caster_03,Continuous Caster,27934.2,1785.0,Lubrication,7.472,111.5,755.4,163.4,32.4,79.3,83.3,378.6,4.08,0.827,220.1,489699,2,0.8014,8247.7,Bearing Failure,Warning
2023-04-02 23:00:00,Rolling_Mill_02,Rolling Mill,18873.4,80.0,Alignment Check,5.5,94.3,1022.5,180.8,50.5,86.5,84.7,509.4,0.534,0.844,317.2,198604,2,0.5852,19286.1,Bearing Failure,Normal
2023-04-03 00:00:00,Cold_Rolling_Mill_02,Cold Rolling Mill,10907.9,466.0,Electrical Inspection,4.318,57.9,819.1,187.7,66.5,100.6,77.0,400.1,5.228,0.922,378.9,196730,2,0.3581,25578.8,Normal,Normal
2023-04-03 03:00:00,Hydraulic_Press_01,Hydraulic Press,5161.6,682.0,Full Overhaul,1.796,69.5,217.2,193.7,93.2,106.4,74.4,115.5,2.717,0.906,500.6,61186,0,0.151,14699.6,Normal,Normal
2023-04-03 04:00:00,Ladle_Crane_02,Ladle Crane,25814.5,1596.0,Bearing Replacement,7.067,61.3,372.9,165.4,35.2,89.7,83.7,196.3,1.711,0.825,284.5,271105,1,0.7668,23128.5,Electrical Fault,Normal
2023-04-03 09:00:00,Continuous_Caster_01,Continuous Caster,21088.4,467.0,Seal Replacement,7.285,113.7,708.1,172.0,39.8,89.4,85.9,335.9,1.273,0.87,288.4,222969,6,0.7112,14721.5,Lubrication Failure,Normal
2023-04-03 09:00:00,Electric_Arc_Furnace_03,Electric Arc Furnace,22975.3,798.0,Lubrication,5.992,120.1,1348.9,173.5,49.6,82.9,82.0,682.8,1.634,0.869,289.0,424687,4,0.6153,1913.4,Lubrication Failure,Critical
2023-04-03 12:00:00,Continuous_Caster_03,Continuous Caster,402.6,1948.0,Lubrication,1.402,88.6,604.8,202.0,90.4,118.8,74.5,300.4,1.888,0.929,484.9,3290,0,0.0502,35086.8,Normal,Normal
2023-04-03 12:00:00,Pickling_Line_01,Pickling Line,32470.3,1655.0,Electrical Inspection,8.428,69.9,351.5,170.9,27.9,63.4,85.0,175.1,0.757,0.79,218.1,548029,0,0.9321,0.0,Lubrication Failure,Immediate Action
2023-04-03 14:00:00,Hot_Strip_Mill_02,Hot Strip Mill,2413.5,199.0,Seal Replacement,1.694,84.7,955.3,198.5,88.8,112.3,74.7,445.9,0.715,0.944,470.7,42550,2,0.1212,36488.8,Normal,Normal
2023-04-03 15:00:00,Hydraulic_Press_03,Hydraulic Press,12901.5,639.0,Bearing Replacement,4.545,77.6,236.5,185.1,79.2,102.5,76.0,114.8,1.265,0.874,426.8,160580,1,0.3289,6450.3,Normal,Normal
2023-04-03 16:00:00,Pickling_Line_03,Pickling Line,14154.6,1154.0,Seal Replacement,4.283,67.3,312.9,190.7,71.1,95.4,77.1,164.8,3.101,0.915,393.7,233149,1,0.4144,13390.3,Normal,Normal
2023-04-03 16:00:00,Continuous_Caster_03,Continuous Caster,147.3,1366.0,Alignment Check,1.069,100.1,584.2,198.0,100.0,115.8,73.4,306.9,1.414,0.955,539.2,2778,0,0.0,35334.9,Normal,Normal
2023-04-03 18:00:00,Hydraulic_Press_03,Hydraulic Press,26373.0,169.0,Seal Replacement,7.848,75.9,259.3,165.0,27.7,76.4,83.1,138.4,1.6,0.838,233.2,417718,3,0.8237,0.0,Bearing Failure,Immediate Action
2023-04-03 18:00:00,Cold_Rolling_Mill_01,Cold Rolling Mill,17448.4,1289.0,Full Overhaul,4.98,70.9,860.0,185.0,59.3,100.6,77.6,407.1,1.261,0.873,361.7,253368,5,0.4102,19409.0,Normal,Normal
2023-04-03 21:00:00,Annealing_Furnace_01,Annealing Furnace,28832.1,1986.0,Bearing Replacement,7.437,134.4,451.6,168.0,35.9,82.9,86.5,242.1,5.714,0.872,275.2,472964,4,0.8021,3357.9,Thermal Degradation,Critical
2023-04-03 22:00:00,Rolling_Mill_02,Rolling Mill,30791.0,366.0,Full Overhaul,7.73,104.9,1002.6,157.8,33.6,84.8,83.0,514.1,0.472,0.838,215.0,601646,2,0.8376,9438.9,Thermal Degradation,Warning
2023-04-03 22:00:00,Electric_Arc_Furnace_03,Electric Arc Furnace,17121.4,352.0,Alignment Check,4.435,112.4,1345.2,175.6,61.7,98.7,82.8,659.8,1.712,0.876,360.4,223250,1,0.4603,8126.8,Normal,Normal
2023-04-04 01:00:00,Ladle_Crane_02,Ladle Crane,22109.2,484.0,Full Overhaul,6.812,61.2,390.4,170.8,50.4,90.6,85.0,194.0,0.099,0.853,256.1,325239,2,0.7229,26122.4,Thermal Degradation,Normal
2023-04-04 05:00:00,Blast_Furnace_Blower_02,Blast Furnace Blower,2875.2,821.0,Bearing Replacement,2.496,81.1,460.9,195.6,86.2,108.8,77.7,239.3,1.331,0.966,454.5,39120,1,0.1477,25851.2,Normal,Normal
2023-04-04 08:00:00,Annealing_Furnace_02,Annealing Furnace,17132.5,642.0,Electrical Inspection,4.763,138.6,427.2,180.2,64.1,96.1,77.8,225.6,0.745,0.903,366.2,201963,3,0.4786,12698.6,Normal,Normal
2023-04-04 08:00:00,Cold_Rolling_Mill_01,Cold Rolling Mill,5503.1,1024.0,Lubrication,2.928,67.8,801.0,196.3,85.7,115.5,76.4,375.2,4.01,0.919,434.1,106303,2,0.2003,30610.9,Normal,Normal
2023-04-04 09:00:00,Electric_Arc_Furnace_01,Electric Arc Furnace,13000.5,1821.0,Electrical Inspection,3.71,118.3,1243.3,176.7,71.6,103.1,77.2,656.5,2.443,0.904,391.1,180361,0,0.3177,10976.3,Normal,Normal
2023-04-04 10:00:00,Continuous_Caster_02,Continuous Caster,14881.6,774.0,Bearing Replacement,4.816,105.2,689.8,190.5,67.7,94.7,77.0,339.6,0.92,0.889,370.6,296030,1,0.4037,20805.3,Normal,Normal
2023-04-04 10:00:00,Ladle_Crane_03,Ladle Crane,11592.8,81.0,Full Overhaul,4.782,52.3,342.7,188.1,73.7,103.6,79.2,178.7,1.038,0.907,381.3,222221,2,0.3574,41612.3,Normal,Normal
2023-04-04 11:00:00,Continuous_Caster_03,Continuous Caster,20050.1,1972.0,Electrical Inspection,5.922,109.3,654.5,180.1,58.6,98.6,83.1,347.4,2.898,0.848,324.0,366649,5,0.5947,13708.9,Lubrication Failure,Normal
2023-04-04 12:00:00,Annealing_Furnace_02,Annealing Furnace,31610.4,496.0,Electrical Inspection,8.208,128.4,473.0,169.9,39.1,74.5,85.8,239.9,0.851,0.847,213.2,315541,2,0.8345,1479.3,Electrical Fault,Immediate Action
2023-04-04 12:00:00,Pickling_Line_01,Pickling Line,13867.5,1637.0,Lubrication,4.028,63.2,315.7,190.3,58.1,102.6,77.2,159.2,0.672,0.905,419.3,117332,1,0.3665,15088.0,Normal,Normal
2023-04-04 16:00:00,Continuous_Caster_01,Continuous Caster,34341.5,784.0,Electrical Inspection,9.282,104.2,756.2,154.3,13.1,67.0,83.8,369.4,4.164,0.824,169.4,497851,6,0.9903,1938.2,Electrical Fault,Critical
2023-04-04 19:00:00,Cold_Rolling_Mill_01,Cold Rolling Mill,26590.1,1821.0,Seal Replacement,7.408,66.4,897.3,163.2,37.8,75.4,85.5,461.2,2.365,0.811,256.1,384434,2,0.7683,8537.2,Bearing Failure,Warning
2023-04-04 19:00:00,Cold_Rolling_Mill_02,Cold Rolling Mill,17950.7,1274.0,Alignment Check,4.621,69.0,795.5,180.8,69.1,100.1,78.3,392.7,2.484,0.881,351.9,273891,2,0.4397,18822.7,Normal,Normal
2023-04-04 21:00:00,Rolling_Mill_01,Rolling Mill,22576.5,1787.0,Bearing Replacement,5.713,98.8,989.2,175.6,52.9,98.9,79.3,476.0,0.863,0.852,328.3,196055,3,0.5965,18906.3,Electrical Fault,Normal
2023-04-05 00:00:00,Cold_Rolling_Mill_02,Cold Rolling Mill,3667.6,1269.0,Electrical Inspection,1.736,57.2,763.9,195.9,92.0,109.8,73.0,367.8,0.835,0.921,456.5,42084,0,0.126,34028.9,Normal,Normal
2023-04-05 02:00:00,Ladle_Crane_03,Ladle Crane,20424.3,1808.0,Full Overhaul,5.787,63.4,372.5,174.0,47.6,86.2,81.0,192.4,4.443,0.839,314.6,289457,2,0.6163,29249.3,Thermal Degradation,Normal
2023-04-05 02:00:00,Hot_Strip_Mill_02,Hot Strip Mill,29573.8,1781.0,Lubrication,7.917,111.6,1126.3,159.6,45.1,71.7,86.2,547.8,0.773,0.816,203.7,413008,1,0.8603,6689.1,Lubrication Failure,Warning
2023-04-05 03:00:00,Electric_Arc_Furnace_03,Electric Arc Furnace,34513.8,599.0,Seal Replacement,9.147,133.1,1442.9,165.0,22.6,68.4,87.2,767.0,5.162,0.829,152.9,668149,8,0.9956,0.0,Lubrication Failure,Immediate Action
2023-04-05 05:00:00,Rolling_Mill_01,Rolling Mill,22311.4,1678.0,Seal Replacement,6.161,96.6,954.7,174.8,54.0,92.8,81.3,514.4,2.811,0.852,313.3,436992,2,0.5848,19925.6,Mechanical Wear,Normal
2023-04-05 05:00:00,Annealing_Furnace_02,Annealing Furnace,29210.5,1680.0,Lubrication,7.76,137.6,439.8,159.3,38.9,69.6,82.3,237.6,5.491,0.82,239.8,545507,5,0.8169,3260.9,Lubrication Failure,Critical
2023-04-05 05:00:00,Electric_Arc_Furnace_02,Electric Arc Furnace,28011.7,1410.0,Full Overhaul,7.546,127.0,1400.1,159.0,38.6,84.3,85.6,753.9,1.861,0.827,227.6,308240,4,0.8269,0.0,Bearing Failure,Immediate Action
2023-04-05 06:00:00,Continuous_Caster_03,Continuous Caster,12156.6,482.0,Electrical Inspection,3.527,101.8,660.1,193.1,79.0,112.0,77.7,339.0,5.593,0.928,398.1,190751,3,0.2972,23343.6,Normal,Normal
2023-04-05 06:00:00,Continuous_Caster_02,Continuous Caster,9160.4,216.0,Seal Replacement,3.068,95.0,626.4,199.2,90.6,111.6,79.3,304.5,0.096,0.881,446.3,103414,1,0.2054,26233.6,Normal,Normal
2023-04-05 07:00:00,Hydraulic_Press_03,Hydraulic Press,15124.2,1236.0,Bearing Replacement,4.575,71.8,227.3,179.4,73.3,93.6,79.6,118.9,0.756,0.898,373.0,293527,2,0.417,4357.8,Normal,Warning
2023-04-05 07:00:00,Ladle_Crane_02,Ladle Crane,16406.7,1308.0,Seal Replacement,4.99,54.9,358.3,185.0,63.5,101.3,79.9,183.6,0.928,0.86,344.5,230896,3,0.4823,32923.5,Normal,Normal
2023-04-05 12:00:00,Continuous_Caster_01,Continuous Caster,8479.0,1940.0,Seal Replacement,1.825,99.4,615.6,197.1,87.5,110.1,71.0,311.9,1.886,0.905,456.5,152115,1,0.1501,26596.1,Normal,Normal
2023-04-05 13:00:00,Electric_Arc_Furnace_01,Electric Arc Furnace,31321.5,796.0,Seal Replacement,8.132,130.0,1470.5,157.6,30.8,76.7,86.6,789.3,2.927,0.804,196.6,398285,7,0.8828,0.0,Lubrication Failure,Immediate Action
2023-04-05 16:00:00,Ladle_Crane_02,Ladle Crane,19034.9,1445.0,Seal Replacement,5.593,52.4,386.0,179.7,46.1,91.3,84.3,190.4,1.5,0.849,302.2,239414,2,0.5698,29715.3,Lubrication Failure,Normal
2023-04-05 20:00:00,Rolling_Mill_03,Rolling Mill,34247.7,1758.0,Full Overhaul,9.024,104.3,1062.0,163.5,17.4,64.0,85.9,542.2,7.327,0.808,150.7,287832,10,1.0,5505.5,Electrical Fault,Critical
2023-04-05 20:00:00,Rolling_Mill_01,Rolling Mill,28369.6,1598.0,Lubrication,6.997,99.1,1040.1,168.1,34.3,91.7,80.4,508.6,0.606,0.789,265.2,383380,6,0.7604,10904.2,Thermal Degradation,Warning
2023-04-06 03:00:00,Continuous_Caster_03,Continuous Caster,19494.1,809.0,Seal Replacement,6.209,114.3,652.0,175.0,58.4,84.6,79.2,350.1,3.52,0.845,313.5,306515,4,0.5756,15558.2,Mechanical Wear,Normal
2023-04-06 03:00:00,Hot_Strip_Mill_03,Hot Strip Mill,33151.7,479.0,Electrical Inspection,9.337,110.9,1114.1,161.3,27.0,70.2,88.5,603.7,3.461,0.822,154.3,316876,4,0.9969,4343.4,Lubrication Failure,Critical
2023-04-06 04:00:00,Pickling_Line_03,Pickling Line,17720.1,64.0,Lubrication,5.158,68.4,307.1,174.6,60.4,93.9,79.3,166.0,1.964,0.894,314.2,181067,4,0.5366,9704.6,Normal,Normal
2023-04-06 12:00:00,Ladle_Crane_01,Ladle Crane,31060.0,1516.0,Seal Replacement,7.987,66.3,391.6,171.2,30.0,76.9,83.5,203.5,1.627,0.809,198.5,610628,7,0.8668,17548.5,Electrical Fault,Normal
2023-04-06 14:00:00,Pickling_Line_02,Pickling Line,13314.6,1004.0,Alignment Check,3.846,54.7,314.7,182.2,73.1,100.5,78.3,154.1,0.34,0.878,363.8,251679,1,0.3909,15431.6,Normal,Normal
2023-04-06 14:00:00,Continuous_Caster_02,Continuous Caster,12599.3,770.0,Seal Replacement,2.692,103.2,650.0,190.3,77.0,109.2,76.2,312.9,3.42,0.892,418.9,211405,1,0.2407,22407.1,Normal,Normal
2023-04-06 15:00:00,Ladle_Crane_01,Ladle Crane,14692.8,1965.0,Bearing Replacement,5.142,54.3,358.6,179.3,65.3,97.0,82.3,169.5,0.769,0.88,354.4,201493,5,0.4987,36283.5,Normal,Normal
2023-04-06 16:00:00,Ladle_Crane_03,Ladle Crane,19177.2,10.0,Full Overhaul,5.566,59.5,378.8,181.4,52.4,85.6,80.0,193.5,0.343,0.875,302.9,194650,1,0.5891,28532.4,Lubrication Failure,Normal
2023-04-06 16:00:00,Rolling_Mill_02,Rolling Mill,19416.8,551.0,Lubrication,6.027,97.4,984.0,175.6,52.9,84.5,81.1,509.4,11.8,0.862,299.4,194099,5,0.5925,21614.9,Lubrication Failure,Normal
2023-04-06 22:00:00,Electric_Arc_Furnace_01,Electric Arc Furnace,17424.3,1962.0,Seal Replacement,5.364,113.5,1372.5,177.5,57.7,100.3,75.4,754.4,1.662,0.882,335.2,252648,2,0.5063,8058.5,Normal,Normal
2023-04-07 01:00:00,Blast_Furnace_Blower_02,Blast Furnace Blower,10779.4,976.0,Lubrication,3.804,77.9,483.3,178.0,73.9,104.7,76.2,251.0,0.654,0.906,384.0,178773,0,0.3528,20019.1,Normal,Normal
2023-04-07 02:00:00,Rolling_Mill_02,Rolling Mill,32459.5,1875.0,Full Overhaul,8.953,100.3,1036.7,163.2,22.7,72.1,86.7,564.4,0.618,0.809,194.0,616427,10,0.9426,8840.8,Lubrication Failure,Warning
2023-04-07 07:00:00,Cold_Rolling_Mill_02,Cold Rolling Mill,20641.7,1703.0,Lubrication,4.827,71.4,837.4,178.5,59.4,101.5,79.0,438.2,1.475,0.881,331.2,265987,4,0.5024,14572.5,Normal,Normal
2023-04-07 09:00:00,Rolling_Mill_01,Rolling Mill,14330.1,1423.0,Bearing Replacement,4.616,95.0,979.3,175.9,57.8,99.9,74.4,482.9,0.072,0.93,360.5,170611,4,0.454,25310.1,Normal,Normal
2023-04-07 13:00:00,Continuous_Caster_02,Continuous Caster,22826.1,1427.0,Lubrication,6.016,113.3,682.9,177.8,52.6,93.2,82.4,360.3,5.048,0.846,296.2,438706,2,0.6091,14053.9,Lubrication Failure,Normal
2023-04-07 17:00:00,Hot_Strip_Mill_02,Hot Strip Mill,33629.4,594.0,Bearing Replacement,9.019,110.8,1119.0,156.9,21.9,70.8,85.1,584.9,4.073,0.838,181.3,479086,4,0.9978,4283.3,Lubrication Failure,Critical
2023-04-07 17:00:00,Blast_Furnace_Blower_03,Blast Furnace Blower,26902.0,9.0,Lubrication,7.387,90.5,516.1,163.7,47.0,88.8,84.6,281.5,3.034,0.807,240.3,361653,3,0.772,4655.9,Electrical Fault,Warning
2023-04-07 18:00:00,Blast_Furnace_Blower_03,Blast Furnace Blower,17534.3,882.0,Full Overhaul,4.567,78.9,494.1,183.8,68.1,94.9,80.4,261.3,3.226,0.917,352.4,234798,2,0.4635,13008.5,Normal,Normal
2023-04-07 23:00:00,Ladle_Crane_02,Ladle Crane,4012.2,1040.0,Electrical Inspection,1.174,45.7,335.3,199.7,98.6,114.6,70.4,172.6,0.974,0.978,487.5,69086,0,0.0654,47023.7,Normal,Normal
2023-04-08 02:00:00,Electric_Arc_Furnace_03,Electric Arc Furnace,15482.7,888.0,Full Overhaul,4.718,128.4,1345.6,181.7,62.1,86.2,77.5,687.5,2.627,0.871,344.8,137084,0,0.4662,10835.5,Normal,Normal
2023-04-08 02:00:00,Pickling_Line_03,Pickling Line,16816.1,873.0,Seal Replacement,4.545,64.9,313.6,181.7,65.9,93.6,81.2,164.2,1.735,0.901,372.6,303307,2,0.4248,11474.0,Normal,Normal
2023-04-08 02:00:00,Continuous_Caster_03,Continuous Caster,31405.1,1725.0,Seal Replacement,8.299,110.5,752.7,162.1,26.2,79.4,87.9,394.5,1.249,0.828,209.0,398944,2,0.8876,2322.0,Electrical Fault,Critical
2023-04-08 02:00:00,Pickling_Line_02,Pickling Line,13878.5,1939.0,Bearing Replacement,4.772,65.7,314.3,177.5,68.7,93.3,80.2,161.2,2.008,0.845,343.2,271894,0,0.4529,13721.6,Normal,Normal
2023-04-08 07:00:00,Rolling_Mill_03,Rolling Mill,33371.0,1694.0,Lubrication,9.031,109.2,1037.7,158.6,22.3,67.9,85.8,568.3,1.376,0.791,172.5,387294,3,1.0,10389.2,Lubrication Failure,Warning
2023-04-08 10:00:00,Hydraulic_Press_03,Hydraulic Press,17031.1,1382.0,Bearing Replacement,4.51,74.9,233.3,189.4,73.2,103.7,78.9,109.5,1.127,0.877,372.9,232363,1,0.3975,2213.7,Normal,Critical
2023-04-08 11:00:00,Hot_Strip_Mill_02,Hot Strip Mill,34084.9,1473.0,Lubrication,8.916,112.6,1149.3,156.0,23.5,72.5,87.5,572.4,6.319,0.796,236.0,445447,5,0.9629,3972.4,Mechanical Wear,Critical
2023-04-08 13:00:00,Continuous_Caster_02,Continuous Caster,386.1,1475.0,Alignment Check,1.145,100.3,611.2,184.1,85.1,117.2,69.6,306.1,2.167,0.956,486.6,6802,0,0.0745,37043.1,Normal,Normal
2023-04-08 17:00:00,Hydraulic_Press_03,Hydraulic Press,31468.7,1599.0,Seal Replacement,8.282,83.2,256.7,161.1,26.1,82.8,83.1,133.3,8.92,0.802,249.7,505349,6,0.8792,0.0,Lubrication Failure,Immediate Action
2023-04-08 18:00:00,Hydraulic_Press_01,Hydraulic Press,32596.1,112.0,Alignment Check,8.971,85.7,257.7,168.8,27.3,75.2,88.7,138.9,6.65,0.799,192.8,513789,6,0.9709,0.0,Electrical Fault,Immediate Action
2023-04-08 21:00:00,Ladle_Crane_03,Ladle Crane,33639.6,150.0,Seal Replacement,9.075,62.6,402.0,158.0,19.0,59.6,81.8,203.7,4.895,0.814,218.7,557472,5,1.0,12545.9,Bearing Failure,Warning
2023-04-08 21:00:00,Hot_Strip_Mill_03,Hot Strip Mill,556.4,195.0,Lubrication,0.934,87.6,912.5,200.1,100.0,128.1,72.2,425.7,0.482,0.93,504.6,10854,0,0.0,36538.2,Normal,Normal
2023-04-08 22:00:00,Electric_Arc_Furnace_02,Electric Arc Furnace,6092.4,1822.0,Electrical Inspection,2.975,113.6,1300.7,192.6,91.4,108.7,74.8,634.9,0.314,0.9,439.7,83681,1,0.1955,17585.4,Normal,Normal
2023-04-09 03:00:00,Cold_Rolling_Mill_03,Cold Rolling Mill,22916.4,1244.0,Alignment Check,6.39,68.3,916.7,169.4,50.3,89.2,80.6,433.8,5.319,0.836,280.0,362542,2,0.6792,14203.8,Electrical Fault,Normal
2023-04-09 10:00:00,Pickling_Line_03,Pickling Line,989.0,911.0,Alignment Check,1.331,58.0,289.5,203.8,98.6,117.3,73.1,140.0,0.47,0.94,476.2,16028,0,0.0738,27236.2,Normal,Normal
2023-04-09 11:00:00,Ladle_Crane_02,Ladle Crane,2320.0,1540.0,Electrical Inspection,0.541,41.8,334.6,198.8,86.6,115.9,72.0,151.7,0.608,0.966,524.9,42420,0,0.0,44479.3,Normal,Normal
2023-04-09 12:00:00,Blast_Furnace_Blower_03,Blast Furnace Blower,7815.7,440.0,Seal Replacement,3.744,81.5,487.0,193.9,75.8,107.7,76.6,257.5,4.599,0.91,405.5,89556,0,0.2879,20748.5,Normal,Normal
2023-04-09 13:00:00,Rolling_Mill_02,Rolling Mill,17984.1,1610.0,Full Overhaul,5.275,98.0,982.3,178.3,56.1,89.6,79.9,497.8,2.841,0.817,311.4,317888,1,0.5482,23504.0,Normal,Normal
2023-04-09 15:00:00,Ladle_Crane_03,Ladle Crane,19152.0,692.0,Bearing Replacement,4.736,49.5,384.0,180.8,65.2,93.6,80.5,180.3,3.555,0.873,329.5,267957,1,0.4907,31137.7,Normal,Normal
2023-04-09 17:00:00,Rolling_Mill_03,Rolling Mill,1295.7,1269.0,Bearing Replacement,0.956,87.3,854.3,193.6,98.1,122.1,73.9,414.7,2.314,0.947,500.0,10616,0,0.0306,40424.6,Normal,Normal
2023-04-09 18:00:00,Rolling_Mill_03,Rolling Mill,6045.8,1975.0,Full Overhaul,2.338,81.0,867.2,196.5,75.4,105.5,73.5,443.8,0.843,0.907,427.6,59472,2,0.2146,35297.0,Normal,Normal
2023-04-09 19:00:00,Rolling_Mill_01,Rolling Mill,17539.7,144.0,Bearing Replacement,4.389,96.3,1001.6,181.2,56.9,87.8,80.7,507.8,1.537,0.881,357.3,316983,0,0.4473,21079.6,Normal,Normal
2023-04-09 22:00:00,Blast_Furnace_Blower_02,Blast Furnace Blower,20828.5,1915.0,Alignment Check,5.186,88.4,520.9,178.7,53.7,88.3,79.9,248.7,0.731,0.845,318.4,233683,5,0.5489,9965.2,Normal,Normal
2023-04-10 00:00:00,Pickling_Line_01,Pickling Line,5279.2,1536.0,Lubrication,1.831,60.7,280.9,202.4,100.0,118.7,70.2,144.8,2.143,0.905,487.8,61048,0,0.1518,23193.6,Normal,Normal
2023-04-10 01:00:00,Hydraulic_Press_01,Hydraulic Press,14019.6,891.0,Lubrication,3.755,74.0,229.0,186.2,71.1,105.8,76.8,117.8,1.004,0.876,369.0,235835,1,0.3787,4803.4,Normal,Warning
2023-04-10 02:00:00,Hydraulic_Press_02,Hydraulic Press,31663.6,205.0,Electrical Inspection,8.914,81.3,261.1,164.2,29.2,76.6,85.6,129.6,3.253,0.805,218.3,513929,5,0.9172,0.0,Lubrication Failure,Immediate Action
2023-04-10 03:00:00,Blast_Furnace_Blower_02,Blast Furnace Blower,34961.6,223.0,Lubrication,9.8,93.1,552.6,164.9,12.6,71.9,84.1,284.1,4.311,0.785,175.1,468622,7,1.0,0.0,Electrical Fault,Immediate Action
2023-04-10 05:00:00,Ladle_Crane_02,Ladle Crane,34553.8,1165.0,Full Overhaul,9.193,62.5,388.2,163.3,25.5,80.0,86.8,201.4,0.178,0.818,170.8,579148,5,1.0,14054.8,Thermal Degradation,Warning
2023-04-10 06:00:00,Blast_Furnace_Blower_03,Blast Furnace Blower,30870.4,1051.0,Alignment Check,8.291,96.7,560.3,162.4,27.9,82.3,84.6,285.3,0.084,0.829,265.5,473085,2,0.8815,0.0,Electrical Fault,Immediate Action
2023-04-10 08:00:00,Continuous_Caster_02,Continuous Caster,13873.6,1071.0,Bearing Replacement,4.578,110.5,632.5,179.6,72.5,94.3,79.2,346.1,2.337,0.903,347.8,141459,3,0.4378,20926.2,Normal,Normal
2023-04-10 11:00:00,Electric_Arc_Furnace_02,Electric Arc Furnace,24061.4,556.0,Lubrication,6.448,124.0,1386.1,174.9,39.2,88.2,81.4,746.1,6.499,0.849,274.7,272414,3,0.6822,1076.4,Bearing Failure,Immediate Action
2023-04-10 11:00:00,Hydraulic_Press_01,Hydraulic Press,14639.1,184.0,Bearing Replacement,3.877,68.7,226.6,182.0,69.1,104.1,77.5,115.4,4.081,0.88,392.8,128391,2,0.381,5286.2,Normal,Warning
2023-04-10 19:00:00,Hydraulic_Press_03,Hydraulic Press,22733.6,1599.0,Lubrication,6.85,78.0,240.9,171.9,40.9,81.1,84.5,129.3,3.509,0.84,267.7,362335,2,0.7073,0.0,Bearing Failure,Immediate Action
2023-04-10 22:00:00,Rolling_Mill_03,Rolling Mill,10899.2,444.0,Electrical Inspection,2.261,92.7,881.6,186.1,87.9,112.5,75.5,466.8,2.223,0.919,441.1,94443,1,0.1905,30227.6,Normal,Normal
2023-04-10 23:00:00,Cold_Rolling_Mill_03,Cold Rolling Mill,21256.5,1291.0,Electrical Inspection,5.95,74.4,860.0,184.0,56.1,85.5,81.7,449.0,3.337,0.871,286.8,359503,0,0.6105,14870.9,Bearing Failure,Normal
2023-04-11 01:00:00,Continuous_Caster_02,Continuous Caster,18379.2,730.0,Alignment Check,5.026,105.3,621.5,176.6,56.3,94.3,78.9,346.5,7.846,0.867,343.7,264543,3,0.5069,15671.1,Normal,Normal
2023-04-11 02:00:00,Continuous_Caster_02,Continuous Caster,954.4,1268.0,Lubrication,0.723,93.9,605.0,203.0,100.0,119.1,70.0,292.5,1.188,0.946,540.1,12659,0,0.0,33448.4,Normal,Normal
2023-04-11 02:00:00,Cold_Rolling_Mill_01,Cold Rolling Mill,27695.5,1539.0,Bearing Replacement,7.883,69.4,919.7,170.9,42.6,86.0,85.2,453.8,1.64,0.82,243.2,419916,5,0.8062,6602.5,Lubrication Failure,Warning
2023-04-11 09:00:00,Annealing_Furnace_03,Annealing Furnace,515.2,388.0,Seal Replacement,1.186,119.9,400.3,207.2,100.0,123.1,70.5,202.8,0.373,0.957,487.9,7952,0,0.0377,31163.7,Normal,Normal
2023-04-11 10:00:00,Electric_Arc_Furnace_02,Electric Arc Furnace,10331.1,27.0,Bearing Replacement,3.627,113.5,1274.3,191.4,76.8,102.7,79.0,639.2,2.312,0.956,435.3,155104,3,0.2537,13344.0,Normal,Normal
2023-04-11 11:00:00,Annealing_Furnace_02,Annealing Furnace,306.7,558.0,Electrical Inspection,0.97,118.3,355.4,198.0,97.9,130.0,69.9,189.4,0.906,0.967,526.8,5079,0,0.0,31903.3,Normal,Normal
2023-04-11 13:00:00,Hydraulic_Press_03,Hydraulic Press,13229.4,1923.0,Electrical Inspection,3.205,72.4,231.7,187.3,73.9,107.7,76.2,125.6,5.423,0.9,412.3,206813,4,0.3127,6948.2,Normal,Normal
2023-04-11 15:00:00,Ladle_Crane_01,Ladle Crane,16136.4,619.0,Electrical Inspection,4.033,52.6,356.7,193.1,68.5,98.0,78.2,168.9,1.619,0.887,375.7,247711,1,0.3925,36150.6,Normal,Normal
2023-04-11 15:00:00,Electric_Arc_Furnace_01,Electric Arc Furnace,14607.2,747.0,Seal Replacement,4.372,120.8,1329.6,181.7,60.2,92.6,79.1,680.5,0.4,0.887,370.6,287529,3,0.4188,9528.6,Normal,Normal
2023-04-11 15:00:00,Continuous_Caster_01,Continuous Caster,2304.3,366.0,Electrical Inspection,2.233,105.1,624.8,189.4,92.2,105.1,76.3,310.8,2.253,0.938,463.0,31792,2,0.1565,33751.2,Normal,Normal
2023-04-11 15:00:00,Annealing_Furnace_01,Annealing Furnace,31981.5,947.0,Bearing Replacement,9.329,140.1,483.6,166.6,22.1,65.2,86.8,244.2,1.627,0.762,174.2,574210,5,1.0,0.0,Bearing Failure,Immediate Action
2023-04-11 18:00:00,Annealing_Furnace_01,Annealing Furnace,12309.8,1462.0,Seal Replacement,3.447,126.6,402.4,182.9,80.6,111.5,74.2,205.6,0.247,0.898,394.8,203667,5,0.3444,18376.2,Normal,Normal
2023-04-11 18:00:00,Hot_Strip_Mill_03,Hot Strip Mill,22000.0,1443.0,Lubrication,5.815,104.9,985.6,192.1,63.4,93.8,77.8,508.1,5.334,0.889,320.0,310230,3,0.5185,18338.4,Normal,Normal
2023-04-11 19:00:00,Blast_Furnace_Blower_02,Blast Furnace Blower,27475.8,1560.0,Bearing Replacement,7.879,92.5,538.4,164.6,32.9,81.4,83.5,272.2,1.033,0.811,234.6,351981,6,0.8008,1692.6,Bearing Failure,Critical
2023-04-11 21:00:00,Blast_Furnace_Blower_02,Blast Furnace Blower,22720.3,678.0,Electrical Inspection,5.795,90.1,516.9,172.3,44.4,99.8,80.8,277.5,3.063,0.886,314.5,416456,3,0.5994,6454.5,Electrical Fault,Warning
2023-04-11 23:00:00,Blast_Furnace_Blower_01,Blast Furnace Blower,26212.4,718.0,Lubrication,6.403,93.7,516.6,169.3,42.4,81.1,83.8,264.2,4.007,0.861,272.7,270932,3,0.6884,4546.1,Bearing Failure,Warning
2023-04-12 00:00:00,Blast_Furnace_Blower_02,Blast Furnace Blower,31718.5,1094.0,Full Overhaul,9.141,95.6,546.8,158.5,23.6,74.0,86.5,283.2,0.66,0.822,182.0,516490,3,0.9551,0.0,Bearing Failure,Immediate Action
2023-04-12 02:00:00,Electric_Arc_Furnace_02,Electric Arc Furnace,30237.8,8.0,Seal Replacement,7.947,128.1,1427.2,167.6,29.4,82.7,84.6,751.7,2.236,0.822,229.2,291695,4,0.8562,0.0,Electrical Fault,Immediate Action
2023-04-12 04:00:00,Cold_Rolling_Mill_01,Cold Rolling Mill,23624.6,1908.0,Electrical Inspection,6.754,77.3,910.9,167.2,37.6,79.7,82.0,444.1,0.434,0.838,251.7,406329,6,0.7183,10332.8,Mechanical Wear,Warning
2023-04-12 05:00:00,Hydraulic_Press_02,Hydraulic Press,7590.9,469.0,Seal Replacement,3.185,67.9,218.5,183.2,80.8,110.3,77.8,112.4,1.762,0.907,430.7,82100,1,0.2772,12729.3,Normal,Normal
2023-04-12 06:00:00,Continuous_Caster_03,Continuous Caster,22355.8,345.0,Lubrication,6.318,105.2,704.4,170.1,37.3,89.5,80.2,352.3,4.814,0.85,287.4,341690,3,0.6343,12595.9,Mechanical Wear,Normal
2023-04-12 07:00:00,Rolling_Mill_01,Rolling Mill,17762.3,1275.0,Electrical Inspection,4.831,92.1,937.6,189.8,65.0,87.8,77.3,484.4,0.607,0.874,353.3,171794,0,0.5072,20945.6,Normal,Normal
2023-04-12 07:00:00,Pickling_Line_02,Pickling Line,25131.0,1696.0,Bearing Replacement,7.491,68.5,337.8,163.5,42.1,86.0,83.2,164.7,4.229,0.842,235.1,201228,2,0.7709,4449.5,Electrical Fault,Warning
2023-04-12 08:00:00,Electric_Arc_Furnace_03,Electric Arc Furnace,29169.3,1284.0,Lubrication,7.752,121.4,1491.1,168.7,37.6,81.4,85.8,761.6,3.245,0.855,249.3,492881,2,0.8065,0.0,Bearing Failure,Immediate Action
2023-04-12 09:00:00,Rolling_Mill_01,Rolling Mill,26021.0,1258.0,Full Overhaul,7.577,94.4,1048.6,163.4,38.9,80.4,82.8,533.0,7.291,0.818,250.9,481455,5,0.8012,13903.6,Electrical Fault,Normal
2023-04-12 10:00:00,Annealing_Furnace_01,Annealing Furnace,29645.0,977.0,Electrical Inspection,6.964,131.6,447.5,172.5,38.9,84.5,83.6,230.0,0.129,0.841,246.7,521584,4,0.7458,2790.9,Lubrication Failure,Critical
2023-04-12 12:00:00,Hot_Strip_Mill_02,Hot Strip Mill,2328.9,1781.0,Alignment Check,0.969,81.6,918.3,198.8,96.0,125.6,70.9,460.3,1.629,0.918,514.7,22344,0,0.0488,33700.7,Normal,Normal
2023-04-12 14:00:00,Rolling_Mill_01,Rolling Mill,1203.5,1934.0,Electrical Inspection,0.904,87.0,848.0,206.6,100.0,117.9,71.2,422.7,1.127,0.95,487.3,13017,0,0.0437,37298.1,Normal,Normal
2023-04-12 16:00:00,Rolling_Mill_02,Rolling Mill,28845.7,202.0,Full Overhaul,7.738,97.9,1061.7,171.9,36.0,74.5,83.0,539.4,2.994,0.818,293.3,413678,1,0.8328,12683.9,Bearing Failure,Normal
2023-04-12 16:00:00,Electric_Arc_Furnace_03,Electric Arc Furnace,9121.7,1191.0,Lubrication,2.203,114.4,1294.0,189.8,83.2,106.0,77.9,633.8,1.343,0.887,463.0,163214,0,0.2004,15628.9,Normal,Normal
2023-04-12 16:00:00,Pickling_Line_02,Pickling Line,31533.2,158.0,Seal Replacement,8.385,76.4,343.7,165.4,28.4,67.6,81.6,168.1,8.645,0.794,181.4,258626,6,0.9194,0.0,Electrical Fault,Immediate Action
2023-04-12 17:00:00,Electric_Arc_Furnace_02,Electric Arc Furnace,23927.2,838.0,Full Overhaul,6.083,124.9,1359.7,172.3,48.8,83.1,78.2,691.0,5.563,0.821,291.2,431391,7,0.647,409.1,Electrical Fault,Immediate Action
2023-04-12 19:00:00,Cold_Rolling_Mill_03,Cold Rolling Mill,24556.5,984.0,Electrical Inspection,6.247,70.0,856.4,174.5,45.9,83.5,80.4,446.9,8.713,0.835,298.4,253979,2,0.6631,10241.2,Lubrication Failure,Warning
2023-04-12 22:00:00,Blast_Furnace_Blower_02,Blast Furnace Blower,25460.8,1281.0,Bearing Replacement,6.461,91.8,535.5,165.1,36.6,84.9,83.9,273.9,2.923,0.863,277.2,247714,3,0.6838,4990.5,Lubrication Failure,Warning
2023-04-13 03:00:00,Blast_Furnace_Blower_02,Blast Furnace Blower,32996.8,1987.0,Electrical Inspection,7.958,85.0,553.1,167.7,34.9,80.6,88.0,299.5,3.89,0.776,214.7,335925,2,0.8644,0.0,Lubrication Failure,Immediate Action
2023-04-13 12:00:00,Blast_Furnace_Blower_01,Blast Furnace Blower,21856.3,1747.0,Bearing Replacement,5.922,85.7,515.6,171.6,51.2,84.9,82.6,247.7,2.601,0.875,288.1,428001,5,0.6139,7317.1,Bearing Failure,Warning
2023-04-13 12:00:00,Cold_Rolling_Mill_01,Cold Rolling Mill,29143.5,1416.0,Bearing Replacement,8.649,77.3,962.3,164.4,32.3,69.6,83.2,490.8,0.985,0.816,193.6,497403,5,0.9132,4781.6,Mechanical Wear,Critical
2023-04-13 13:00:00,Cold_Rolling_Mill_01,Cold Rolling Mill,23333.5,1886.0,Electrical Inspection,5.598,75.2,849.9,169.9,58.3,89.2,78.3,432.5,0.61,0.898,296.7,245775,3,0.599,12470.2,Mechanical Wear,Normal
2023-04-13 14:00:00,Continuous_Caster_03,Continuous Caster,7559.5,391.0,Lubrication,2.361,102.3,621.1,190.2,85.1,109.5,73.8,315.8,3.306,0.899,481.5,70330,0,0.2099,27278.6,Normal,Normal
2023-04-13 14:00:00,Continuous_Caster_03,Continuous Caster,23040.4,667.0,Bearing Replacement,6.568,113.3,695.4,167.2,36.6,90.4,82.6,356.0,0.083,0.85,274.7,259203,0,0.6703,12053.9,Mechanical Wear,Normal
2023-04-13 15:00:00,Rolling_Mill_03,Rolling Mill,14921.3,1376.0,Lubrication,3.883,84.7,941.1,185.1,63.9,101.8,74.2,445.0,1.384,0.919,366.3,139220,2,0.3854,23518.3,Normal,Normal
2023-04-13 17:00:00,Blast_Furnace_Blower_01,Blast Furnace Blower,5438.4,1306.0,Lubrication,2.424,83.7,443.2,197.6,86.6,115.4,72.7,241.6,0.313,0.912,483.9,43839,1,0.1371,24443.7,Normal,Normal
2023-04-13 18:00:00,Cold_Rolling_Mill_01,Cold Rolling Mill,28243.5,846.0,Alignment Check,8.287,73.7,885.8,156.3,27.2,77.2,84.9,478.6,2.755,0.825,219.7,378396,8,0.8722,8779.4,Lubrication Failure,Warning
2023-04-13 20:00:00,Blast_Furnace_Blower_02,Blast Furnace Blower,17907.6,1708.0,Lubrication,4.455,90.9,504.0,177.7,64.1,90.4,74.6,249.7,1.328,0.905,348.7,304726,3,0.4533,9493.5,Normal,Normal
2023-04-13 20:00:00,Ladle_Crane_01,Ladle Crane,34212.1,1962.0,Full Overhaul,8.779,72.9,399.4,170.1,19.5,64.7,84.6,201.8,1.984,0.832,177.3,401434,1,0.9484,15364.3,Thermal Degradation,Normal
2023-04-14 00:00:00,Cold_Rolling_Mill_02,Cold Rolling Mill,9930.6,797.0,Electrical Inspection,2.39,68.4,777.1,195.7,93.8,100.0,73.7,396.2,1.03,0.921,449.3,118891,2,0.1835,24274.5,Normal,Normal
2023-04-14 04:00:00,Electric_Arc_Furnace_03,Electric Arc Furnace,16875.4,695.0,Alignment Check,5.438,118.0,1388.4,170.0,43.4,85.2,79.1,723.6,1.592,0.861,302.4,181143,4,0.5733,8100.4,Lubrication Failure,Normal
2023-04-14 14:00:00,Hydraulic_Press_02,Hydraulic Press,4315.2,1123.0,Lubrication,1.739,64.6,211.7,186.1,86.6,115.3,74.5,106.1,0.436,0.931,467.2,37979,0,0.1208,15765.2,Normal,Normal
2023-04-14 14:00:00,Rolling_Mill_01,Rolling Mill,14971.4,1224.0,Full Overhaul,4.607,95.1,913.7,190.0,62.1,88.2,78.3,470.6,1.792,0.926,401.9,222215,2,0.3919,26980.5,Normal,Normal
2023-04-14 14:00:00,Electric_Arc_Furnace_03,Electric Arc Furnace,15735.0,576.0,Seal Replacement,4.686,114.7,1290.0,178.2,61.0,94.3,78.2,696.6,0.388,0.87,428.4,150738,1,0.4825,8136.4,Normal,Normal
2023-04-14 16:00:00,Cold_Rolling_Mill_02,Cold Rolling Mill,10135.6,364.0,Bearing Replacement,2.762,60.8,777.3,189.9,82.9,103.2,78.3,411.3,1.077,0.92,447.3,174017,0,0.2512,24806.6,Normal,Normal
2023-04-14 20:00:00,Hydraulic_Press_03,Hydraulic Press,5695.2,564.0,Alignment Check,1.923,60.6,223.1,194.7,83.0,109.7,73.7,110.9,0.779,0.889,453.9,79983,1,0.1493,13804.2,Normal,Normal
2023-04-15 04:00:00,Blast_Furnace_Blower_01,Blast Furnace Blower,9947.2,241.0,Electrical Inspection,3.19,85.5,497.6,193.6,75.5,101.8,73.6,235.6,0.975,0.898,393.5,180352,2,0.309,19629.9,Normal,Normal
2023-04-15 08:00:00,Annealing_Furnace_03,Annealing Furnace,8240.5,1809.0,Alignment Check,2.319,121.2,371.7,191.6,80.7,108.2,70.5,193.7,0.97,0.967,448.1,111584,0,0.1823,24065.5,Normal,Normal
2023-04-15 09:00:00,Continuous_Caster_01,Continuous Caster,25719.2,1297.0,Seal Replacement,6.954,112.9,671.2,172.9,33.5,77.3,85.3,376.0,4.233,0.85,255.9,227735,4,0.7117,8210.8,Bearing Failure,Warning
2023-04-15 10:00:00,Hydraulic_Press_02,Hydraulic Press,1174.1,1112.0,Lubrication,1.324,69.6,214.8,202.4,92.8,114.9,73.0,111.3,1.16,0.93,482.8,17902,0,0.0764,18597.8,Normal,Normal
2023-04-15 10:00:00,Continuous_Caster_03,Continuous Caster,21649.4,1848.0,Full Overhaul,6.858,109.8,694.1,168.0,45.6,80.3,83.1,369.3,2.407,0.804,305.6,358973,6,0.699,12647.6,Thermal Degradation,Normal
2023-04-15 12:00:00,Annealing_Furnace_01,Annealing Furnace,26647.1,1965.0,Electrical Inspection,7.311,139.1,453.4,162.2,33.9,86.8,85.5,240.3,3.052,0.858,241.6,252640,4,0.7885,4905.1,Lubrication Failure,Warning
2023-04-15 13:00:00,Rolling_Mill_01,Rolling Mill,16877.2,50.0,Seal Replacement,4.686,99.9,953.6,191.0,70.7,103.0,79.1,457.8,4.835,0.935,353.8,241054,2,0.4491,23519.2,Normal,Normal
2023-04-15 14:00:00,Hydraulic_Press_02,Hydraulic Press,32611.6,1580.0,Alignment Check,8.444,86.5,269.7,159.3,27.6,69.4,88.3,126.3,0.129,0.83,194.6,377196,3,0.924,0.0,Lubrication Failure,Immediate Action
2023-04-15 15:00:00,Continuous_Caster_02,Continuous Caster,24805.0,1078.0,Alignment Check,7.154,112.8,708.1,159.0,45.3,79.8,84.4,358.1,5.937,0.841,246.9,484950,3,0.7293,8644.3,Lubrication Failure,Warning
2023-04-15 15:00:00,Annealing_Furnace_03,Annealing Furnace,26202.5,5.0,Electrical Inspection,7.272,136.2,459.5,167.0,38.0,92.1,85.0,238.1,4.561,0.826,271.6,276238,10,0.7341,6110.9,Mechanical Wear,Warning
2023-04-15 15:00:00,Pickling_Line_02,Pickling Line,6973.0,859.0,Seal Replacement,2.975,58.0,292.8,187.2,78.1,101.1,73.9,148.6,2.794,0.914,434.5,112902,3,0.2348,23669.5,Normal,Normal
2023-04-15 17:00:00,Rolling_Mill_01,Rolling Mill,27227.6,1548.0,Seal Replacement,6.875,101.1,1019.2,180.4,39.0,83.1,84.7,514.3,3.955,0.833,310.6,318653,5,0.7414,14625.5,Mechanical Wear,Normal
2023-04-15 17:00:00,Hydraulic_Press_03,Hydraulic Press,29140.1,1486.0,Electrical Inspection,8.618,84.1,262.4,166.2,25.2,81.7,86.6,145.5,2.376,0.83,190.4,378710,3,0.9132,0.0,Thermal Degradation,Immediate Action
2023-04-15 17:00:00,Continuous_Caster_01,Continuous Caster,12708.2,1855.0,Electrical Inspection,3.781,104.1,644.5,184.6,69.0,97.4,75.5,334.8,1.082,0.91,378.6,227790,2,0.3587,22430.3,Normal,Normal
2023-04-15 17:00:00,Pickling_Line_01,Pickling Line,7546.4,1243.0,Seal Replacement,3.346,60.0,287.2,189.2,79.7,102.7,77.9,146.6,1.554,0.928,439.5,150672,1,0.1841,20425.4,Normal,Normal
2023-04-15 18:00:00,Rolling_Mill_02,Rolling Mill,13538.3,452.0,Alignment Check,4.174,91.5,926.3,186.8,70.6,96.4,78.0,470.7,2.618,0.896,393.2,127967,3,0.4164,27013.1,Normal,Normal
2023-04-16 01:00:00,Ladle_Crane_01,Ladle Crane,25912.3,1452.0,Bearing Replacement,6.819,63.4,383.7,177.6,37.4,84.0,78.8,197.0,6.645,0.829,270.4,350180,2,0.6914,23454.4,Electrical Fault,Normal
2023-04-16 03:00:00,Continuous_Caster_02,Continuous Caster,14675.6,1962.0,Lubrication,4.266,101.4,677.1,185.4,69.0,99.4,79.8,343.3,3.092,0.919,357.6,226638,2,0.4267,20041.8,Normal,Normal
2023-04-16 04:00:00,Annealing_Furnace_03,Annealing Furnace,25809.2,1771.0,Lubrication,7.515,137.7,428.3,172.3,39.6,80.1,85.1,236.4,0.792,0.81,248.5,328140,3,0.8075,5489.3,Thermal Degradation,Warning
2023-04-16 06:00:00,Ladle_Crane_01,Ladle Crane,4063.4,4.0,Full Overhaul,1.005,48.2,320.4,205.5,94.1,119.1,72.3,155.7,0.826,0.93,507.4,38935,1,0.0553,47579.8,Normal,Normal
2023-04-16 15:00:00,Rolling_Mill_01,Rolling Mill,28229.8,863.0,Alignment Check,7.944,98.1,1045.0,165.8,43.4,63.5,86.1,543.3,3.007,0.837,245.1,233926,4,0.8661,12143.4,Lubrication Failure,Normal
2023-04-16 15:00:00,Pickling_Line_01,Pickling Line,8936.9,416.0,Electrical Inspection,2.176,65.1,306.4,189.8,84.8,110.7,73.2,143.9,4.464,0.915,473.4,74852,1,0.1908,19330.6,Normal,Normal
2023-04-16 17:00:00,Continuous_Caster_03,Continuous Caster,8787.6,987.0,Seal Replacement,3.035,100.7,642.0,186.2,75.2,101.7,77.3,315.7,1.462,0.907,399.8,122763,2,0.2921,27491.7,Normal,Normal
2023-04-16 21:00:00,Electric_Arc_Furnace_01,Electric Arc Furnace,20704.3,784.0,Alignment Check,5.129,116.9,1376.7,184.5,55.2,99.2,81.7,694.9,6.787,0.866,313.3,267775,7,0.5442,5220.6,Normal,Warning
2023-04-16 22:00:00,Electric_Arc_Furnace_03,Electric Arc Furnace,2547.1,1124.0,Seal Replacement,2.099,112.6,1243.4,198.4,94.8,117.0,74.7,634.5,1.158,0.942,466.0,50309,1,0.1324,23236.3,Normal,Normal
2023-04-17 00:00:00,Continuous_Caster_01,Continuous Caster,1017.8,1652.0,Seal Replacement,0.692,91.1,590.6,200.7,98.7,124.8,72.0,305.2,0.809,0.929,544.9,19281,0,0.0003,35245.5,Normal,Normal
2023-04-17 03:00:00,Pickling_Line_03,Pickling Line,18878.6,716.0,Lubrication,4.97,62.5,304.0,176.3,53.8,96.0,82.2,163.2,1.148,0.85,330.4,258557,2,0.4925,8309.5,Normal,Warning
2023-04-17 03:00:00,Electric_Arc_Furnace_01,Electric Arc Furnace,9209.9,1285.0,Alignment Check,3.074,112.6,1225.2,187.5,83.6,112.6,75.4,709.8,1.567,0.926,441.6,141232,0,0.2453,16962.1,Normal,Normal
2023-04-17 06:00:00,Cold_Rolling_Mill_02,Cold Rolling Mill,31775.8,676.0,Full Overhaul,7.726,75.2,915.3,168.5,37.8,78.2,82.7,457.5,6.495,0.875,228.7,472809,3,0.7873,3901.6,Electrical Fault,Critical
2023-04-17 09:00:00,Pickling_Line_03,Pickling Line,29640.6,420.0,Full Overhaul,7.423,76.3,336.3,163.4,41.8,79.7,84.0,169.5,0.176,0.817,236.1,402305,2,0.7898,0.0,Bearing Failure,Immediate Action
2023-04-17 11:00:00,Electric_Arc_Furnace_03,Electric Arc Furnace,17216.6,1031.0,Seal Replacement,3.995,118.6,1295.8,182.6,67.2,104.2,77.9,666.8,1.288,0.886,380.6,209361,1,0.4077,7119.3,Normal,Warning
2023-04-17 11:00:00,Hydraulic_Press_02,Hydraulic Press,1393.1,1622.0,Seal Replacement,0.788,65.7,201.0,206.0,96.2,118.5,72.7,103.5,0.082,0.926,504.3,21348,0,0.0,18388.9,Normal,Normal
2023-04-17 16:00:00,Blast_Furnace_Blower_02,Blast Furnace Blower,18780.3,2.0,Seal Replacement,5.526,84.1,522.5,177.3,54.5,92.8,82.8,276.7,3.163,0.852,308.8,359912,2,0.5513,11394.7,Lubrication Failure,Normal
2023-04-17 17:00:00,Continuous_Caster_02,Continuous Caster,24697.4,1417.0,Seal Replacement,7.441,111.8,699.4,167.5,30.3,80.4,86.2,359.2,0.548,0.794,226.7,389029,4,0.7819,10061.0,Mechanical Wear,Warning
2023-04-17 21:00:00,Hydraulic_Press_02,Hydraulic Press,11936.8,1014.0,Full Overhaul,4.648,73.5,236.9,183.5,70.1,97.1,79.8,116.8,0.254,0.87,352.0,120910,3,0.4309,8102.8,Normal,Normal
2023-04-17 21:00:00,Electric_Arc_Furnace_03,Electric Arc Furnace,3976.1,1720.0,Electrical Inspection,1.366,110.8,1211.9,202.6,100.0,123.4,73.3,650.6,0.36,0.933,491.1,54514,1,0.0555,20164.8,Normal,Normal
2023-04-17 22:00:00,Ladle_Crane_03,Ladle Crane,27028.5,1758.0,Seal Replacement,8.072,57.8,403.2,161.0,41.1,72.8,87.3,196.0,0.195,0.85,210.2,254965,3,0.8305,23172.6,Mechanical Wear,Normal
2023-04-17 22:00:00,Continuous_Caster_01,Continuous Caster,9822.0,1022.0,Full Overhaul,3.009,103.3,640.5,198.0,77.4,103.6,76.9,335.6,4.467,0.933,443.7,98916,1,0.2751,25138.3,Normal,Normal
2023-04-17 23:00:00,Electric_Arc_Furnace_01,Electric Arc Furnace,12358.4,1479.0,Bearing Replacement,3.297,120.8,1210.7,194.5,80.7,109.0,74.1,695.9,1.244,0.917,422.1,147755,1,0.2875,13852.8,Normal,Normal
2023-04-18 00:00:00,Rolling_Mill_02,Rolling Mill,28438.2,971.0,Electrical Inspection,7.956,91.7,1013.0,169.1,30.3,75.6,84.5,504.0,0.187,0.787,197.4,295476,3,0.8727,11239.5,Mechanical Wear,Warning
2023-04-18 00:00:00,Annealing_Furnace_03,Annealing Furnace,11251.3,597.0,Bearing Replacement,3.984,127.3,434.6,178.5,76.1,97.9,76.4,210.1,2.245,0.894,379.7,216294,0,0.3825,20124.4,Normal,Normal
2023-04-18 00:00:00,Cold_Rolling_Mill_01,Cold Rolling Mill,5808.1,1949.0,Lubrication,1.475,66.8,783.9,192.4,98.1,114.1,74.4,380.9,1.242,0.951,482.8,50358,0,0.0686,30961.9,Normal,Normal
2023-04-18 01:00:00,Cold_Rolling_Mill_01,Cold Rolling Mill,15311.1,418.0,Seal Replacement,3.459,71.2,804.5,192.0,80.4,102.2,76.3,418.7,1.65,0.879,424.6,299633,1,0.3197,17260.2,Normal,Normal
2023-04-18 04:00:00,Continuous_Caster_01,Continuous Caster,15884.4,1557.0,Alignment Check,5.08,104.3,698.7,185.4,72.3,94.6,75.3,329.3,1.634,0.863,370.0,287342,3,0.4338,18782.4,Normal,Normal
2023-04-18 07:00:00,Continuous_Caster_01,Continuous Caster,662.2,1368.0,Bearing Replacement,1.092,93.1,627.9,188.7,93.5,124.5,71.7,298.3,1.067,0.939,484.0,7373,0,0.0658,33798.4,Normal,Normal
2023-04-18 07:00:00,Annealing_Furnace_02,Annealing Furnace,4184.9,821.0,Seal Replacement,1.255,120.3,378.2,194.1,100.0,123.3,73.0,189.6,1.536,0.969,498.7,38127,0,0.0436,28065.6,Normal,Normal
2023-04-18 09:00:00,Ladle_Crane_02,Ladle Crane,6553.9,1437.0,Seal Replacement,1.747,57.1,316.5,199.3,83.5,109.3,74.2,161.9,0.27,0.952,498.4,97024,0,0.0853,45315.4,Normal,Normal
2023-04-18 12:00:00,Annealing_Furnace_03,Annealing Furnace,4064.2,259.0,Lubrication,1.878,125.2,407.3,199.9,84.6,110.9,73.5,213.6,2.735,0.905,498.6,44523,0,0.1193,29425.0,Normal,Normal
2023-04-18 12:00:00,Continuous_Caster_02,Continuous Caster,12019.3,482.0,Electrical Inspection,3.834,95.7,641.6,187.0,72.5,99.4,75.7,352.3,2.904,0.902,388.1,132291,2,0.375,23240.0,Normal,Normal
2023-04-18 13:00:00,Cold_Rolling_Mill_02,Cold Rolling Mill,33765.3,1438.0,Seal Replacement,8.557,78.9,930.1,152.3,27.4,61.8,88.8,462.1,1.467,0.824,193.3,502682,6,0.9307,558.8,Electrical Fault,Immediate Action
2023-04-18 13:00:00,Ladle_Crane_02,Ladle Crane,17871.9,256.0,Electrical Inspection,4.851,52.2,372.8,177.2,56.8,92.6,80.2,182.3,0.589,0.873,333.9,241126,1,0.4807,31356.9,Normal,Normal
2023-04-18 13:00:00,Hydraulic_Press_03,Hydraulic Press,22001.7,1812.0,Full Overhaul,6.261,73.1,245.8,168.7,45.3,89.3,82.8,117.5,5.643,0.838,283.7,309849,4,0.66,0.0,Bearing Failure,Immediate Action
2023-04-18 13:00:00,Ladle_Crane_01,Ladle Crane,12537.9,1195.0,Lubrication,3.819,53.2,345.3,190.9,76.6,103.2,77.3,171.6,1.66,0.896,423.6,148311,3,0.3147,38012.9,Normal,Normal
2023-04-18 18:00:00,Blast_Furnace_Blower_02,Blast Furnace Blower,11389.7,142.0,Full Overhaul,2.963,76.8,459.6,186.2,77.1,112.1,74.0,242.0,1.865,0.933,423.0,135431,0,0.2857,18660.9,Normal,Normal
2023-04-18 19:00:00,Continuous_Caster_03,Continuous Caster,17561.6,875.0,Bearing Replacement,4.973,110.8,645.5,180.0,51.3,100.9,75.2,333.2,1.52,0.89,341.6,223359,4,0.5212,16124.1,Normal,Normal
2023-04-18 19:00:00,Continuous_Caster_03,Continuous Caster,907.8,1537.0,Lubrication,1.144,102.0,623.9,201.1,95.7,120.0,72.8,293.9,2.348,0.942,487.0,18150,0,0.0398,33369.5,Normal,Normal
2023-04-18 22:00:00,Blast_Furnace_Blower_02,Blast Furnace Blower,16978.0,593.0,Bearing Replacement,4.761,81.6,521.6,175.2,63.8,99.6,79.9,253.8,2.857,0.876,344.4,181250,2,0.4739,12240.3,Normal,Normal
2023-04-18 23:00:00,Pickling_Line_02,Pickling Line,5608.3,1063.0,Seal Replacement,2.87,56.5,282.3,195.0,80.3,107.6,68.9,143.2,0.113,0.929,441.0,92276,0,0.2345,21631.2,Normal,Normal
2023-04-19 00:00:00,Electric_Arc_Furnace_03,Electric Arc Furnace,26774.9,1502.0,Electrical Inspection,7.375,128.7,1410.9,173.7,46.7,74.7,82.5,751.5,2.085,0.877,252.5,466023,1,0.8025,0.0,Electrical Fault,Immediate Action
2023-04-19 02:00:00,Annealing_Furnace_02,Annealing Furnace,17294.3,1822.0,Alignment Check,4.916,133.6,438.6,185.6,68.9,90.3,79.2,218.2,0.62,0.842,337.0,187171,4,0.4766,13966.8,Normal,Normal
2023-04-19 02:00:00,Electric_Arc_Furnace_02,Electric Arc Furnace,11930.9,641.0,Electrical Inspection,2.894,114.5,1335.0,190.0,78.6,107.7,76.7,605.1,2.094,0.9,444.2,111100,1,0.2763,13114.2,Normal,Normal
2023-04-19 05:00:00,Ladle_Crane_03,Ladle Crane,19370.4,682.0,Alignment Check,5.852,63.8,364.9,172.8,63.7,90.5,79.7,182.1,5.694,0.832,295.1,277056,0,0.6048,30921.9,Lubrication Failure,Normal
2023-04-19 05:00:00,Ladle_Crane_02,Ladle Crane,5227.1,1389.0,Electrical Inspection,2.482,52.9,336.8,191.6,74.4,114.6,72.4,171.9,2.293,0.934,434.7,60261,0,0.1989,46225.5,Normal,Normal
2023-04-19 06:00:00,Annealing_Furnace_02,Annealing Furnace,26373.3,27.0,Electrical Inspection,6.969,136.3,452.9,176.4,44.2,84.8,80.7,232.9,0.868,0.852,260.8,331497,1,0.7486,4584.1,Lubrication Failure,Critical
2023-04-19 08:00:00,Electric_Arc_Furnace_01,Electric Arc Furnace,9941.8,1925.0,Lubrication,3.068,111.8,1218.7,196.2,73.4,108.5,78.8,625.5,0.818,0.929,421.7,97975,0,0.2979,15797.0,Normal,Normal
2023-04-19 08:00:00,Blast_Furnace_Blower_02,Blast Furnace Blower,7735.9,596.0,Alignment Check,3.076,83.3,493.6,186.5,83.9,105.2,74.4,253.2,1.034,0.879,421.5,64168,1,0.2561,22582.8,Normal,Normal
2023-04-19 09:00:00,Hydraulic_Press_03,Hydraulic Press,18315.5,929.0,Seal Replacement,5.774,77.6,237.8,170.4,55.7,92.2,80.9,124.7,0.178,0.884,291.2,257669,4,0.6035,373.2,Thermal Degradation,Immediate Action
2023-04-19 11:00:00,Hot_Strip_Mill_03,Hot Strip Mill,5521.5,1298.0,Electrical Inspection,2.245,92.8,938.6,186.7,80.6,112.6,75.5,485.4,2.487,0.902,479.1,101854,1,0.2021,33898.6,Normal,Normal
2023-04-19 11:00:00,Annealing_Furnace_01,Annealing Furnace,23364.8,1360.0,Seal Replacement,6.808,136.8,446.5,167.6,40.2,80.0,83.7,217.5,4.856,0.879,267.1,353865,3,0.6898,9473.6,Electrical Fault,Warning
2023-04-19 12:00:00,Rolling_Mill_01,Rolling Mill,21226.5,1645.0,Seal Replacement,6.13,102.9,995.8,175.5,51.5,88.2,82.8,505.9,2.534,0.854,339.8,391054,0,0.653,19179.7,Mechanical Wear,Normal
2023-04-19 14:00:00,Electric_Arc_Furnace_03,Electric Arc Furnace,3139.2,764.0,Electrical Inspection,2.152,113.7,1260.2,187.5,93.6,114.7,75.4,644.5,1.372,0.94,486.3,53974,1,0.1472,23086.9,Normal,Normal
2023-04-19 14:00:00,Blast_Furnace_Blower_02,Blast Furnace Blower,1374.6,1415.0,Seal Replacement,1.199,66.9,472.5,195.1,97.4,119.2,70.4,252.6,0.517,0.918,488.5,16656,0,0.0528,29390.9,Normal,Normal
2023-04-19 15:00:00,Hydraulic_Press_01,Hydraulic Press,21748.1,1230.0,Alignment Check,6.237,78.8,253.0,170.6,47.9,88.0,82.8,129.9,2.626,0.829,294.0,281815,3,0.6673,0.0,Bearing Failure,Immediate Action
2023-04-19 15:00:00,Ladle_Crane_02,Ladle Crane,10370.9,1970.0,Lubrication,2.755,51.2,340.7,190.4,85.8,110.8,73.2,181.2,1.856,0.884,414.5,190285,1,0.2625,41183.7,Normal,Normal
2023-04-19 18:00:00,Ladle_Crane_03,Ladle Crane,3117.0,1479.0,Seal Replacement,1.967,58.2,338.3,193.3,88.0,124.0,74.9,170.9,3.764,0.924,451.2,51320,2,0.1408,48018.6,Normal,Normal
2023-04-20 01:00:00,Ladle_Crane_03,Ladle Crane,26604.1,1889.0,Electrical Inspection,6.685,60.1,386.5,173.2,27.4,84.6,85.4,187.7,5.933,0.837,251.8,391420,1,0.7267,20709.6,Lubrication Failure,Normal
2023-04-20 02:00:00,Continuous_Caster_01,Continuous Caster,11060.1,567.0,Alignment Check,2.778,99.6,608.6,188.8,81.4,114.6,73.8,322.0,1.777,0.938,410.5,214217,0,0.2656,22184.8,Normal,Normal
2023-04-20 02:00:00,Hot_Strip_Mill_01,Hot Strip Mill,16140.0,912.0,Alignment Check,4.728,101.9,990.5,182.8,69.4,88.8,76.0,540.3,3.765,0.871,348.2,138158,4,0.4547,22829.9,Normal,Normal
2023-04-20 07:00:00,Continuous_Caster_01,Continuous Caster,8364.8,1059.0,Seal Replacement,2.193,97.2,609.5,202.8,88.6,112.1,77.9,315.0,0.311,0.917,452.8,152927,0,0.1719,27928.5,Normal,Normal
2023-04-20 09:00:00,Continuous_Caster_02,Continuous Caster,21993.4,1696.0,Seal Replacement,5.706,104.2,690.3,176.7,45.7,82.2,79.8,367.4,1.634,0.867,293.8,260049,3,0.5986,12266.2,Electrical Fault,Normal
2023-04-20 14:00:00,Pickling_Line_03,Pickling Line,10621.9,849.0,Electrical Inspection,3.473,55.1,313.1,188.4,71.0,101.3,78.0,150.7,2.739,0.918,389.2,167713,3,0.3224,16442.5,Normal,Normal
2023-04-20 21:00:00,Continuous_Caster_02,Continuous Caster,33883.9,1114.0,Lubrication,9.116,112.3,761.3,172.8,20.7,79.3,83.5,383.6,1.488,0.797,170.5,643129,8,0.982,1391.9,Electrical Fault,Immediate Action
2023-04-20 23:00:00,Blast_Furnace_Blower_02,Blast Furnace Blower,24632.9,274.0,Electrical Inspection,7.004,82.1,543.8,169.8,34.5,87.2,84.9,261.0,4.128,0.863,251.0,301716,8,0.7358,4060.3,Lubrication Failure,Critical
2023-04-21 02:00:00,Ladle_Crane_01,Ladle Crane,4871.6,385.0,Bearing Replacement,2.27,49.6,330.0,200.5,83.4,111.9,76.7,179.1,0.216,0.915,451.7,67915,0,0.1719,44875.0,Normal,Normal
2023-04-21 02:00:00,Hot_Strip_Mill_02,Hot Strip Mill,14642.6,782.0,Bearing Replacement,5.061,99.6,987.8,188.7,72.0,103.9,81.7,489.4,1.176,0.869,439.8,173833,4,0.4371,22952.5,Normal,Normal
2023-04-21 04:00:00,Hydraulic_Press_01,Hydraulic Press,13551.2,101.0,Seal Replacement,3.577,74.7,224.3,181.5,67.5,104.0,80.7,115.2,0.699,0.911,388.1,222930,1,0.3446,6314.1,Normal,Normal
2023-04-21 05:00:00,Annealing_Furnace_02,Annealing Furnace,18745.2,153.0,Full Overhaul,5.552,127.5,425.1,177.5,52.0,88.9,78.9,220.0,2.725,0.819,314.9,179300,3,0.5817,15063.8,Lubrication Failure,Normal
2023-04-21 05:00:00,Blast_Furnace_Blower_03,Blast Furnace Blower,29483.4,1408.0,Bearing Replacement,7.625,86.0,551.9,169.7,36.6,69.7,87.0,279.2,3.845,0.835,220.3,502275,5,0.8369,0.0,Lubrication Failure,Immediate Action
2023-04-21 06:00:00,Pickling_Line_01,Pickling Line,20461.4,142.0,Bearing Replacement,5.619,75.2,317.2,180.8,44.2,92.3,82.0,158.1,5.551,0.869,317.9,355377,2,0.5966,7583.4,Thermal Degradation,Warning
2023-04-21 08:00:00,Cold_Rolling_Mill_01,Cold Rolling Mill,2248.3,4.0,Bearing Replacement,1.124,61.1,733.8,193.3,100.0,111.7,72.9,366.6,0.513,0.949,550.0,19767,0,0.0694,32334.5,Normal,Normal
2023-04-21 10:00:00,Hydraulic_Press_02,Hydraulic Press,22974.0,125.0,Full Overhaul,6.871,82.5,250.4,166.6,38.1,83.2,83.5,125.3,3.493,0.842,257.5,293994,4,0.7351,0.0,Lubrication Failure,Immediate Action
2023-04-21 11:00:00,Electric_Arc_Furnace_02,Electric Arc Furnace,388.5,1278.0,Full Overhaul,0.782,110.5,1202.4,204.4,94.7,119.4,76.1,621.3,1.906,0.977,508.6,6355,0,0.0,24476.9,Normal,Normal
2023-04-21 13:00:00,Blast_Furnace_Blower_02,Blast Furnace Blower,27320.6,1124.0,Lubrication,7.003,93.2,539.9,164.4,45.9,79.9,81.6,279.9,0.432,0.848,236.3,249491,3,0.7634,3739.9,Mechanical Wear,Critical
2023-04-21 13:00:00,Blast_Furnace_Blower_03,Blast Furnace Blower,23365.6,1630.0,Full Overhaul,6.791,89.8,547.6,170.6,48.8,86.9,82.8,263.2,2.785,0.862,290.5,409389,2,0.6942,4423.0,Bearing Failure,Critical
2023-04-21 13:00:00,Pickling_Line_01,Pickling Line,10876.6,411.0,Lubrication,3.303,58.0,302.0,180.4,69.9,113.4,79.0,167.0,0.326,0.934,392.4,170870,2,0.3119,17074.6,Normal,Normal
2023-04-21 14:00:00,Ladle_Crane_02,Ladle Crane,10306.2,1179.0,Electrical Inspection,3.79,52.6,335.5,185.0,76.5,107.3,76.7,169.0,0.068,0.912,422.8,139729,2,0.2702,39892.0,Normal,Normal
2023-04-21 17:00:00,Pickling_Line_02,Pickling Line,27959.7,1614.0,Alignment Check,6.727,70.3,323.8,170.7,45.2,84.4,79.9,161.5,0.869,0.87,282.8,255524,3,0.7029,806.0,Lubrication Failure,Immediate Action
2023-04-21 17:00:00,Rolling_Mill_01,Rolling Mill,27438.5,1437.0,Alignment Check,7.484,93.7,989.0,168.5,36.8,80.4,83.7,506.8,1.576,0.823,234.9,242998,5,0.7696,11791.2,Bearing Failure,Warning
2023-04-21 18:00:00,Electric_Arc_Furnace_02,Electric Arc Furnace,12395.4,636.0,Lubrication,4.257,118.6,1284.1,185.8,76.6,101.5,74.1,675.2,5.353,0.914,382.8,135636,1,0.3723,13194.8,Normal,Normal
2023-04-21 19:00:00,Continuous_Caster_02,Continuous Caster,10533.3,1236.0,Lubrication,3.948,100.0,626.7,186.2,78.1,108.9,76.1,319.4,2.979,0.907,395.3,184153,1,0.3281,23912.9,Normal,Normal
2023-04-21 21:00:00,Cold_Rolling_Mill_03,Cold Rolling Mill,19637.9,1464.0,Bearing Replacement,5.417,68.4,856.3,182.4,40.8,75.6,77.8,451.0,5.186,0.862,311.3,366838,3,0.5527,16463.4,Thermal Degradation,Normal
2023-04-21 23:00:00,Annealing_Furnace_02,Annealing Furnace,392.0,1638.0,Seal Replacement,0.822,124.3,374.2,205.4,94.3,117.7,71.0,176.4,0.008,0.964,535.7,4300,0,0.0201,32493.1,Normal,Normal
2023-04-22 01:00:00,Electric_Arc_Furnace_02,Electric Arc Furnace,2985.1,1977.0,Bearing Replacement,0.986,110.3,1213.1,195.4,95.1,106.9,74.4,621.2,1.797,0.926,505.4,34785,0,0.0281,21317.6,Normal,Normal
2023-04-22 01:00:00,Continuous_Caster_01,Continuous Caster,4503.3,799.0,Bearing Replacement,1.913,97.8,615.7,185.7,85.8,110.2,73.2,302.8,1.137,0.908,487.0,45222,0,0.1481,31274.3,Normal,Normal
2023-04-22 04:00:00,Pickling_Line_01,Pickling Line,6570.9,61.0,Electrical Inspection,2.182,59.1,292.3,194.6,87.2,110.9,74.7,154.1,1.42,0.915,472.3,106648,2,0.1882,21710.4,Normal,Normal
2023-04-22 05:00:00,Pickling_Line_02,Pickling Line,17969.4,1047.0,Alignment Check,5.052,65.3,331.2,184.2,63.9,99.0,83.1,155.6,0.398,0.869,395.8,149727,1,0.5217,9750.3,Normal,Normal
2023-04-22 06:00:00,Annealing_Furnace_01,Annealing Furnace,34729.2,643.0,Lubrication,8.92,139.2,486.3,156.9,18.3,74.8,87.3,248.5,0.864,0.802,207.0,665775,5,0.9813,0.0,Bearing Failure,Immediate Action
2023-04-22 06:00:00,Rolling_Mill_01,Rolling Mill,22876.2,604.0,Lubrication,6.24,104.1,951.9,171.9,41.2,93.5,81.8,526.5,0.591,0.871,293.9,258506,0,0.6642,14602.8,Lubrication Failure,Normal
2023-04-22 07:00:00,Pickling_Line_01,Pickling Line,2239.3,1367.0,Bearing Replacement,1.343,54.2,281.6,201.0,90.7,113.5,72.8,139.1,2.371,0.929,489.0,38617,0,0.0957,25693.2,Normal,Normal
2023-04-22 08:00:00,Pickling_Line_02,Pickling Line,18442.7,87.0,Alignment Check,5.254,58.8,301.8,184.0,46.0,88.4,80.8,159.9,3.3,0.893,314.7,361013,2,0.5397,9278.4,Normal,Normal
2023-04-22 15:00:00,Cold_Rolling_Mill_01,Cold Rolling Mill,17432.9,1083.0,Full Overhaul,4.039,68.3,817.3,186.1,70.9,96.7,80.8,408.9,0.563,0.898,368.8,170188,7,0.4069,19257.3,Normal,Normal
2023-04-22 17:00:00,Blast_Furnace_Blower_02,Blast Furnace Blower,5131.5,1270.0,Seal Replacement,2.042,74.5,472.5,193.8,86.5,115.2,72.5,241.7,0.612,0.924,460.4,48708,1,0.1604,25352.7,Normal,Normal
2023-04-22 17:00:00,Electric_Arc_Furnace_03,Electric Arc Furnace,32217.5,1452.0,Bearing Replacement,8.631,123.6,1509.0,161.5,25.8,81.9,86.3,781.7,7.37,0.796,185.9,364384,7,0.9011,0.0,Thermal Degradation,Immediate Action
2023-04-22 18:00:00,Cold_Rolling_Mill_03,Cold Rolling Mill,15482.7,1925.0,Seal Replacement,4.138,68.1,849.3,184.8,68.5,101.8,75.6,383.9,3.659,0.854,360.9,233400,1,0.407,21712.6,Normal,Normal
2023-04-22 22:00:00,Blast_Furnace_Blower_03,Blast Furnace Blower,14760.5,1047.0,Bearing Replacement,3.736,81.8,479.6,188.3,68.2,94.4,78.2,248.7,0.877,0.857,371.9,225409,1,0.3751,15701.8,Normal,Normal
2023-04-22 22:00:00,Electric_Arc_Furnace_03,Electric Arc Furnace,34810.1,18.0,Bearing Replacement,9.928,131.1,1511.4,160.4,15.4,67.6,83.3,783.0,0.403,0.802,170.5,279044,7,1.0,0.0,Lubrication Failure,Immediate Action
2023-04-22 23:00:00,Cold_Rolling_Mill_03,Cold Rolling Mill,21317.7,1748.0,Electrical Inspection,5.898,69.5,875.5,179.3,51.2,90.4,80.8,438.2,2.65,0.897,309.4,318122,2,0.5681,13753.0,Mechanical Wear,Normal
2023-04-23 01:00:00,Blast_Furnace_Blower_03,Blast Furnace Blower,3756.2,408.0,Bearing Replacement,0.586,74.2,450.7,193.1,90.5,123.4,68.2,235.0,1.519,0.972,500.8,32118,0,0.0,26987.4,Normal,Normal
2023-04-23 01:00:00,Ladle_Crane_01,Ladle Crane,15952.6,1952.0,Full Overhaul,5.802,55.4,364.0,178.2,57.7,87.3,78.1,187.2,1.703,0.862,319.0,227748,5,0.5278,36456.3,Normal,Normal
2023-04-23 02:00:00,Cold_Rolling_Mill_02,Cold Rolling Mill,8432.9,380.0,Full Overhaul,3.004,65.7,847.5,195.1,89.7,115.7,75.2,392.0,0.539,0.888,416.2,151901,1,0.2855,28080.0,Normal,Normal
2023-04-23 03:00:00,Annealing_Furnace_01,Annealing Furnace,29261.2,1274.0,Alignment Check,7.877,129.2,447.1,155.2,34.6,78.0,85.1,236.3,4.236,0.802,233.7,339238,2,0.8194,699.5,Lubrication Failure,Immediate Action
2023-04-23 05:00:00,Cold_Rolling_Mill_03,Cold Rolling Mill,27458.8,149.0,Lubrication,7.448,79.8,949.5,160.7,30.9,84.3,87.1,493.9,7.615,0.817,216.9,489254,4,0.8152,9141.0,Mechanical Wear,Warning
2023-04-23 08:00:00,Annealing_Furnace_02,Annealing Furnace,28863.9,1038.0,Alignment Check,6.862,128.4,468.3,166.4,43.2,79.0,80.1,233.7,1.605,0.838,255.8,384135,5,0.7134,2531.4,Lubrication Failure,Critical
2023-04-23 12:00:00,Blast_Furnace_Blower_03,Blast Furnace Blower,25354.0,501.0,Bearing Replacement,6.933,87.3,535.1,173.4,34.7,80.3,82.7,264.4,1.581,0.802,248.2,459014,4,0.7482,3456.3,Lubrication Failure,Critical
2023-04-23 17:00:00,Rolling_Mill_03,Rolling Mill,29160.6,622.0,Alignment Check,7.55,94.6,1022.9,165.9,33.8,87.1,87.3,510.8,1.71,0.82,246.3,398092,2,0.7903,11063.4,Electrical Fault,Warning
2023-04-23 18:00:00,Cold_Rolling_Mill_02,Cold Rolling Mill,7108.9,740.0,Lubrication,3.241,66.4,787.9,189.1,74.9,99.8,78.8,411.1,3.544,0.899,401.2,133717,0,0.2868,27243.2,Normal,Normal
2023-04-23 19:00:00,Annealing_Furnace_01,Annealing Furnace,15876.3,467.0,Lubrication,5.284,126.6,427.0,183.6,59.5,99.2,74.5,210.5,2.522,0.898,346.7,301112,1,0.472,17105.9,Normal,Normal
2023-04-23 20:00:00,Annealing_Furnace_02,Annealing Furnace,24245.5,1734.0,Seal Replacement,6.739,133.3,447.5,174.5,42.6,80.7,81.8,221.7,4.296,0.85,281.9,195845,4,0.6993,8456.2,Bearing Failure,Warning
2023-04-23 20:00:00,Ladle_Crane_02,Ladle Crane,22345.0,304.0,Alignment Check,5.735,54.0,361.2,172.8,55.7,85.6,81.8,190.3,1.565,0.849,293.9,282204,4,0.5974,27525.0,Thermal Degradation,Normal
2023-04-23 21:00:00,Continuous_Caster_03,Continuous Caster,25100.8,860.0,Electrical Inspection,6.314,104.3,688.6,171.4,43.9,85.8,83.6,373.8,1.499,0.837,279.0,468076,2,0.6764,9321.6,Electrical Fault,Warning
2023-04-23 22:00:00,Rolling_Mill_02,Rolling Mill,7926.6,1963.0,Alignment Check,2.998,80.1,898.3,188.8,78.0,103.9,78.1,444.1,1.159,0.889,422.0,64739,1,0.2561,31852.5,Normal,Normal
2023-04-23 23:00:00,Blast_Furnace_Blower_01,Blast Furnace Blower,3535.4,1176.0,Seal Replacement,1.043,73.8,456.6,205.9,85.7,118.6,69.4,219.3,0.958,0.962,489.1,32613,1,0.0595,25554.8,Normal,Normal
2023-04-23 23:00:00,Hot_Strip_Mill_03,Hot Strip Mill,32096.5,1263.0,Full Overhaul,8.454,102.6,1050.3,164.0,23.5,75.1,85.5,558.7,3.588,0.818,248.6,422751,2,0.8736,5815.6,Lubrication Failure,Warning
2023-04-24 01:00:00,Annealing_Furnace_03,Annealing Furnace,19650.0,1458.0,Seal Replacement,5.955,134.7,452.9,177.8,49.9,84.7,82.0,226.1,4.389,0.854,288.9,388366,4,0.6318,9619.3,Lubrication Failure,Normal
2023-04-24 04:00:00,Rolling_Mill_02,Rolling Mill,5468.5,1734.0,Electrical Inspection,2.173,96.7,873.6,196.8,92.1,110.5,76.8,459.0,1.973,0.912,452.1,104604,1,0.1706,34637.9,Normal,Normal
2023-04-24 08:00:00,Annealing_Furnace_03,Annealing Furnace,27790.9,1641.0,Full Overhaul,7.055,142.1,446.8,175.9,39.9,90.6,84.1,238.1,1.754,0.818,242.6,417440,3,0.7392,4318.7,Thermal Degradation,Critical
2023-04-24 09:00:00,Hot_Strip_Mill_02,Hot Strip Mill,32031.1,728.0,Seal Replacement,8.649,108.5,1116.9,166.7,24.2,68.2,87.1,566.5,3.306,0.82,179.1,353340,4,0.9428,6932.4,Lubrication Failure,Warning
2023-04-24 09:00:00,Ladle_Crane_02,Ladle Crane,6017.8,1675.0,Electrical Inspection,2.17,45.0,330.1,194.0,80.3,106.8,75.1,168.8,0.932,0.946,459.5,94484,0,0.158,44432.0,Normal,Normal
2023-04-24 10:00:00,Annealing_Furnace_03,Annealing Furnace,28627.7,410.0,Bearing Replacement,6.788,126.8,462.3,173.3,37.5,78.6,83.0,218.3,2.141,0.827,244.8,339940,5,0.7296,4310.5,Electrical Fault,Critical
2023-04-24 10:00:00,Ladle_Crane_03,Ladle Crane,32669.6,809.0,Bearing Replacement,8.233,61.5,389.9,176.1,28.5,69.7,88.0,201.4,0.964,0.782,183.1,517515,5,0.9085,18151.0,Lubrication Failure,Normal
2023-04-24 13:00:00,Annealing_Furnace_03,Annealing Furnace,32848.8,1336.0,Lubrication,8.992,134.1,457.5,160.9,35.1,71.1,83.3,233.5,4.335,0.823,195.3,329564,6,0.8861,146.2,Mechanical Wear,Immediate Action
2023-04-24 16:00:00,Cold_Rolling_Mill_01,Cold Rolling Mill,32004.1,489.0,Seal Replacement,8.497,75.6,937.8,160.4,26.8,67.0,88.4,457.6,0.183,0.782,202.6,487153,5,0.9272,6827.1,Lubrication Failure,Warning
2023-04-24 19:00:00,Pickling_Line_01,Pickling Line,19170.1,709.0,Full Overhaul,5.252,58.8,322.4,173.7,58.1,98.7,79.3,168.0,1.289,0.891,350.4,312466,1,0.5149,9182.7,Normal,Normal
2023-04-24 23:00:00,Blast_Furnace_Blower_01,Blast Furnace Blower,2225.8,1521.0,Seal Replacement,2.079,75.0,471.5,187.4,80.8,122.9,74.4,255.7,1.901,0.918,472.5,18508,1,0.1816,27352.8,Normal,Normal
2023-04-24 23:00:00,Annealing_Furnace_01,Annealing Furnace,353.8,483.0,Alignment Check,1.201,122.9,362.5,195.9,91.5,117.6,72.2,200.2,0.477,0.961,501.8,6979,0,0.0434,32785.7,Normal,Normal
2023-04-24 23:00:00,Pickling_Line_03,Pickling Line,12531.8,1025.0,Lubrication,3.795,65.1,326.4,186.4,72.3,102.7,76.4,148.1,1.195,0.875,405.4,207702,2,0.3626,15622.8,Normal,Normal
2023-04-25 02:00:00,Cold_Rolling_Mill_02,Cold Rolling Mill,15066.5,1457.0,Alignment Check,5.22,74.0,864.6,178.9,56.5,96.5,83.6,418.7,3.827,0.893,317.6,134519,2,0.5295,20804.8,Normal,Normal
2023-04-25 02:00:00,Continuous_Caster_03,Continuous Caster,14036.5,1844.0,Full Overhaul,4.153,103.5,645.5,176.7,61.2,117.2,75.7,336.7,3.423,0.864,407.2,214221,2,0.4122,21405.6,Normal,Normal
2023-04-25 03:00:00,Cold_Rolling_Mill_03,Cold Rolling Mill,6546.5,131.0,Bearing Replacement,2.248,65.8,816.2,198.9,88.7,117.2,72.2,399.4,1.767,0.889,468.3,90279,1,0.1844,29531.7,Normal,Normal
2023-04-25 03:00:00,Pickling_Line_03,Pickling Line,13902.3,1800.0,Lubrication,4.64,65.4,300.0,190.5,75.3,95.6,75.4,162.2,2.489,0.897,389.7,216139,1,0.3675,14154.8,Normal,Normal
2023-04-25 05:00:00,Rolling_Mill_01,Rolling Mill,6195.3,32.0,Full Overhaul,1.35,88.4,873.2,205.0,91.1,108.6,73.0,448.0,2.052,0.96,484.2,101133,0,0.0949,34884.4,Normal,Normal
2023-04-25 07:00:00,Hot_Strip_Mill_02,Hot Strip Mill,29722.8,1648.0,Seal Replacement,7.168,101.4,1094.7,183.9,45.0,80.7,81.4,550.2,2.719,0.85,245.1,250041,2,0.7349,6343.7,Lubrication Failure,Warning
2023-04-25 08:00:00,Hydraulic_Press_02,Hydraulic Press,10507.0,514.0,Lubrication,2.814,74.4,216.7,181.5,86.8,105.3,71.1,113.1,0.52,0.909,442.0,144889,3,0.2581,10713.1,Normal,Normal
2023-04-25 09:00:00,Ladle_Crane_02,Ladle Crane,20989.9,1305.0,Full Overhaul,6.396,61.7,373.2,171.9,47.5,92.3,80.8,187.3,1.271,0.855,275.2,293113,2,0.6816,29739.0,Lubrication Failure,Normal
2023-04-25 11:00:00,Pickling_Line_01,Pickling Line,17649.2,1339.0,Seal Replacement,5.562,69.8,327.4,183.1,57.7,88.7,78.4,169.8,1.401,0.831,329.9,272766,2,0.5844,10014.6,Lubrication Failure,Normal
2023-04-25 13:00:00,Annealing_Furnace_02,Annealing Furnace,1910.7,772.0,Alignment Check,1.123,115.8,387.2,204.0,95.0,116.5,74.9,198.2,2.183,0.95,487.2,23503,0,0.0582,31652.2,Normal,Normal
2023-04-25 20:00:00,Hydraulic_Press_01,Hydraulic Press,32984.0,414.0,Full Overhaul,8.841,78.4,264.9,165.7,27.2,65.9,87.7,139.6,4.244,0.806,163.1,290806,3,0.9657,0.0,Electrical Fault,Immediate Action
2023-04-25 21:00:00,Hot_Strip_Mill_03,Hot Strip Mill,18500.2,73.0,Lubrication,4.831,106.0,1033.7,174.8,59.5,98.4,80.2,513.4,0.401,0.865,339.7,219669,1,0.4983,19647.9,Normal,Normal
2023-04-25 23:00:00,Cold_Rolling_Mill_03,Cold Rolling Mill,11444.5,1159.0,Seal Replacement,3.597,64.0,799.1,188.4,70.5,109.2,73.4,417.1,1.876,0.87,428.7,121462,2,0.3255,24323.6,Normal,Normal
2023-04-26 01:00:00,Hot_Strip_Mill_02,Hot Strip Mill,5618.6,1407.0,Electrical Inspection,1.549,93.4,971.1,200.4,93.7,117.8,76.7,479.6,2.18,0.944,459.3,97966,0,0.1217,34054.6,Normal,Normal
2023-04-26 01:00:00,Blast_Furnace_Blower_01,Blast Furnace Blower,11914.6,749.0,Lubrication,3.184,85.9,472.6,186.2,77.0,105.6,74.9,234.4,0.869,0.889,405.1,221089,3,0.3015,18077.0,Normal,Normal
2023-04-26 01:00:00,Hot_Strip_Mill_02,Hot Strip Mill,815.9,381.0,Full Overhaul,1.057,97.6,948.8,194.0,99.6,122.4,74.4,480.6,1.035,0.923,517.0,8228,1,0.0539,36547.6,Normal,Normal
2023-04-26 02:00:00,Cold_Rolling_Mill_02,Cold Rolling Mill,12788.2,324.0,Electrical Inspection,3.766,69.0,820.7,185.2,69.5,105.9,78.2,422.7,2.16,0.94,387.9,195805,1,0.3351,24290.5,Normal,Normal
2023-04-26 03:00:00,Cold_Rolling_Mill_02,Cold Rolling Mill,24089.4,303.0,Full Overhaul,7.009,76.7,898.7,162.5,37.0,80.6,83.6,464.7,0.051,0.855,274.3,415796,4,0.7592,12594.9,Thermal Degradation,Normal
2023-04-26 03:00:00,Hot_Strip_Mill_02,Hot Strip Mill,30528.1,1600.0,Bearing Replacement,8.699,106.2,1071.3,166.8,35.5,72.8,85.6,544.1,1.358,0.801,216.7,549011,5,0.8649,9303.4,Electrical Fault,Warning
2023-04-26 03:00:00,Blast_Furnace_Blower_03,Blast Furnace Blower,18648.9,531.0,Seal Replacement,5.286,84.1,504.4,174.9,57.0,96.1,78.7,250.7,2.191,0.872,311.0,194160,3,0.5574,12415.8,Thermal Degradation,Normal
2023-04-26 05:00:00,Pickling_Line_01,Pickling Line,3994.2,869.0,Alignment Check,1.843,58.5,288.1,202.5,92.7,116.0,76.3,158.6,0.126,0.928,467.6,59843,0,0.1417,24968.6,Normal,Normal
2023-04-26 05:00:00,Pickling_Line_01,Pickling Line,5256.3,1303.0,Full Overhaul,1.947,55.4,295.5,190.7,94.9,109.6,73.1,146.3,1.267,0.949,445.3,62069,0,0.1624,22525.9,Normal,Normal
2023-04-26 05:00:00,Hydraulic_Press_01,Hydraulic Press,15041.5,1695.0,Lubrication,3.646,61.6,227.4,180.6,68.4,112.3,77.7,119.9,0.341,0.866,427.6,297777,0,0.3582,5574.0,Normal,Warning
2023-04-26 12:00:00,Hydraulic_Press_02,Hydraulic Press,6930.2,1024.0,Bearing Replacement,2.404,65.5,219.6,191.1,87.4,113.4,72.6,109.5,1.696,0.929,454.6,109199,0,0.1735,13515.3,Normal,Normal
2023-04-26 13:00:00,Blast_Furnace_Blower_02,Blast Furnace Blower,1072.0,1361.0,Lubrication,0.933,74.7,460.1,200.2,100.0,121.5,74.9,227.6,0.745,0.935,498.6,18078,0,0.0281,29405.5,Normal,Normal
2023-04-26 13:00:00,Hot_Strip_Mill_02,Hot Strip Mill,28195.0,1021.0,Electrical Inspection,7.424,106.1,1080.2,159.9,28.2,84.9,83.9,576.8,0.356,0.826,245.1,523455,4,0.8083,8029.9,Lubrication Failure,Warning
2023-04-26 13:00:00,Blast_Furnace_Blower_01,Blast Furnace Blower,781.3,1515.0,Bearing Replacement,0.986,82.9,452.8,194.9,97.6,118.6,71.0,239.4,0.285,0.973,504.1,13974,0,0.0555,28869.3,Normal,Normal
2023-04-26 14:00:00,Rolling_Mill_01,Rolling Mill,29091.1,1571.0,Bearing Replacement,7.731,106.1,1037.9,166.0,36.1,80.3,85.9,519.8,0.028,0.833,212.8,519296,3,0.8415,10854.1,Lubrication Failure,Warning
2023-04-26 15:00:00,Hydraulic_Press_03,Hydraulic Press,34116.3,1472.0,Bearing Replacement,9.56,87.0,266.7,155.2,31.2,68.3,86.1,132.9,1.351,0.81,151.8,402269,3,1.0,0.0,Bearing Failure,Immediate Action
2023-04-26 15:00:00,Electric_Arc_Furnace_01,Electric Arc Furnace,5129.2,1563.0,Lubrication,2.18,110.1,1215.3,192.8,92.5,112.4,75.5,612.9,1.537,0.896,505.5,56672,1,0.0949,20269.5,Normal,Normal
2023-04-26 16:00:00,Pickling_Line_02,Pickling Line,21175.2,1618.0,Full Overhaul,5.621,56.0,324.6,181.5,55.9,90.9,84.9,166.4,3.656,0.834,338.6,269146,2,0.5819,7546.6,Mechanical Wear,Warning
2023-04-26 18:00:00,Cold_Rolling_Mill_01,Cold Rolling Mill,25750.9,1602.0,Seal Replacement,6.676,79.0,897.6,176.5,50.5,79.4,85.6,457.0,1.686,0.832,255.9,489298,8,0.7034,9374.3,Thermal Degradation,Warning
2023-04-26 19:00:00,Annealing_Furnace_03,Annealing Furnace,3955.9,1727.0,Alignment Check,1.681,119.2,393.4,202.2,99.5,125.2,73.0,186.0,1.684,0.931,480.5,34363,0,0.0579,27583.1,Normal,Normal
2023-04-26 20:00:00,Pickling_Line_03,Pickling Line,30187.4,934.0,Lubrication,7.95,72.6,337.0,169.0,39.9,72.1,83.8,175.5,6.616,0.828,244.3,335380,1,0.8449,0.0,Thermal Degradation,Immediate Action
2023-04-26 22:00:00,Cold_Rolling_Mill_01,Cold Rolling Mill,29387.8,1776.0,Electrical Inspection,8.038,76.4,857.2,161.6,35.9,74.0,81.6,481.9,0.275,0.829,217.2,391284,5,0.8118,6046.0,Electrical Fault,Warning
2023-04-26 23:00:00,Hydraulic_Press_03,Hydraulic Press,22889.4,149.0,Alignment Check,6.755,83.3,246.4,171.4,36.5,84.4,80.5,128.4,2.422,0.833,346.1,379538,4,0.712,0.0,Electrical Fault,Immediate Action
2023-04-27 00:00:00,Hydraulic_Press_03,Hydraulic Press,17629.4,715.0,Lubrication,4.735,73.4,237.2,187.2,63.5,97.7,75.6,116.4,0.152,0.872,330.1,175341,0,0.4903,2440.9,Normal,Critical
2023-04-27 01:00:00,Hot_Strip_Mill_02,Hot Strip Mill,306.9,829.0,Electrical Inspection,0.724,91.5,880.6,195.1,98.3,117.4,71.9,441.0,0.128,0.95,550.0,3689,0,0.0,37112.8,Normal,Normal
2023-04-27 01:00:00,Hydraulic_Press_02,Hydraulic Press,25280.0,1848.0,Lubrication,7.254,83.3,248.6,164.0,31.7,78.9,84.4,129.9,4.747,0.871,273.2,356191,5,0.7489,0.0,Mechanical Wear,Immediate Action
2023-04-27 02:00:00,Electric_Arc_Furnace_01,Electric Arc Furnace,20776.2,1728.0,Electrical Inspection,6.193,123.1,1433.9,176.1,47.2,87.1,80.4,717.9,8.092,0.819,296.2,220141,2,0.6308,1939.0,Lubrication Failure,Critical
2023-04-27 02:00:00,Hydraulic_Press_02,Hydraulic Press,29674.5,1107.0,Electrical Inspection,8.031,82.2,251.1,168.6,27.7,76.2,79.5,125.8,0.974,0.793,195.7,259317,5,0.8799,0.0,Mechanical Wear,Immediate Action
2023-04-27 03:00:00,Hydraulic_Press_03,Hydraulic Press,12555.8,515.0,Seal Replacement,3.243,68.7,220.7,192.0,83.4,108.9,77.4,116.8,5.277,0.887,403.4,224303,1,0.286,6812.9,Normal,Normal
2023-04-27 05:00:00,Hot_Strip_Mill_01,Hot Strip Mill,3879.3,195.0,Electrical Inspection,1.216,90.7,903.0,198.9,94.5,112.9,72.9,475.8,0.02,0.983,505.0,62902,0,0.0672,32503.8,Normal,Normal
2023-04-27 06:00:00,Blast_Furnace_Blower_02,Blast Furnace Blower,14788.6,1394.0,Electrical Inspection,3.931,81.3,489.8,179.4,79.1,98.4,77.9,239.2,1.809,0.872,365.1,168162,3,0.3894,15434.4,Normal,Normal
2023-04-27 08:00:00,Cold_Rolling_Mill_01,Cold Rolling Mill,25475.9,448.0,Bearing Replacement,6.935,76.0,871.5,173.7,42.3,86.0,82.8,460.0,0.617,0.824,271.9,322783,0,0.7177,11636.0,Mechanical Wear,Normal
2023-04-27 09:00:00,Hot_Strip_Mill_03,Hot Strip Mill,3844.8,1154.0,Lubrication,1.403,87.0,916.3,193.9,83.3,122.2,75.2,445.1,0.492,0.943,480.7,56046,0,0.0746,32220.8,Normal,Normal
2023-04-27 11:00:00,Rolling_Mill_01,Rolling Mill,7291.1,786.0,Electrical Inspection,2.481,89.2,894.3,193.9,81.4,114.8,71.7,463.4,1.155,0.951,483.6,86434,1,0.1961,33913.0,Normal,Normal
2023-04-27 15:00:00,Electric_Arc_Furnace_02,Electric Arc Furnace,5249.6,1340.0,Electrical Inspection,3.061,119.7,1220.2,192.1,89.6,112.8,79.4,643.3,0.931,0.916,452.2,53797,1,0.1827,19073.0,Normal,Normal
2023-04-27 16:00:00,Cold_Rolling_Mill_01,Cold Rolling Mill,27913.5,1244.0,Seal Replacement,7.404,73.6,869.3,167.6,31.7,71.2,80.9,479.2,5.101,0.821,235.7,293870,3,0.7696,8787.4,Lubrication Failure,Warning
2023-04-27 16:00:00,Electric_Arc_Furnace_03,Electric Arc Furnace,2295.0,1216.0,Electrical Inspection,1.491,113.4,1250.0,208.4,91.8,111.6,72.7,646.0,0.114,0.965,509.3,41786,0,0.0804,23139.3,Normal,Normal
2023-04-27 17:00:00,Hot_Strip_Mill_03,Hot Strip Mill,24061.9,1031.0,Seal Replacement,6.703,94.6,1055.4,166.2,48.4,81.3,77.0,538.0,2.082,0.847,338.1,332438,5,0.6963,13702.6,Lubrication Failure,Normal
2023-04-27 19:00:00,Rolling_Mill_02,Rolling Mill,12889.3,1378.0,Electrical Inspection,2.526,83.1,922.4,187.5,80.8,114.1,75.6,455.0,0.742,0.921,450.1,176042,0,0.2204,27146.5,Normal,Normal
2023-04-27 19:00:00,Pickling_Line_01,Pickling Line,26477.1,1428.0,Full Overhaul,7.135,68.8,335.5,176.7,39.9,78.9,82.1,180.2,3.818,0.86,273.3,334968,2,0.7161,1190.1,Lubrication Failure,Immediate Action
2023-04-27 19:00:00,Hydraulic_Press_01,Hydraulic Press,33757.0,421.0,Full Overhaul,9.144,84.7,260.6,168.7,26.3,62.3,87.0,127.9,1.981,0.802,188.9,562808,9,1.0,0.0,Electrical Fault,Immediate Action
2023-04-27 22:00:00,Hot_Strip_Mill_02,Hot Strip Mill,4097.6,1192.0,Bearing Replacement,1.476,91.6,928.0,200.5,93.1,118.3,73.8,437.3,2.429,0.954,475.1,73576,1,0.0723,34192.7,Normal,Normal
2023-04-28 01:00:00,Hot_Strip_Mill_03,Hot Strip Mill,11072.0,26.0,Bearing Replacement,2.838,104.0,979.2,188.3,73.8,109.3,74.9,503.2,1.812,0.902,452.0,184313,1,0.2628,25874.7,Normal,Normal
2023-04-28 02:00:00,Continuous_Caster_03,Continuous Caster,9388.9,1588.0,Full Overhaul,2.887,100.9,613.8,193.3,83.6,104.0,75.1,344.3,1.852,0.915,421.3,97701,0,0.2759,26669.8,Normal,Normal
2023-04-28 02:00:00,Hydraulic_Press_03,Hydraulic Press,28373.4,1033.0,Seal Replacement,7.879,79.9,250.2,161.5,35.2,73.1,88.0,128.2,0.049,0.808,203.9,391999,1,0.8625,0.0,Thermal Degradation,Immediate Action
2023-04-28 09:00:00,Cold_Rolling_Mill_01,Cold Rolling Mill,7607.7,121.0,Seal Replacement,3.269,62.9,783.0,188.4,77.7,113.5,77.4,394.8,0.287,0.925,410.3,110326,1,0.2902,28612.6,Normal,Normal
2023-04-28 09:00:00,Continuous_Caster_01,Continuous Caster,28905.7,645.0,Full Overhaul,7.442,114.0,730.7,165.3,32.9,73.0,82.3,379.3,5.459,0.824,230.4,483186,9,0.8026,7007.6,Lubrication Failure,Warning
2023-04-28 13:00:00,Rolling_Mill_01,Rolling Mill,34549.2,73.0,Alignment Check,9.096,100.4,1106.5,165.4,15.6,64.8,89.0,556.9,7.08,0.788,162.0,447729,4,1.0,4646.3,Electrical Fault,Critical
2023-04-28 15:00:00,Blast_Furnace_Blower_02,Blast Furnace Blower,19535.1,1131.0,Electrical Inspection,5.135,82.5,507.3,178.7,56.1,97.4,77.6,258.7,2.472,0.907,343.2,388553,3,0.5137,9722.9,Normal,Normal
2023-04-28 16:00:00,Hydraulic_Press_02,Hydraulic Press,9803.9,1852.0,Bearing Replacement,1.797,64.4,226.0,187.4,81.6,113.0,73.8,111.4,0.167,0.94,469.4,188440,2,0.1517,9589.0,Normal,Normal
2023-04-28 17:00:00,Pickling_Line_02,Pickling Line,14010.0,648.0,Electrical Inspection,4.273,67.0,318.0,183.2,62.8,98.0,77.2,159.6,3.08,0.888,357.5,268881,0,0.4339,13838.2,Normal,Normal
2023-04-28 19:00:00,Blast_Furnace_Blower_01,Blast Furnace Blower,6037.5,731.0,Alignment Check,2.335,79.5,463.2,190.2,86.7,102.2,75.6,243.6,0.736,0.892,528.4,91305,1,0.2012,24171.7,Normal,Normal
2023-04-28 20:00:00,Ladle_Crane_01,Ladle Crane,27094.2,1473.0,Seal Replacement,7.228,59.5,387.3,171.0,39.0,80.3,82.1,201.2,4.265,0.811,236.1,390319,5,0.7638,25253.0,Lubrication Failure,Normal
2023-04-28 20:00:00,Rolling_Mill_03,Rolling Mill,26689.9,426.0,Alignment Check,7.637,102.1,1017.5,163.2,40.0,75.4,82.2,552.3,1.217,0.841,289.1,390561,1,0.7962,12657.5,Electrical Fault,Normal
2023-04-28 21:00:00,Ladle_Crane_01,Ladle Crane,30641.7,1012.0,Full Overhaul,9.146,68.8,384.6,164.3,26.0,82.0,85.9,212.8,0.347,0.825,191.2,417696,5,0.9488,18395.1,Lubrication Failure,Normal
2023-04-28 23:00:00,Cold_Rolling_Mill_01,Cold Rolling Mill,1028.4,553.0,Alignment Check,1.24,60.8,782.7,184.5,93.0,113.7,72.2,378.8,2.402,0.97,488.9,10215,0,0.0727,35240.3,Normal,Normal
2023-04-29 00:00:00,Electric_Arc_Furnace_02,Electric Arc Furnace,19713.1,85.0,Seal Replacement,5.744,130.0,1419.9,181.3,48.0,82.4,81.1,674.4,6.316,0.885,294.8,365116,0,0.6045,4624.6,Electrical Fault,Warning
2023-04-29 01:00:00,Rolling_Mill_02,Rolling Mill,7577.5,1705.0,Seal Replacement,2.402,94.5,918.0,196.1,80.5,106.7,73.7,437.7,2.121,0.943,455.1,134971,0,0.2226,31614.7,Normal,Normal
2023-04-29 03:00:00,Hydraulic_Press_01,Hydraulic Press,11996.8,1383.0,Full Overhaul,3.75,64.6,223.7,188.4,83.6,102.6,74.6,120.7,0.12,0.893,408.7,202911,1,0.2754,7951.4,Normal,Normal
2023-04-29 06:00:00,Rolling_Mill_01,Rolling Mill,27495.0,1954.0,Bearing Replacement,7.415,103.3,1030.0,164.5,25.5,83.4,83.8,558.2,3.602,0.85,246.1,447587,4,0.789,11505.9,Bearing Failure,Warning
2023-04-29 06:00:00,Pickling_Line_02,Pickling Line,6802.0,1123.0,Full Overhaul,2.514,64.3,303.1,194.2,77.3,96.3,78.0,142.7,1.944,0.911,452.3,92492,3,0.2123,21273.1,Normal,Normal
2023-04-29 09:00:00,Pickling_Line_02,Pickling Line,22378.1,1918.0,Bearing Replacement,7.57,68.2,319.5,170.4,38.4,79.6,82.5,166.8,3.009,0.861,251.0,446369,4,0.741,5991.7,Lubrication Failure,Warning
2023-04-29 10:00:00,Hydraulic_Press_01,Hydraulic Press,22944.4,1393.0,Electrical Inspection,6.288,80.0,230.0,170.6,40.9,93.7,83.5,124.8,1.391,0.855,266.7,304923,1,0.6689,0.0,Bearing Failure,Immediate Action
2023-04-29 11:00:00,Hot_Strip_Mill_03,Hot Strip Mill,33397.9,861.0,Seal Replacement,8.287,102.1,1116.8,161.4,30.0,78.0,86.3,571.8,5.036,0.81,192.0,372445,4,0.9019,3371.0,Lubrication Failure,Critical
2023-04-29 13:00:00,Blast_Furnace_Blower_01,Blast Furnace Blower,27153.1,468.0,Electrical Inspection,7.613,87.0,531.9,168.9,28.4,80.4,82.4,290.7,1.905,0.824,253.4,325913,4,0.7992,2997.9,Electrical Fault,Critical
2023-04-29 14:00:00,Hydraulic_Press_02,Hydraulic Press,28146.9,119.0,Bearing Replacement,8.331,81.3,256.7,172.0,36.7,73.9,86.4,136.4,0.068,0.829,218.9,466738,5,0.8671,0.0,Lubrication Failure,Immediate Action
2023-04-29 17:00:00,Blast_Furnace_Blower_02,Blast Furnace Blower,18652.9,10.0,Electrical Inspection,6.117,81.9,522.3,168.7,60.3,92.5,81.1,256.4,3.414,0.846,296.8,216625,2,0.6184,9683.8,Mechanical Wear,Normal
2023-04-29 18:00:00,Rolling_Mill_01,Rolling Mill,6618.7,1662.0,Lubrication,2.528,88.9,920.3,194.2,86.5,114.0,76.8,428.2,3.348,0.891,460.6,106054,0,0.1838,32026.8,Normal,Normal
2023-04-29 18:00:00,Annealing_Furnace_01,Annealing Furnace,14952.2,1247.0,Bearing Replacement,4.303,130.9,421.6,178.9,63.5,93.5,83.4,203.1,2.383,0.909,358.8,247143,4,0.4172,17503.8,Normal,Normal
2023-04-29 18:00:00,Pickling_Line_02,Pickling Line,19277.2,374.0,Bearing Replacement,5.178,60.9,318.1,182.4,66.2,101.5,79.3,155.4,1.316,0.871,384.0,363540,2,0.4802,7586.6,Normal,Warning
2023-04-29 19:00:00,Rolling_Mill_03,Rolling Mill,23776.8,1372.0,Full Overhaul,6.258,92.6,999.8,176.9,46.7,98.7,84.2,484.6,7.774,0.882,309.4,321391,4,0.6492,16135.1,Electrical Fault,Normal
2023-04-29 22:00:00,Pickling_Line_02,Pickling Line,13849.8,113.0,Alignment Check,3.45,66.2,297.6,190.1,74.7,99.0,75.9,146.2,4.738,0.909,410.3,122258,1,0.3195,14063.7,Normal,Normal
2023-04-29 22:00:00,Pickling_Line_03,Pickling Line,21309.0,1834.0,Alignment Check,5.937,61.3,330.8,168.6,45.3,86.5,83.5,170.9,4.573,0.876,280.0,295677,4,0.6305,4908.1,Lubrication Failure,Warning
2023-04-29 23:00:00,Annealing_Furnace_03,Annealing Furnace,9359.4,1608.0,Bearing Replacement,4.018,120.4,418.6,186.5,62.5,105.5,76.6,213.0,0.566,0.925,377.1,94589,1,0.3698,20669.2,Normal,Normal
2023-04-30 04:00:00,Hydraulic_Press_02,Hydraulic Press,5971.3,1671.0,Electrical Inspection,2.117,69.2,203.3,200.4,84.1,117.0,71.7,104.2,0.691,0.918,460.2,65862,1,0.1528,13666.0,Normal,Normal
2023-04-30 07:00:00,Blast_Furnace_Blower_02,Blast Furnace Blower,24315.2,1304.0,Alignment Check,6.54,94.2,520.3,172.1,40.1,83.7,84.8,298.7,4.239,0.862,259.1,466500,10,0.7007,5290.8,Lubrication Failure,Warning
2023-04-30 10:00:00,Pickling_Line_01,Pickling Line,22624.4,1873.0,Seal Replacement,6.152,64.4,335.0,174.9,46.4,80.8,80.2,170.6,4.569,0.853,294.2,354995,0,0.6635,5478.9,Bearing Failure,Warning
2023-04-30 12:00:00,Annealing_Furnace_01,Annealing Furnace,24089.3,1933.0,Seal Replacement,6.917,131.5,435.6,172.3,32.5,84.9,82.0,239.2,1.954,0.802,240.3,453518,2,0.7447,7668.3,Bearing Failure,Warning
2023-04-30 13:00:00,Electric_Arc_Furnace_03,Electric Arc Furnace,13101.2,1546.0,Full Overhaul,5.036,118.5,1272.5,191.6,64.4,86.1,81.6,661.5,0.12,0.884,380.4,153897,0,0.3877,10971.9,Normal,Normal
2023-04-30 14:00:00,Continuous_Caster_02,Continuous Caster,9258.0,336.0,Lubrication,2.356,100.2,643.4,182.5,80.5,110.1,74.1,327.6,0.03,0.902,428.4,110697,1,0.2111,24463.9,Normal,Normal
2023-04-30 15:00:00,Rolling_Mill_03,Rolling Mill,26614.3,166.0,Alignment Check,7.33,98.6,1000.4,161.0,39.9,65.0,87.0,518.0,1.017,0.821,233.8,372179,5,0.7815,11448.8,Mechanical Wear,Warning
2023-04-30 17:00:00,Cold_Rolling_Mill_01,Cold Rolling Mill,27100.3,846.0,Alignment Check,7.866,75.4,934.0,166.3,33.6,76.3,88.4,494.4,2.435,0.808,213.6,431315,4,0.8306,9122.7,Electrical Fault,Warning
2023-04-30 19:00:00,Rolling_Mill_01,Rolling Mill,16001.0,803.0,Electrical Inspection,4.64,93.6,939.6,185.3,75.2,105.4,76.4,459.5,1.201,0.849,367.0,156253,3,0.4124,24193.8,Normal,Normal
2023-04-30 21:00:00,Hydraulic_Press_01,Hydraulic Press,21455.5,287.0,Lubrication,6.479,76.4,253.9,165.6,43.2,98.1,83.3,125.5,5.65,0.86,284.6,216214,4,0.653,0.0,Thermal Degradation,Immediate Action
2023-05-01 00:00:00,Electric_Arc_Furnace_03,Electric Arc Furnace,13135.8,80.0,Lubrication,4.517,116.3,1377.7,184.2,73.4,105.9,78.8,664.4,3.686,0.879,385.7,231622,0,0.388,11489.1,Normal,Normal
2023-05-01 01:00:00,Blast_Furnace_Blower_02,Blast Furnace Blower,24598.0,497.0,Bearing Replacement,6.792,96.9,546.8,167.9,47.8,85.5,84.2,260.8,2.224,0.841,264.3,451386,5,0.7076,3841.1,Electrical Fault,Critical
2023-05-01 01:00:00,Rolling_Mill_02,Rolling Mill,29266.7,577.0,Alignment Check,7.937,105.1,1007.9,161.4,36.6,82.2,86.4,544.3,0.696,0.843,244.3,236554,3,0.8042,10354.1,Bearing Failure,Warning
2023-05-01 03:00:00,Rolling_Mill_03,Rolling Mill,24119.3,1847.0,Seal Replacement,6.355,102.9,965.5,172.0,46.5,87.2,78.5,495.5,1.326,0.846,295.6,398346,5,0.678,15893.9,Lubrication Failure,Normal
2023-05-01 03:00:00,Pickling_Line_03,Pickling Line,17989.1,1960.0,Bearing Replacement,5.224,64.4,328.2,182.1,58.4,88.1,81.2,153.4,0.078,0.885,413.8,221285,3,0.5359,9032.5,Normal,Normal
2023-05-01 06:00:00,Electric_Arc_Furnace_02,Electric Arc Furnace,16107.2,1970.0,Electrical Inspection,4.788,111.9,1331.2,191.7,60.2,100.2,80.0,695.2,0.788,0.894,349.0,195212,2,0.439,8090.5,Normal,Normal
2023-05-01 06:00:00,Pickling_Line_03,Pickling Line,22517.0,1624.0,Lubrication,5.67,76.8,323.3,186.8,57.3,88.5,79.9,156.5,12.271,0.853,302.5,330705,6,0.5944,5861.8,Lubrication Failure,Warning
2023-05-01 07:00:00,Electric_Arc_Furnace_02,Electric Arc Furnace,23825.4,1542.0,Full Overhaul,6.468,120.1,1430.3,181.0,50.0,92.5,83.3,728.6,6.295,0.861,285.5,406392,1,0.6297,1250.1,Lubrication Failure,Critical
2023-05-01 09:00:00,Ladle_Crane_02,Ladle Crane,19599.7,1876.0,Full Overhaul,5.515,57.7,355.2,178.7,48.1,97.0,83.1,194.3,2.993,0.879,324.9,375059,2,0.574,32099.6,Lubrication Failure,Normal
2023-05-01 10:00:00,Hot_Strip_Mill_01,Hot Strip Mill,21910.5,681.0,Lubrication,6.165,106.1,1062.2,173.4,53.9,85.3,80.8,518.2,4.466,0.848,286.8,178049,3,0.6505,18052.7,Electrical Fault,Normal
2023-05-01 11:00:00,Continuous_Caster_01,Continuous Caster,3470.9,1077.0,Lubrication,1.425,94.6,605.5,196.9,91.8,114.8,70.8,317.2,0.419,0.948,468.8,38860,0,0.0958,29951.1,Normal,Normal
2023-05-01 12:00:00,Cold_Rolling_Mill_02,Cold Rolling Mill,33316.6,1175.0,Lubrication,9.238,83.6,955.3,160.7,20.3,71.2,90.7,471.5,1.937,0.817,151.3,421496,7,1.0,2231.0,Electrical Fault,Critical
2023-05-01 12:00:00,Continuous_Caster_02,Continuous Caster,27698.0,1150.0,Full Overhaul,6.545,109.2,712.9,177.3,30.9,85.8,80.9,358.9,5.33,0.835,266.7,247608,2,0.7063,7431.8,Lubrication Failure,Warning
2023-05-01 12:00:00,Pickling_Line_01,Pickling Line,13150.1,864.0,Full Overhaul,3.866,61.8,315.0,192.2,68.0,111.3,75.3,156.5,0.13,0.904,370.5,110803,1,0.3947,15155.3,Normal,Normal
2023-05-01 15:00:00,Cold_Rolling_Mill_03,Cold Rolling Mill,19742.2,1951.0,Bearing Replacement,5.195,67.1,828.9,175.3,68.6,95.0,79.5,409.4,3.716,0.871,349.8,393309,9,0.472,17355.0,Normal,Normal
2023-05-01 15:00:00,Electric_Arc_Furnace_02,Electric Arc Furnace,1751.6,639.0,Full Overhaul,1.675,106.9,1187.9,196.7,93.3,108.4,68.1,579.2,1.318,0.959,490.0,27588,1,0.0449,23794.8,Normal,Normal
2023-05-01 17:00:00,Pickling_Line_02,Pickling Line,1538.9,443.0,Bearing Replacement,1.004,48.7,284.0,202.5,89.0,116.1,73.0,148.9,0.153,0.921,490.0,17267,1,0.0565,27417.4,Normal,Normal
2023-05-01 22:00:00,Hot_Strip_Mill_01,Hot Strip Mill,8852.9,1476.0,Electrical Inspection,2.814,106.1,939.2,189.6,82.8,117.3,77.3,444.4,1.36,0.918,487.5,110727,2,0.2441,29217.1,Normal,Normal
2023-05-02 00:00:00,Hot_Strip_Mill_03,Hot Strip Mill,24170.6,1837.0,Lubrication,5.773,107.7,1016.4,174.2,43.8,92.4,79.8,523.8,0.469,0.865,298.0,398474,2,0.593,13112.9,Bearing Failure,Normal
2023-05-02 01:00:00,Blast_Furnace_Blower_01,Blast Furnace Blower,29840.0,1936.0,Alignment Check,7.846,92.4,535.9,171.9,35.2,78.1,85.8,284.5,2.914,0.835,203.7,290714,5,0.8478,1915.0,Lubrication Failure,Critical
2023-05-02 03:00:00,Ladle_Crane_01,Ladle Crane,19615.6,1607.0,Electrical Inspection,5.517,62.5,370.9,175.0,54.1,85.9,81.4,190.1,0.244,0.867,355.0,256942,6,0.5606,30614.4,Mechanical Wear,Normal
2023-05-02 04:00:00,Blast_Furnace_Blower_01,Blast Furnace Blower,18671.4,766.0,Alignment Check,5.6,92.3,541.4,180.2,54.1,90.4,81.7,276.7,2.626,0.859,330.1,342815,1,0.5783,11110.9,Bearing Failure,Normal
2023-05-02 07:00:00,Rolling_Mill_01,Rolling Mill,14140.6,1629.0,Alignment Check,3.529,94.0,940.9,185.1,85.2,111.0,76.2,480.5,0.802,0.877,395.7,159156,2,0.3327,24572.7,Normal,Normal
2023-05-02 08:00:00,Pickling_Line_02,Pickling Line,5739.8,1525.0,Full Overhaul,2.929,58.3,302.4,201.6,82.4,113.7,75.6,151.4,3.171,0.91,432.6,57817,2,0.236,22394.2,Normal,Normal
2023-05-02 10:00:00,Cold_Rolling_Mill_03,Cold Rolling Mill,4230.6,805.0,Alignment Check,0.724,64.3,765.2,206.3,93.3,127.2,72.4,372.8,0.379,0.938,508.2,78771,0,0.0,32854.3,Normal,Normal
2023-05-02 11:00:00,Cold_Rolling_Mill_01,Cold Rolling Mill,26647.7,209.0,Seal Replacement,6.538,77.6,860.1,170.5,44.8,79.0,82.6,447.7,2.618,0.865,259.3,516973,1,0.6966,8811.8,Electrical Fault,Warning
2023-05-02 12:00:00,Hot_Strip_Mill_01,Hot Strip Mill,32469.9,1708.0,Seal Replacement,8.722,111.9,1129.4,163.9,28.8,76.9,85.7,570.8,2.727,0.821,178.5,602747,3,0.9365,5378.1,Electrical Fault,Critical
2023-05-02 13:00:00,Hydraulic_Press_02,Hydraulic Press,16094.1,611.0,Full Overhaul,4.848,73.2,223.6,183.9,51.9,86.0,82.7,118.9,7.552,0.841,342.5,306882,2,0.4754,4055.4,Normal,Warning
2023-05-02 18:00:00,Cold_Rolling_Mill_01,Cold Rolling Mill,23114.7,226.0,Seal Replacement,7.082,76.2,896.4,168.5,41.1,82.7,83.7,464.0,0.863,0.876,258.6,297993,6,0.736,13395.3,Thermal Degradation,Normal
2023-05-02 21:00:00,Continuous_Caster_01,Continuous Caster,32014.6,1974.0,Alignment Check,8.646,114.6,751.9,161.4,17.4,75.3,86.7,377.6,1.979,0.825,183.1,436041,7,0.9244,2712.6,Thermal Degradation,Critical
2023-05-02 21:00:00,Hydraulic_Press_02,Hydraulic Press,3245.0,1852.0,Electrical Inspection,1.573,65.2,219.7,200.7,93.1,121.5,70.9,111.1,3.87,0.932,477.1,50127,0,0.0876,16518.9,Normal,Normal
2023-05-02 22:00:00,Hydraulic_Press_01,Hydraulic Press,26989.8,1514.0,Bearing Replacement,7.355,82.3,255.8,168.2,44.3,85.0,88.5,130.9,0.686,0.843,238.2,234926,5,0.7934,0.0,Electrical Fault,Immediate Action
2023-05-03 03:00:00,Hot_Strip_Mill_03,Hot Strip Mill,21626.9,135.0,Seal Replacement,4.934,105.0,979.1,172.9,57.8,101.3,81.3,498.2,4.423,0.855,331.3,349954,5,0.5008,15111.6,Normal,Normal
2023-05-03 05:00:00,Rolling_Mill_02,Rolling Mill,20992.4,1446.0,Electrical Inspection,5.501,102.1,950.4,180.8,56.4,99.5,80.9,495.4,5.406,0.85,379.2,304605,3,0.5494,18083.3,Normal,Normal
2023-05-03 05:00:00,Rolling_Mill_01,Rolling Mill,10309.7,1321.0,Bearing Replacement,2.925,91.7,930.1,195.4,82.5,107.8,79.0,454.2,0.444,0.886,429.3,198455,3,0.2358,28733.9,Normal,Normal
2023-05-03 06:00:00,Electric_Arc_Furnace_03,Electric Arc Furnace,23967.9,493.0,Alignment Check,6.896,124.0,1433.0,169.1,43.1,76.7,80.6,724.9,3.369,0.839,276.7,348238,6,0.7324,0.0,Bearing Failure,Immediate Action
2023-05-03 08:00:00,Continuous_Caster_02,Continuous Caster,27838.4,918.0,Seal Replacement,7.95,115.6,734.7,161.7,31.9,79.8,82.7,382.1,3.643,0.841,221.7,553766,4,0.8604,8204.2,Thermal Degradation,Warning
2023-05-03 10:00:00,Cold_Rolling_Mill_02,Cold Rolling Mill,4038.7,1929.0,Alignment Check,2.651,60.7,777.2,198.3,73.3,113.8,77.2,374.1,3.021,0.929,429.9,79293,1,0.2086,32349.6,Normal,Normal
2023-05-03 11:00:00,Ladle_Crane_02,Ladle Crane,18719.9,35.0,Electrical Inspection,5.364,54.8,354.5,178.2,55.9,89.1,83.0,184.6,7.848,0.868,333.3,239956,4,0.5633,31493.4,Lubrication Failure,Normal
2023-05-03 11:00:00,Ladle_Crane_01,Ladle Crane,3634.2,939.0,Seal Replacement,1.765,53.1,324.9,193.7,85.0,113.0,70.5,166.3,0.524,0.931,453.7,30575,2,0.1484,48322.7,Normal,Normal
2023-05-03 12:00:00,Rolling_Mill_02,Rolling Mill,30552.8,1168.0,Alignment Check,8.151,110.0,1001.1,164.5,24.1,79.5,83.2,528.3,5.812,0.857,237.2,540511,6,0.8776,10308.6,Electrical Fault,Warning
2023-05-03 13:00:00,Rolling_Mill_03,Rolling Mill,17816.5,1736.0,Electrical Inspection,4.672,99.2,966.9,187.9,62.3,103.5,76.2,491.2,2.468,0.902,356.2,324815,2,0.4841,21235.9,Normal,Normal
2023-05-03 13:00:00,Pickling_Line_02,Pickling Line,28298.0,1410.0,Electrical Inspection,7.056,69.8,308.2,171.1,40.3,75.2,85.3,169.5,3.343,0.82,261.2,414154,5,0.7545,687.6,Electrical Fault,Immediate Action
2023-05-03 14:00:00,Pickling_Line_02,Pickling Line,12946.2,200.0,Full Overhaul,3.25,52.5,295.7,189.8,66.2,110.6,76.9,151.0,0.849,0.878,398.3,217391,2,0.3114,15870.5,Normal,Normal
2023-05-03 16:00:00,Ladle_Crane_03,Ladle Crane,4465.2,755.0,Lubrication,1.452,49.3,343.7,196.9,93.3,116.8,73.8,162.3,1.487,0.942,489.3,61285,0,0.059,43857.9,Normal,Normal
2023-05-03 21:00:00,Cold_Rolling_Mill_02,Cold Rolling Mill,1548.3,249.0,Full Overhaul,1.308,63.7,760.3,196.8,100.0,115.1,71.1,370.8,0.043,0.931,498.0,24144,1,0.0808,35426.7,Normal,Normal
2023-05-03 21:00:00,Continuous_Caster_02,Continuous Caster,9924.7,1862.0,Alignment Check,3.043,102.5,625.6,187.9,72.7,113.1,76.5,309.1,1.346,0.931,417.0,140394,1,0.2631,24584.7,Normal,Normal
2023-05-04 04:00:00,Continuous_Caster_03,Continuous Caster,19656.3,500.0,Seal Replacement,4.595,102.9,661.8,176.0,57.2,99.7,80.6,335.5,0.224,0.905,355.3,350717,2,0.4602,14988.9,Normal,Normal
2023-05-04 04:00:00,Continuous_Caster_02,Continuous Caster,8623.8,1383.0,Full Overhaul,2.623,93.5,671.8,194.0,84.0,106.8,72.1,342.0,2.339,0.905,438.5,118647,1,0.2102,27423.2,Normal,Normal
2023-05-04 08:00:00,Hydraulic_Press_03,Hydraulic Press,858.7,283.0,Full Overhaul,0.525,72.5,222.5,201.2,100.0,116.5,75.6,104.4,0.092,0.957,507.1,8718,0,0.0,18821.3,Normal,Normal
2023-05-04 09:00:00,Blast_Furnace_Blower_03,Blast Furnace Blower,18267.9,247.0,Full Overhaul,5.176,81.1,503.3,177.9,62.9,93.6,75.1,269.6,3.112,0.858,351.2,239219,4,0.5076,11344.8,Normal,Normal
2023-05-04 10:00:00,Rolling_Mill_02,Rolling Mill,13772.8,1023.0,Seal Replacement,3.215,93.6,940.6,184.8,70.5,111.5,79.5,470.6,1.624,0.879,395.6,221618,1,0.3167,25060.6,Normal,Normal
2023-05-04 10:00:00,Cold_Rolling_Mill_03,Cold Rolling Mill,20241.6,524.0,Electrical Inspection,6.578,71.6,935.0,173.8,44.2,86.6,82.5,444.0,5.234,0.846,252.1,401335,5,0.7113,14159.6,Thermal Degradation,Normal
2023-05-04 11:00:00,Ladle_Crane_03,Ladle Crane,24614.4,1935.0,Lubrication,5.974,59.8,372.3,174.6,42.2,94.6,82.3,178.8,3.318,0.844,308.2,365785,2,0.6363,21637.1,Lubrication Failure,Normal
2023-05-04 12:00:00,Rolling_Mill_03,Rolling Mill,22229.8,785.0,Seal Replacement,6.487,98.1,988.5,167.3,35.5,75.1,81.6,487.7,6.624,0.864,266.8,324607,2,0.6928,16504.6,Thermal Degradation,Normal
2023-05-04 12:00:00,Cold_Rolling_Mill_02,Cold Rolling Mill,34464.1,1986.0,Seal Replacement,9.381,84.4,949.6,156.4,21.2,77.7,84.5,470.2,2.834,0.8,194.9,485815,6,0.9787,4377.0,Mechanical Wear,Critical
2023-05-04 13:00:00,Annealing_Furnace_02,Annealing Furnace,4925.5,1722.0,Alignment Check,1.793,122.4,379.4,196.5,87.2,109.3,77.0,192.7,0.487,0.874,480.2,42470,2,0.1124,27533.7,Normal,Normal
2023-05-04 18:00:00,Pickling_Line_01,Pickling Line,15097.8,1812.0,Electrical Inspection,4.208,67.4,319.9,179.3,67.5,95.9,77.0,160.8,0.372,0.887,388.9,238704,1,0.4189,14468.1,Normal,Normal
2023-05-04 19:00:00,Ladle_Crane_03,Ladle Crane,14926.6,778.0,Lubrication,5.285,62.0,348.0,174.6,57.4,96.3,81.5,174.7,4.495,0.853,360.1,292058,1,0.4272,34596.1,Normal,Normal
2023-05-04 19:00:00,Pickling_Line_03,Pickling Line,14655.2,243.0,Full Overhaul,4.239,67.5,297.2,186.9,62.8,100.4,80.0,152.8,2.669,0.869,365.9,244301,3,0.43,12951.5,Normal,Normal
2023-05-04 20:00:00,Hot_Strip_Mill_02,Hot Strip Mill,23266.6,1679.0,Bearing Replacement,6.015,104.6,1035.9,169.2,58.4,91.2,80.8,552.9,3.84,0.831,284.8,275358,2,0.6157,16690.3,Lubrication Failure,Normal
2023-05-04 20:00:00,Ladle_Crane_01,Ladle Crane,17195.0,10.0,Alignment Check,5.477,60.0,357.4,177.4,65.6,97.1,83.2,196.2,2.055,0.868,324.2,273111,2,0.5193,33368.6,Normal,Normal
2023-05-04 20:00:00,Hydraulic_Press_03,Hydraulic Press,18158.4,897.0,Full Overhaul,5.277,77.3,221.0,175.2,68.0,96.6,79.5,122.9,2.947,0.841,364.8,255070,0,0.5048,1268.4,Normal,Critical
2023-05-04 23:00:00,Pickling_Line_03,Pickling Line,15189.2,293.0,Alignment Check,3.651,59.9,305.8,180.6,81.9,103.6,80.2,154.5,0.463,0.87,383.0,243016,1,0.3674,13342.4,Normal,Normal
2023-05-05 00:00:00,Annealing_Furnace_03,Annealing Furnace,34710.3,1805.0,Electrical Inspection,9.106,136.0,459.8,162.9,20.4,70.0,89.1,244.0,0.877,0.83,180.6,693167,4,0.9703,0.0,Lubrication Failure,Immediate Action
2023-05-05 03:00:00,Electric_Arc_Furnace_02,Electric Arc Furnace,32471.9,1737.0,Lubrication,9.079,132.7,1483.5,156.8,6.2,71.2,84.5,756.1,2.223,0.802,157.0,497362,12,0.9988,0.0,Lubrication Failure,Immediate Action
2023-05-05 03:00:00,Pickling_Line_02,Pickling Line,10839.6,275.0,Seal Replacement,3.358,58.9,293.3,186.1,79.9,106.2,75.3,158.9,0.632,0.894,426.1,89220,2,0.3207,17550.7,Normal,Normal
2023-05-05 07:00:00,Hot_Strip_Mill_02,Hot Strip Mill,3994.6,1103.0,Lubrication,1.673,89.4,943.6,186.4,85.3,107.2,73.3,466.3,0.592,0.919,478.0,44112,1,0.1144,32453.0,Normal,Normal
2023-05-05 09:00:00,Hot_Strip_Mill_03,Hot Strip Mill,29407.8,468.0,Alignment Check,7.942,105.6,1084.2,175.9,44.7,81.6,84.0,543.1,8.972,0.807,260.6,384683,3,0.8203,9956.5,Electrical Fault,Warning
2023-05-05 09:00:00,Cold_Rolling_Mill_01,Cold Rolling Mill,34901.2,1029.0,Electrical Inspection,8.895,72.7,901.3,162.5,21.9,72.0,87.6,476.3,0.331,0.84,162.2,308428,7,0.9812,1347.9,Mechanical Wear,Immediate Action
2023-05-05 10:00:00,Hot_Strip_Mill_02,Hot Strip Mill,10312.1,1953.0,Lubrication,3.132,93.5,1007.0,194.8,83.7,110.0,73.2,508.5,1.016,0.896,419.0,139758,0,0.3056,28405.8,Normal,Normal
2023-05-05 10:00:00,Electric_Arc_Furnace_02,Electric Arc Furnace,12586.7,461.0,Alignment Check,3.494,114.0,1315.2,192.5,71.5,110.2,77.1,642.7,1.25,0.859,379.2,168951,1,0.3463,12250.2,Normal,Normal
2023-05-05 11:00:00,Blast_Furnace_Blower_03,Blast Furnace Blower,32963.0,131.0,Electrical Inspection,8.772,104.1,551.9,167.4,19.4,79.6,87.6,284.1,8.346,0.786,180.6,610662,2,0.9645,0.0,Mechanical Wear,Immediate Action
2023-05-05 11:00:00,Blast_Furnace_Blower_02,Blast Furnace Blower,24918.4,509.0,Lubrication,6.707,92.6,521.7,169.6,45.4,67.6,84.7,297.6,2.262,0.862,252.3,285650,2,0.7281,4684.3,Electrical Fault,Warning
2023-05-05 13:00:00,Rolling_Mill_02,Rolling Mill,10417.8,1968.0,Alignment Check,3.306,88.1,899.1,190.7,83.4,103.8,74.4,441.1,1.26,0.942,419.3,134326,0,0.238,30698.0,Normal,Normal
2023-05-05 14:00:00,Electric_Arc_Furnace_01,Electric Arc Furnace,20378.5,163.0,Lubrication,5.789,119.1,1337.1,170.7,45.6,84.5,79.1,716.7,7.531,0.822,306.7,220761,1,0.6086,6116.7,Lubrication Failure,Warning
2023-05-05 18:00:00,Blast_Furnace_Blower_01,Blast Furnace Blower,28432.3,303.0,Alignment Check,7.286,84.4,551.2,163.3,36.1,78.6,84.5,299.3,3.459,0.809,236.5,497401,2,0.7626,950.0,Lubrication Failure,Immediate Action
2023-05-05 18:00:00,Annealing_Furnace_01,Annealing Furnace,33053.6,75.0,Lubrication,8.18,128.2,480.2,164.6,28.1,75.3,84.8,238.4,1.448,0.798,186.8,581618,2,0.8967,0.0,Lubrication Failure,Immediate Action
2023-05-05 21:00:00,Blast_Furnace_Blower_03,Blast Furnace Blower,25990.0,1613.0,Bearing Replacement,7.265,83.2,529.0,177.4,41.7,87.8,80.7,286.0,5.35,0.805,249.8,502574,3,0.7413,4492.2,Electrical Fault,Critical
2023-05-05 23:00:00,Pickling_Line_01,Pickling Line,25821.2,943.0,Seal Replacement,7.3,66.1,329.3,174.5,39.8,79.1,82.7,173.1,6.077,0.848,249.1,464291,7,0.7507,2884.3,Bearing Failure,Critical
2023-05-06 01:00:00,Pickling_Line_01,Pickling Line,6312.9,677.0,Alignment Check,2.675,59.2,287.4,194.7,83.8,110.5,74.3,143.9,2.128,0.922,473.9,111605,1,0.2111,21798.6,Normal,Normal
2023-05-06 03:00:00,Ladle_Crane_02,Ladle Crane,28881.4,1315.0,Bearing Replacement,6.613,58.6,380.0,168.5,42.7,80.2,79.7,188.7,5.482,0.837,257.1,312874,5,0.7174,21225.4,Mechanical Wear,Normal
2023-05-06 03:00:00,Electric_Arc_Furnace_02,Electric Arc Furnace,9736.5,193.0,Lubrication,3.657,112.8,1305.4,193.1,72.8,104.8,73.6,697.3,2.556,0.894,389.9,157754,2,0.3176,15423.7,Normal,Normal
2023-05-06 05:00:00,Continuous_Caster_01,Continuous Caster,32569.8,1393.0,Seal Replacement,8.794,113.8,755.6,154.0,25.7,59.5,89.2,368.7,2.481,0.818,232.6,276928,5,0.9512,2475.9,Mechanical Wear,Critical
2023-05-06 06:00:00,Annealing_Furnace_02,Annealing Furnace,12825.9,608.0,Full Overhaul,3.62,120.9,414.7,186.3,69.8,100.2,78.6,212.8,3.181,0.909,420.0,106018,3,0.3302,19459.9,Normal,Normal
2023-05-06 07:00:00,Annealing_Furnace_02,Annealing Furnace,30032.3,1713.0,Lubrication,8.633,138.7,450.3,166.9,40.5,68.9,86.7,242.2,1.947,0.827,209.0,349791,5,0.8463,3722.1,Lubrication Failure,Critical
2023-05-06 08:00:00,Hydraulic_Press_02,Hydraulic Press,9391.5,1448.0,Lubrication,3.364,73.6,220.1,197.0,77.7,111.6,75.5,122.9,0.429,0.914,417.1,173092,1,0.2782,9388.5,Normal,Normal
2023-05-06 09:00:00,Electric_Arc_Furnace_01,Electric Arc Furnace,18057.0,1755.0,Seal Replacement,3.926,118.8,1307.7,179.9,76.9,103.5,77.4,624.8,0.03,0.945,383.9,204138,2,0.3414,6764.2,Normal,Warning
2023-05-06 10:00:00,Rolling_Mill_02,Rolling Mill,3830.3,370.0,Full Overhaul,0.959,90.3,842.3,204.9,93.6,117.1,73.9,439.6,1.614,0.915,545.9,73342,1,0.0469,35050.9,Normal,Normal
2023-05-06 19:00:00,Pickling_Line_02,Pickling Line,23138.1,297.0,Alignment Check,6.807,63.3,341.9,177.0,40.3,82.1,85.9,173.3,10.535,0.82,262.8,246332,5,0.7192,5853.7,Electrical Fault,Warning
2023-05-06 20:00:00,Continuous_Caster_02,Continuous Caster,29279.2,1423.0,Alignment Check,8.249,111.3,720.7,173.8,40.1,78.8,84.9,378.5,4.878,0.845,230.5,250888,1,0.8064,5572.9,Mechanical Wear,Warning
2023-05-06 20:00:00,Ladle_Crane_02,Ladle Crane,25173.8,1842.0,Alignment Check,6.839,55.5,363.4,168.5,46.6,89.5,81.4,196.2,3.578,0.862,285.1,380808,5,0.715,25665.7,Thermal Degradation,Normal
2023-05-06 22:00:00,Continuous_Caster_03,Continuous Caster,18361.7,1610.0,Lubrication,4.942,100.8,676.2,181.5,57.9,94.1,81.1,364.6,3.983,0.931,321.2,326995,4,0.5188,18137.0,Normal,Normal
2023-05-07 10:00:00,Hot_Strip_Mill_03,Hot Strip Mill,1674.5,1881.0,Lubrication,1.605,86.0,913.5,201.2,84.4,113.9,67.6,461.9,1.805,0.922,476.9,24851,0,0.0836,35093.1,Normal,Normal
2023-05-07 12:00:00,Cold_Rolling_Mill_03,Cold Rolling Mill,32677.1,22.0,Electrical Inspection,8.276,88.2,951.8,164.9,24.3,65.6,83.9,467.6,5.146,0.828,206.7,459548,4,0.9133,2753.2,Bearing Failure,Critical
2023-05-07 15:00:00,Ladle_Crane_01,Ladle Crane,24721.6,357.0,Bearing Replacement,6.774,62.4,375.7,174.2,44.3,82.7,82.6,183.4,1.358,0.843,277.5,327989,3,0.6902,27264.5,Thermal Degradation,Normal
2023-05-07 20:00:00,Continuous_Caster_01,Continuous Caster,26130.7,1237.0,Seal Replacement,7.563,116.6,724.2,172.2,36.1,81.6,84.6,366.0,1.901,0.851,238.8,433551,3,0.7561,7692.2,Mechanical Wear,Warning
2023-05-07 22:00:00,Blast_Furnace_Blower_03,Blast Furnace Blower,27834.4,846.0,Bearing Replacement,7.786,93.2,542.2,163.3,26.6,80.0,86.0,277.0,9.2,0.782,211.6,545216,3,0.8376,1721.2,Lubrication Failure,Critical
2023-05-08 04:00:00,Continuous_Caster_03,Continuous Caster,26196.2,1531.0,Lubrication,7.516,107.8,739.5,164.5,39.7,82.3,83.3,383.7,3.878,0.828,260.1,308329,6,0.8066,7123.4,Bearing Failure,Warning
2023-05-08 04:00:00,Rolling_Mill_02,Rolling Mill,15495.0,135.0,Bearing Replacement,4.236,96.2,974.4,186.8,65.0,102.2,78.1,456.4,2.042,0.883,385.3,187695,3,0.4268,26141.1,Normal,Normal
2023-05-08 07:00:00,Hot_Strip_Mill_02,Hot Strip Mill,25703.4,1262.0,Full Overhaul,7.162,113.6,1035.1,168.6,52.3,83.8,82.0,585.4,4.208,0.824,251.9,226260,0,0.7098,11634.0,Lubrication Failure,Normal
2023-05-08 09:00:00,Continuous_Caster_02,Continuous Caster,21913.4,1859.0,Lubrication,5.998,109.5,682.3,176.9,49.7,84.5,82.7,355.7,0.565,0.863,344.0,218756,2,0.6188,13455.3,Bearing Failure,Normal
2023-05-08 09:00:00,Annealing_Furnace_01,Annealing Furnace,29905.2,459.0,Seal Replacement,8.59,138.0,465.1,156.7,27.2,73.0,86.9,250.5,2.032,0.792,195.0,428026,6,0.9212,2743.8,Bearing Failure,Critical
2023-05-08 13:00:00,Continuous_Caster_03,Continuous Caster,28105.8,1362.0,Electrical Inspection,7.982,112.9,742.9,165.3,29.7,73.2,84.4,387.4,4.678,0.825,218.1,331228,3,0.8419,6050.8,Electrical Fault,Warning
2023-05-08 16:00:00,Annealing_Furnace_02,Annealing Furnace,1544.0,688.0,Lubrication,0.778,124.9,374.6,206.7,100.0,110.0,71.0,183.8,0.524,0.939,501.7,27539,0,0.0201,28628.2,Normal,Normal
2023-05-08 23:00:00,Ladle_Crane_03,Ladle Crane,13323.2,742.0,Seal Replacement,3.22,50.9,322.7,189.1,74.5,107.1,77.3,174.0,2.901,0.894,404.4,206054,3,0.3,36347.6,Normal,Normal
2023-05-09 00:00:00,Ladle_Crane_01,Ladle Crane,21089.2,1933.0,Lubrication,5.16,57.4,360.6,182.6,58.1,92.4,80.1,188.2,6.537,0.857,311.4,193921,0,0.547,28828.3,Normal,Normal
2023-05-09 00:00:00,Pickling_Line_02,Pickling Line,1311.6,1030.0,Full Overhaul,1.695,56.4,293.3,202.2,91.6,105.7,73.6,151.1,3.683,0.941,481.2,22002,0,0.0928,26490.3,Normal,Normal
2023-05-09 00:00:00,Cold_Rolling_Mill_03,Cold Rolling Mill,3662.4,607.0,Electrical Inspection,3.177,60.6,763.7,201.8,82.0,106.2,77.5,405.3,2.12,0.933,446.8,48711,3,0.1656,32272.2,Normal,Normal
2023-05-09 02:00:00,Pickling_Line_01,Pickling Line,30596.4,87.0,Alignment Check,7.754,67.0,336.4,168.1,30.2,85.7,84.3,178.7,2.801,0.805,218.3,451243,5,0.8519,0.0,Bearing Failure,Immediate Action
2023-05-09 03:00:00,Cold_Rolling_Mill_03,Cold Rolling Mill,4281.9,1467.0,Bearing Replacement,2.08,61.8,734.4,192.8,81.9,108.3,72.8,384.5,0.476,0.922,453.9,47572,1,0.1662,31137.6,Normal,Normal
2023-05-09 03:00:00,Annealing_Furnace_03,Annealing Furnace,15843.0,162.0,Bearing Replacement,4.835,128.9,411.4,180.1,62.0,86.0,82.1,204.2,0.038,0.888,357.4,226045,3,0.4719,16442.8,Normal,Normal
2023-05-09 06:00:00,Annealing_Furnace_01,Annealing Furnace,31889.7,1708.0,Lubrication,7.544,132.0,466.9,165.9,38.7,78.6,84.3,247.1,4.525,0.841,229.6,297813,3,0.8114,0.0,Bearing Failure,Immediate Action
2023-05-09 09:00:00,Annealing_Furnace_03,Annealing Furnace,18236.4,447.0,Seal Replacement,5.241,134.8,443.2,179.1,57.2,87.7,83.7,212.7,3.52,0.846,315.9,233292,2,0.5501,13223.2,Mechanical Wear,Normal
2023-05-09 09:00:00,Continuous_Caster_03,Continuous Caster,28519.1,954.0,Alignment Check,9.324,110.1,713.1,175.2,47.6,81.6,83.9,360.7,5.113,0.826,244.5,494820,5,0.7584,6380.8,Lubrication Failure,Warning
2023-05-09 11:00:00,Ladle_Crane_03,Ladle Crane,5617.4,327.0,Seal Replacement,2.85,47.2,332.8,201.7,83.3,111.7,77.4,156.6,0.358,0.877,464.2,76403,1,0.1995,46106.6,Normal,Normal
2023-05-09 11:00:00,Blast_Furnace_Blower_02,Blast Furnace Blower,27027.8,982.0,Alignment Check,7.172,96.5,560.1,172.9,34.5,79.5,86.1,293.4,1.594,0.825,242.6,431958,2,0.7847,3238.2,Lubrication Failure,Critical
2023-05-09 11:00:00,Rolling_Mill_02,Rolling Mill,18342.0,1911.0,Full Overhaul,5.301,95.2,926.8,185.9,57.7,88.2,77.6,500.3,2.149,0.867,311.5,255115,4,0.5574,22988.3,Mechanical Wear,Normal
2023-05-09 12:00:00,Electric_Arc_Furnace_01,Electric Arc Furnace,4453.3,1210.0,Seal Replacement,1.731,111.7,1237.8,197.9,89.1,109.3,76.4,596.2,1.128,0.926,482.8,56034,0,0.1393,21513.7,Normal,Normal
2023-05-09 13:00:00,Annealing_Furnace_01,Annealing Furnace,6674.1,949.0,Bearing Replacement,2.495,126.7,417.4,195.0,83.1,105.7,71.7,203.2,1.503,0.896,446.6,92058,0,0.2117,25005.2,Normal,Normal
2023-05-09 16:00:00,Cold_Rolling_Mill_03,Cold Rolling Mill,12347.2,1395.0,Alignment Check,3.42,64.0,786.5,186.0,76.4,107.7,79.9,402.8,0.699,0.895,396.2,189559,6,0.3243,23382.8,Normal,Normal
2023-05-09 17:00:00,Blast_Furnace_Blower_01,Blast Furnace Blower,32575.5,347.0,Lubrication,8.788,91.2,559.8,167.3,28.1,72.1,84.9,291.8,1.167,0.802,190.7,348210,2,0.9364,0.0,Lubrication Failure,Immediate Action
2023-05-09 19:00:00,Ladle_Crane_01,Ladle Crane,28008.8,1191.0,Electrical Inspection,7.452,62.4,397.6,163.1,34.5,76.2,85.8,197.3,1.931,0.814,233.9,464202,3,0.8159,21477.4,Thermal Degradation,Normal
2023-05-09 20:00:00,Electric_Arc_Furnace_01,Electric Arc Furnace,15204.8,1702.0,Bearing Replacement,5.24,122.5,1388.0,179.7,76.0,101.6,78.8,683.5,0.186,0.863,340.7,210243,3,0.5197,9565.1,Normal,Normal
2023-05-09 21:00:00,Hot_Strip_Mill_02,Hot Strip Mill,17308.4,51.0,Bearing Replacement,4.484,99.9,1015.8,176.8,68.3,99.0,83.3,518.5,2.159,0.905,351.0,266572,5,0.4533,19988.1,Normal,Normal
2023-05-09 23:00:00,Annealing_Furnace_02,Annealing Furnace,9369.8,1605.0,Lubrication,3.864,126.6,400.7,181.4,65.3,96.3,77.0,197.2,2.526,0.898,404.5,128096,1,0.3039,22033.3,Normal,Normal
2023-05-10 00:00:00,Cold_Rolling_Mill_03,Cold Rolling Mill,24681.9,949.0,Electrical Inspection,7.012,72.1,905.6,173.6,42.3,78.9,84.3,432.6,6.092,0.906,303.5,245940,2,0.6994,9484.6,Thermal Degradation,Warning
2023-05-10 00:00:00,Hydraulic_Press_01,Hydraulic Press,28116.5,383.0,Electrical Inspection,7.798,81.9,244.0,161.5,32.7,77.4,84.9,134.6,3.37,0.813,208.1,335521,1,0.8406,0.0,Thermal Degradation,Immediate Action
2023-05-10 07:00:00,Hydraulic_Press_03,Hydraulic Press,8437.8,1217.0,Alignment Check,3.982,60.2,225.5,187.9,84.2,112.6,73.4,112.9,1.989,0.891,420.6,101989,1,0.2351,11589.0,Normal,Normal
2023-05-10 08:00:00,Annealing_Furnace_02,Annealing Furnace,1559.6,600.0,Seal Replacement,1.395,128.3,370.1,198.0,100.0,104.0,73.4,205.7,0.826,0.955,550.0,20059,1,0.1034,30519.2,Normal,Normal
2023-05-10 13:00:00,Electric_Arc_Furnace_02,Electric Arc Furnace,21873.7,1970.0,Bearing Replacement,5.963,122.4,1440.7,181.3,49.4,84.3,78.0,677.9,0.311,0.842,313.8,258733,5,0.5878,3488.6,Lubrication Failure,Critical
2023-05-10 13:00:00,Rolling_Mill_02,Rolling Mill,19731.7,542.0,Seal Replacement,5.523,104.8,942.0,187.0,60.1,98.3,81.2,499.3,3.93,0.854,312.5,317615,2,0.5709,19957.7,Lubrication Failure,Normal
2023-05-10 14:00:00,Hydraulic_Press_01,Hydraulic Press,14134.4,1429.0,Alignment Check,4.29,78.7,229.4,173.5,67.0,94.6,78.0,114.2,4.422,0.842,353.5,281705,2,0.4258,5872.6,Normal,Warning
2023-05-10 17:00:00,Pickling_Line_01,Pickling Line,22571.9,1004.0,Electrical Inspection,5.748,64.0,336.8,171.3,52.8,85.4,78.4,165.6,1.284,0.854,306.9,371865,2,0.6108,6478.5,Electrical Fault,Warning
2023-05-10 18:00:00,Ladle_Crane_02,Ladle Crane,19316.4,790.0,Lubrication,5.538,54.9,369.7,167.9,60.6,84.4,79.6,195.9,3.657,0.907,331.4,376801,2,0.5671,30604.2,Mechanical Wear,Normal
2023-05-10 21:00:00,Rolling_Mill_01,Rolling Mill,8845.3,1052.0,Seal Replacement,3.103,86.7,895.9,181.5,67.4,107.6,74.4,475.8,0.587,0.914,409.1,149127,1,0.3031,30396.2,Normal,Normal
2023-05-10 22:00:00,Cold_Rolling_Mill_01,Cold Rolling Mill,13980.7,610.0,Lubrication,4.154,65.2,827.0,186.8,71.0,91.8,77.0,410.4,1.409,0.887,362.4,210266,3,0.3961,20733.0,Normal,Normal
2023-05-11 01:00:00,Cold_Rolling_Mill_03,Cold Rolling Mill,15041.2,923.0,Seal Replacement,4.555,63.1,844.2,181.2,70.9,96.1,78.7,428.7,3.106,0.867,350.7,247696,0,0.4673,21820.1,Normal,Normal
2023-05-11 02:00:00,Continuous_Caster_01,Continuous Caster,30820.7,750.0,Lubrication,8.086,108.2,734.6,158.1,27.0,79.9,86.2,373.6,6.032,0.794,206.9,548631,2,0.8469,2390.8,Mechanical Wear,Critical
2023-05-11 03:00:00,Cold_Rolling_Mill_01,Cold Rolling Mill,33635.6,1294.0,Lubrication,8.483,74.0,915.2,165.4,27.5,75.0,83.8,464.3,0.866,0.855,194.2,605571,6,0.9062,1459.0,Lubrication Failure,Immediate Action
2023-05-11 04:00:00,Annealing_Furnace_02,Annealing Furnace,31265.7,1444.0,Bearing Replacement,8.8,142.1,464.5,170.6,29.1,74.7,84.3,238.0,1.44,0.769,182.1,298235,5,0.9281,1136.1,Thermal Degradation,Immediate Action
2023-05-11 06:00:00,Hydraulic_Press_02,Hydraulic Press,25199.3,1537.0,Alignment Check,6.798,72.4,250.7,167.1,34.9,82.3,83.1,123.5,2.717,0.863,260.6,390738,5,0.692,0.0,Electrical Fault,Immediate Action
2023-05-11 07:00:00,Cold_Rolling_Mill_03,Cold Rolling Mill,20516.2,1572.0,Lubrication,4.836,79.0,838.5,182.0,61.5,100.3,79.7,446.3,6.124,0.873,325.2,203510,1,0.5023,14820.3,Normal,Normal
2023-05-11 09:00:00,Continuous_Caster_01,Continuous Caster,18775.7,1280.0,Lubrication,4.842,107.7,678.3,173.4,61.4,105.5,73.4,366.7,0.184,0.888,381.8,161233,1,0.4804,15601.2,Normal,Normal
2023-05-11 09:00:00,Ladle_Crane_02,Ladle Crane,8825.0,1013.0,Lubrication,3.848,47.2,344.2,187.4,71.9,102.1,77.7,171.6,1.272,0.881,396.7,138510,1,0.3052,39701.0,Normal,Normal
2023-05-11 09:00:00,Blast_Furnace_Blower_02,Blast Furnace Blower,32874.9,1231.0,Alignment Check,9.137,100.4,558.2,155.6,27.0,62.8,86.6,290.2,0.468,0.833,167.0,265181,4,1.0,0.0,Lubrication Failure,Immediate Action
2023-05-11 09:00:00,Ladle_Crane_02,Ladle Crane,24155.2,707.0,Electrical Inspection,6.043,56.8,361.9,181.9,46.5,89.4,83.3,189.8,3.642,0.858,290.0,404849,2,0.6521,26038.5,Lubrication Failure,Normal
2023-05-11 13:00:00,Hot_Strip_Mill_02,Hot Strip Mill,24167.3,708.0,Alignment Check,6.138,96.5,1044.2,182.1,46.6,91.0,79.8,507.5,3.079,0.83,325.4,454661,4,0.6174,14764.0,Thermal Degradation,Normal
2023-05-11 15:00:00,Annealing_Furnace_03,Annealing Furnace,23805.7,383.0,Full Overhaul,6.742,127.3,427.6,175.7,46.6,90.5,82.0,223.0,0.932,0.896,275.4,403017,2,0.6597,9952.4,Lubrication Failure,Normal
2023-05-11 16:00:00,Blast_Furnace_Blower_01,Blast Furnace Blower,8904.5,1452.0,Bearing Replacement,3.814,85.5,491.2,184.7,71.9,98.7,76.4,245.2,0.733,0.901,406.8,169628,2,0.3064,21221.0,Normal,Normal
2023-05-11 18:00:00,Blast_Furnace_Blower_02,Blast Furnace Blower,20576.9,756.0,Bearing Replacement,5.64,86.1,512.2,175.9,51.8,96.1,81.0,262.8,2.845,0.836,311.8,284386,2,0.5781,7633.6,Bearing Failure,Warning
2023-05-11 20:00:00,Rolling_Mill_03,Rolling Mill,27877.4,1464.0,Bearing Replacement,7.424,99.9,1002.9,173.2,31.3,70.1,85.6,538.1,1.088,0.827,228.5,223957,8,0.7871,12804.4,Thermal Degradation,Normal
2023-05-12 00:00:00,Pickling_Line_01,Pickling Line,16680.3,1415.0,Bearing Replacement,4.861,59.9,319.1,174.2,60.9,99.3,77.6,173.0,1.033,0.891,354.0,320470,1,0.4459,10986.8,Normal,Normal
2023-05-12 00:00:00,Rolling_Mill_02,Rolling Mill,27786.1,1987.0,Bearing Replacement,7.627,97.1,997.4,164.7,33.8,79.4,84.3,494.3,2.114,0.868,247.2,311823,2,0.7803,10899.4,Electrical Fault,Warning
2023-05-12 01:00:00,Pickling_Line_02,Pickling Line,12659.9,731.0,Full Overhaul,4.295,56.7,323.3,184.9,65.4,98.4,77.6,150.6,4.449,0.883,372.5,152102,3,0.4041,14667.9,Normal,Normal
2023-05-12 04:00:00,Electric_Arc_Furnace_03,Electric Arc Furnace,32862.7,1366.0,Lubrication,8.795,126.8,1543.7,166.7,24.0,78.0,87.1,769.8,2.007,0.794,179.5,481128,6,0.9432,0.0,Lubrication Failure,Immediate Action
2023-05-12 05:00:00,Pickling_Line_03,Pickling Line,18734.1,1386.0,Seal Replacement,5.252,66.5,325.2,181.3,43.5,88.1,80.9,164.4,1.246,0.892,327.7,198664,3,0.5252,8080.8,Normal,Warning
2023-05-12 06:00:00,Pickling_Line_01,Pickling Line,20898.6,1877.0,Lubrication,5.987,67.9,318.4,167.6,50.3,89.7,79.2,160.0,0.472,0.856,300.2,407902,4,0.6296,7048.4,Thermal Degradation,Warning
2023-05-12 07:00:00,Pickling_Line_01,Pickling Line,1194.5,998.0,Bearing Replacement,1.372,56.1,287.5,203.5,100.0,119.4,73.3,143.2,0.65,0.943,537.5,11414,0,0.0377,28341.1,Normal,Normal
2023-05-12 09:00:00,Continuous_Caster_02,Continuous Caster,6042.4,1330.0,Electrical Inspection,2.66,91.2,637.9,197.1,86.2,110.3,76.5,311.2,1.948,0.922,472.9,72559,0,0.2202,27803.5,Normal,Normal
2023-05-12 11:00:00,Pickling_Line_03,Pickling Line,22189.4,1509.0,Full Overhaul,5.676,67.8,315.9,181.0,47.7,97.1,81.3,167.8,1.932,0.82,327.2,433634,6,0.6,7320.4,Bearing Failure,Warning
2023-05-12 12:00:00,Rolling_Mill_01,Rolling Mill,14753.5,1979.0,Seal Replacement,4.281,92.4,969.7,182.7,70.3,98.0,79.3,480.6,1.053,0.882,359.6,293541,3,0.4351,25496.3,Normal,Normal
2023-05-12 14:00:00,Annealing_Furnace_02,Annealing Furnace,17834.9,918.0,Bearing Replacement,5.802,127.9,432.6,175.0,51.6,94.5,80.6,224.3,0.084,0.854,400.1,279985,5,0.5539,14075.9,Electrical Fault,Normal
2023-05-12 15:00:00,Electric_Arc_Furnace_03,Electric Arc Furnace,29211.3,1211.0,Full Overhaul,7.282,128.3,1487.2,166.5,25.5,77.2,82.8,756.1,2.327,0.837,239.4,435913,3,0.7799,0.0,Electrical Fault,Immediate Action
2023-05-12 15:00:00,Continuous_Caster_01,Continuous Caster,2297.7,513.0,Seal Replacement,2.013,92.9,577.4,201.5,90.0,118.0,72.6,319.3,4.719,0.914,453.3,40016,1,0.1433,32364.2,Normal,Normal
2023-05-12 16:00:00,Cold_Rolling_Mill_02,Cold Rolling Mill,27479.2,868.0,Alignment Check,7.162,67.0,929.5,169.6,40.9,80.4,84.0,440.0,4.49,0.782,243.8,372919,5,0.7764,8836.0,Electrical Fault,Warning
2023-05-12 17:00:00,Cold_Rolling_Mill_01,Cold Rolling Mill,6568.9,196.0,Bearing Replacement,1.819,57.5,771.4,199.8,90.3,107.5,73.7,391.7,0.241,0.91,529.9,79789,1,0.1219,29994.9,Normal,Normal
2023-05-12 17:00:00,Rolling_Mill_03,Rolling Mill,22238.1,893.0,Full Overhaul,5.55,97.3,990.5,182.9,53.7,93.5,79.5,516.7,10.345,0.862,307.7,240694,4,0.5869,14851.7,Electrical Fault,Normal
2023-05-12 18:00:00,Cold_Rolling_Mill_02,Cold Rolling Mill,28659.2,1389.0,Alignment Check,7.659,74.3,911.5,163.6,34.5,79.6,82.9,473.2,0.869,0.836,234.2,320770,5,0.8198,10087.3,Lubrication Failure,Warning
2023-05-12 19:00:00,Ladle_Crane_02,Ladle Crane,22465.8,918.0,Full Overhaul,5.434,57.3,358.7,184.9,66.1,96.7,80.0,181.1,2.098,0.866,316.2,311065,6,0.5405,24817.7,Normal,Normal
2023-05-12 20:00:00,Hot_Strip_Mill_02,Hot Strip Mill,10932.9,1143.0,Lubrication,3.583,97.1,1047.1,184.0,77.7,102.9,74.2,494.8,1.439,0.873,398.1,211216,0,0.3333,26471.7,Normal,Normal
2023-05-12 20:00:00,Hydraulic_Press_03,Hydraulic Press,22998.3,1419.0,Alignment Check,7.088,76.0,242.1,176.6,48.8,83.0,81.3,126.1,1.033,0.839,281.7,424094,8,0.685,0.0,Thermal Degradation,Immediate Action
2023-05-12 23:00:00,Annealing_Furnace_03,Annealing Furnace,7445.1,1016.0,Bearing Replacement,2.288,117.4,400.4,195.0,86.1,111.4,77.6,201.3,1.315,0.938,432.1,88807,0,0.2089,24297.7,Normal,Normal
2023-05-13 00:00:00,Electric_Arc_Furnace_01,Electric Arc Furnace,11207.1,193.0,Bearing Replacement,2.963,118.6,1243.2,189.2,87.8,113.3,76.7,643.8,3.347,0.93,417.4,217698,1,0.2782,13446.8,Normal,Normal
2023-05-13 02:00:00,Ladle_Crane_02,Ladle Crane,8478.4,1384.0,Electrical Inspection,2.473,48.9,346.6,184.0,80.3,111.4,74.5,169.8,2.545,0.904,440.9,83858,3,0.23,40754.0,Normal,Normal
2023-05-13 03:00:00,Rolling_Mill_02,Rolling Mill,19536.7,388.0,Alignment Check,6.209,93.0,1008.8,168.4,39.9,79.7,81.0,519.4,4.203,0.825,274.1,283629,4,0.664,20828.5,Bearing Failure,Normal
2023-05-13 04:00:00,Blast_Furnace_Blower_03,Blast Furnace Blower,3877.1,1432.0,Lubrication,1.26,68.3,471.2,201.6,100.0,116.7,78.1,216.2,2.54,0.972,482.9,63095,0,0.0848,25903.5,Normal,Normal
2023-05-13 05:00:00,Annealing_Furnace_02,Annealing Furnace,32672.5,614.0,Bearing Replacement,8.496,139.2,451.0,166.5,26.1,85.9,85.3,237.2,5.979,0.866,220.7,630638,4,0.8941,0.0,Lubrication Failure,Immediate Action
2023-05-13 06:00:00,Rolling_Mill_02,Rolling Mill,11739.6,1074.0,Alignment Check,2.507,86.9,903.7,194.0,84.9,105.7,76.4,439.5,0.994,0.927,438.5,127071,0,0.2198,26775.6,Normal,Normal
2023-05-13 06:00:00,Cold_Rolling_Mill_03,Cold Rolling Mill,7742.1,129.0,Bearing Replacement,3.601,60.9,810.1,187.7,80.7,103.9,74.7,417.4,0.228,0.907,409.2,90550,2,0.2734,28341.5,Normal,Normal
2023-05-13 07:00:00,Blast_Furnace_Blower_03,Blast Furnace Blower,17429.6,572.0,Seal Replacement,4.213,88.4,481.3,180.7,61.5,88.4,79.5,251.6,1.514,0.86,352.2,163902,0,0.436,12001.9,Normal,Normal
2023-05-13 08:00:00,Blast_Furnace_Blower_03,Blast Furnace Blower,9767.2,1849.0,Electrical Inspection,3.227,73.2,487.2,191.0,70.3,105.4,73.5,240.0,0.683,0.911,425.3,117545,3,0.2835,19899.5,Normal,Normal
2023-05-13 09:00:00,Blast_Furnace_Blower_02,Blast Furnace Blower,18768.2,1050.0,Full Overhaul,7.011,86.8,513.4,172.7,54.0,85.7,80.8,265.3,5.185,0.854,282.1,338800,3,0.6416,11475.2,Mechanical Wear,Normal
2023-05-13 10:00:00,Hot_Strip_Mill_02,Hot Strip Mill,12263.0,1815.0,Electrical Inspection,3.693,100.3,974.9,187.5,76.8,103.9,77.0,490.2,1.666,0.878,371.4,159314,1,0.3688,25162.1,Normal,Normal
2023-05-13 11:00:00,Rolling_Mill_01,Rolling Mill,4709.1,1880.0,Alignment Check,1.971,90.0,897.1,188.0,91.0,112.4,70.0,466.2,0.84,0.911,484.9,93547,0,0.1525,35164.7,Normal,Normal
2023-05-13 12:00:00,Annealing_Furnace_01,Annealing Furnace,9379.7,554.0,Lubrication,3.003,119.8,406.2,190.4,81.9,108.3,76.7,203.4,1.169,0.897,412.3,119683,0,0.2517,21512.2,Normal,Normal
2023-05-13 14:00:00,Hydraulic_Press_02,Hydraulic Press,15401.6,1812.0,Electrical Inspection,4.675,79.4,229.2,178.2,56.5,100.0,77.8,122.9,0.919,0.905,356.4,255861,3,0.4557,5255.8,Normal,Warning
2023-05-13 15:00:00,Ladle_Crane_02,Ladle Crane,1157.2,1315.0,Alignment Check,1.064,51.4,312.1,199.7,95.4,109.1,74.2,159.8,0.013,0.953,492.1,14808,0,0.0368,49935.4,Normal,Normal
2023-05-13 15:00:00,Blast_Furnace_Blower_02,Blast Furnace Blower,26995.4,1088.0,Alignment Check,7.404,95.1,537.6,162.6,42.2,85.8,83.5,291.5,2.661,0.854,250.6,293175,8,0.7983,3094.6,Lubrication Failure,Critical
2023-05-13 15:00:00,Ladle_Crane_01,Ladle Crane,21801.7,810.0,Electrical Inspection,5.158,51.6,362.3,186.4,55.9,97.0,77.6,191.4,6.1,0.871,327.3,221037,4,0.5021,27834.3,Normal,Normal
2023-05-13 17:00:00,Annealing_Furnace_01,Annealing Furnace,21087.5,504.0,Electrical Inspection,6.1,131.5,439.2,167.0,50.9,93.8,82.4,225.0,1.782,0.862,321.1,212661,4,0.6215,10812.4,Thermal Degradation,Normal
2023-05-13 17:00:00,Blast_Furnace_Blower_01,Blast Furnace Blower,19157.1,798.0,Seal Replacement,5.39,91.4,512.3,182.5,56.8,93.6,80.3,269.2,3.365,0.86,317.8,301757,3,0.569,11809.5,Electrical Fault,Normal
2023-05-13 20:00:00,Rolling_Mill_03,Rolling Mill,20701.9,1307.0,Lubrication,7.608,101.2,996.9,169.7,45.1,86.0,82.9,520.4,6.613,0.816,252.1,183889,4,0.7189,20087.2,Lubrication Failure,Normal
2023-05-13 22:00:00,Rolling_Mill_03,Rolling Mill,32719.4,726.0,Full Overhaul,8.688,101.1,1085.2,165.7,20.1,72.4,87.1,543.8,2.625,0.819,193.8,512412,5,0.9346,8589.7,Lubrication Failure,Warning
2023-05-13 23:00:00,Hot_Strip_Mill_03,Hot Strip Mill,399.1,705.0,Alignment Check,0.915,89.6,910.2,201.4,97.6,116.4,72.8,447.6,0.998,0.932,492.7,5182,0,0.0225,37211.2,Normal,Normal
2023-05-14 00:00:00,Continuous_Caster_02,Continuous Caster,1768.2,1088.0,Lubrication,1.663,90.3,614.2,194.6,98.6,120.8,71.8,306.9,0.654,0.947,493.7,28214,0,0.0703,33739.4,Normal,Normal
2023-05-14 03:00:00,Ladle_Crane_03,Ladle Crane,6783.1,91.0,Alignment Check,2.635,53.9,335.1,189.3,92.1,111.4,71.8,170.3,0.908,0.885,452.1,56070,1,0.215,44999.9,Normal,Normal
2023-05-14 04:00:00,Ladle_Crane_03,Ladle Crane,5938.8,1224.0,Full Overhaul,1.441,46.8,324.6,200.9,90.3,112.9,71.7,160.5,0.619,0.95,475.3,57321,0,0.108,42672.0,Normal,Normal
2023-05-14 05:00:00,Cold_Rolling_Mill_01,Cold Rolling Mill,6423.7,585.0,Alignment Check,2.62,71.5,834.4,191.8,84.1,115.4,75.0,406.0,1.98,0.926,424.7,118645,1,0.2245,28508.1,Normal,Normal
2023-05-14 05:00:00,Hydraulic_Press_03,Hydraulic Press,23550.8,984.0,Alignment Check,6.285,70.2,246.5,173.6,44.0,87.7,81.4,119.8,0.519,0.838,284.9,470991,6,0.627,0.0,Thermal Degradation,Immediate Action
2023-05-14 05:00:00,Continuous_Caster_03,Continuous Caster,16136.0,1658.0,Seal Replacement,4.953,100.7,686.2,178.7,60.3,98.0,82.1,345.6,0.537,0.88,334.7,292148,4,0.4814,17567.3,Normal,Normal
2023-05-14 07:00:00,Ladle_Crane_03,Ladle Crane,8018.3,583.0,Seal Replacement,2.36,58.4,346.9,199.6,92.3,106.9,75.0,179.2,0.164,0.956,427.6,83508,1,0.218,43743.7,Normal,Normal
2023-05-14 07:00:00,Cold_Rolling_Mill_01,Cold Rolling Mill,10948.0,101.0,Alignment Check,3.05,66.1,781.7,196.0,80.5,100.0,77.2,418.7,0.124,0.9,405.9,110745,2,0.2893,26508.8,Normal,Normal
2023-05-14 07:00:00,Rolling_Mill_02,Rolling Mill,34713.1,1585.0,Lubrication,9.625,103.8,1031.2,160.9,21.6,66.8,90.4,531.9,1.37,0.808,178.3,330070,4,0.9488,3107.9,Lubrication Failure,Critical
2023-05-14 09:00:00,Continuous_Caster_02,Continuous Caster,34450.0,757.0,Alignment Check,9.0,111.4,751.8,169.6,22.7,65.9,85.7,391.1,7.654,0.807,162.8,634335,10,0.9718,0.0,Electrical Fault,Immediate Action
2023-05-14 09:00:00,Ladle_Crane_03,Ladle Crane,29128.4,235.0,Seal Replacement,7.829,61.6,387.3,175.1,24.2,77.6,83.1,203.7,8.525,0.8,214.1,522121,3,0.8281,18723.7,Bearing Failure,Normal
2023-05-14 09:00:00,Annealing_Furnace_03,Annealing Furnace,16496.0,864.0,Bearing Replacement,4.761,127.1,441.6,176.9,62.3,92.8,78.9,222.5,0.12,0.882,383.0,213420,2,0.4899,14876.9,Normal,Normal
2023-05-14 09:00:00,Annealing_Furnace_03,Annealing Furnace,19455.4,1656.0,Electrical Inspection,5.71,134.8,426.7,178.3,57.5,97.2,79.1,226.4,0.008,0.888,307.4,184589,2,0.5511,13747.3,Mechanical Wear,Normal
2023-05-14 11:00:00,Hot_Strip_Mill_02,Hot Strip Mill,29526.9,648.0,Full Overhaul,8.096,111.2,1114.7,161.5,27.9,72.4,83.8,541.1,8.324,0.838,204.2,551055,9,0.8874,8004.8,Mechanical Wear,Warning
2023-05-14 11:00:00,Hydraulic_Press_02,Hydraulic Press,16886.2,1625.0,Bearing Replacement,4.374,80.6,236.4,186.2,63.8,99.6,77.7,117.0,1.987,0.884,351.7,253034,2,0.4558,3170.6,Normal,Warning
2023-05-14 17:00:00,Hot_Strip_Mill_02,Hot Strip Mill,7290.2,1938.0,Seal Replacement,3.367,88.0,931.0,190.0,90.6,104.8,74.1,469.7,1.629,0.919,426.2,143801,1,0.2298,31080.2,Normal,Normal
2023-05-14 20:00:00,Ladle_Crane_01,Ladle Crane,29012.7,1356.0,Seal Replacement,7.341,53.5,388.1,166.4,41.8,80.6,83.8,193.1,6.561,0.838,256.4,330347,4,0.7873,21248.1,Mechanical Wear,Normal
2023-05-14 23:00:00,Annealing_Furnace_01,Annealing Furnace,18868.3,1700.0,Bearing Replacement,6.787,131.6,438.0,172.9,45.3,83.1,81.7,238.1,2.786,0.862,285.1,159413,2,0.6282,14566.0,Lubrication Failure,Normal
2023-05-15 00:00:00,Hot_Strip_Mill_02,Hot Strip Mill,17744.9,40.0,Electrical Inspection,4.533,103.5,996.3,184.6,58.3,103.8,79.8,531.8,1.051,0.842,357.7,217131,1,0.4721,20138.5,Normal,Normal
2023-05-15 00:00:00,Pickling_Line_02,Pickling Line,5441.2,1685.0,Full Overhaul,2.104,61.8,292.0,189.2,95.6,114.5,72.4,147.3,1.459,0.927,482.5,107668,0,0.1772,21954.1,Normal,Normal
2023-05-15 01:00:00,Electric_Arc_Furnace_03,Electric Arc Furnace,14520.8,1324.0,Lubrication,5.208,121.0,1352.7,182.6,68.0,89.1,79.4,686.9,0.662,0.89,346.2,194265,7,0.5016,10653.5,Normal,Normal
2023-05-15 03:00:00,Ladle_Crane_03,Ladle Crane,30701.8,1542.0,Electrical Inspection,8.719,66.3,392.7,160.3,24.1,77.7,85.1,198.8,1.111,0.816,249.6,277709,1,0.9031,19224.7,Mechanical Wear,Normal
2023-05-15 04:00:00,Hydraulic_Press_03,Hydraulic Press,4499.3,888.0,Electrical Inspection,1.501,72.9,218.3,200.8,91.7,123.3,74.1,108.2,2.931,0.93,507.3,68013,0,0.0939,14769.2,Normal,Normal
2023-05-15 09:00:00,Hot_Strip_Mill_01,Hot Strip Mill,30644.8,1692.0,Bearing Replacement,7.91,104.2,1104.2,166.9,19.9,72.4,88.0,560.1,7.513,0.792,209.2,340803,8,0.869,5676.5,Lubrication Failure,Critical
2023-05-15 10:00:00,Pickling_Line_03,Pickling Line,17976.2,1328.0,Bearing Replacement,4.701,70.0,319.4,176.9,66.1,104.5,78.6,166.3,0.616,0.898,357.4,290776,1,0.4567,8769.3,Normal,Normal
2023-05-15 11:00:00,Cold_Rolling_Mill_01,Cold Rolling Mill,14212.3,1370.0,Bearing Replacement,3.528,73.0,834.0,180.8,62.3,102.7,75.4,390.0,1.27,0.937,407.7,243323,1,0.3492,22572.0,Normal,Normal
2023-05-15 11:00:00,Blast_Furnace_Blower_02,Blast Furnace Blower,5752.7,816.0,Full Overhaul,2.979,77.3,495.5,186.4,83.1,108.2,76.4,247.7,1.753,0.941,425.9,65882,0,0.2248,23509.0,Normal,Normal
2023-05-15 12:00:00,Cold_Rolling_Mill_03,Cold Rolling Mill,24558.5,1768.0,Alignment Check,6.178,69.3,888.6,178.3,45.3,85.7,82.9,450.1,4.979,0.84,290.9,326576,3,0.6567,11948.3,Lubrication Failure,Normal
2023-05-15 13:00:00,Pickling_Line_02,Pickling Line,13200.7,293.0,Bearing Replacement,4.143,71.1,318.1,169.8,69.3,93.5,78.1,156.5,0.909,0.861,358.3,260696,3,0.4089,13980.5,Normal,Normal
2023-05-15 13:00:00,Hot_Strip_Mill_02,Hot Strip Mill,32445.6,758.0,Bearing Replacement,8.376,110.2,1097.4,173.0,29.1,75.6,85.4,563.5,2.835,0.786,205.3,393894,3,0.8601,5653.3,Bearing Failure,Critical
2023-05-15 16:00:00,Continuous_Caster_02,Continuous Caster,8531.3,628.0,Bearing Replacement,3.55,98.2,651.3,181.0,78.0,100.8,74.7,334.2,0.374,0.901,466.4,155083,2,0.3267,25471.3,Normal,Normal
2023-05-15 19:00:00,Pickling_Line_01,Pickling Line,19464.9,803.0,Seal Replacement,6.187,75.0,325.4,181.9,57.4,100.0,78.9,165.1,0.834,0.868,309.4,254136,3,0.614,8647.7,Electrical Fault,Normal
2023-05-15 21:00:00,Hot_Strip_Mill_01,Hot Strip Mill,27886.9,1505.0,Full Overhaul,8.259,104.4,1037.0,162.1,21.2,67.3,84.9,590.3,0.467,0.832,205.4,394999,4,0.9113,10201.7,Bearing Failure,Warning
2023-05-15 21:00:00,Continuous_Caster_03,Continuous Caster,231.5,174.0,Alignment Check,2.102,96.7,603.0,200.2,88.2,114.5,71.9,290.0,0.457,0.935,466.9,4585,0,0.1277,35285.1,Normal,Normal
2023-05-15 21:00:00,Blast_Furnace_Blower_02,Blast Furnace Blower,22135.1,1317.0,Lubrication,5.538,82.2,525.5,176.9,52.8,90.2,82.4,259.9,0.334,0.846,298.8,249349,3,0.5874,7453.2,Bearing Failure,Warning
2023-05-15 22:00:00,Annealing_Furnace_01,Annealing Furnace,20918.4,1024.0,Electrical Inspection,5.581,133.4,450.6,178.3,56.4,90.1,77.6,216.7,0.769,0.864,339.5,389560,2,0.5821,10268.8,Lubrication Failure,Normal
2023-05-15 23:00:00,Hot_Strip_Mill_03,Hot Strip Mill,11203.5,633.0,Lubrication,2.745,95.4,968.9,195.8,83.6,103.9,75.5,456.3,0.476,0.901,435.4,216215,1,0.2416,26921.7,Normal,Normal
2023-05-16 00:00:00,Electric_Arc_Furnace_03,Electric Arc Furnace,27667.0,1203.0,Electrical Inspection,7.583,124.4,1442.6,170.7,37.7,76.5,85.5,754.6,2.895,0.821,245.6,272896,2,0.8043,0.0,Lubrication Failure,Immediate Action
2023-05-16 00:00:00,Ladle_Crane_03,Ladle Crane,8719.0,1397.0,Seal Replacement,3.08,48.5,350.7,183.7,81.8,106.3,77.7,183.6,0.011,0.924,397.6,95658,2,0.3027,38466.0,Normal,Normal
2023-05-16 00:00:00,Annealing_Furnace_01,Annealing Furnace,15854.7,790.0,Full Overhaul,4.534,128.1,424.4,184.1,64.2,91.6,77.6,214.3,0.721,0.899,367.5,214350,7,0.3948,17508.5,Normal,Normal
2023-05-16 01:00:00,Annealing_Furnace_03,Annealing Furnace,22245.3,143.0,Bearing Replacement,6.83,133.9,436.6,169.6,52.3,85.0,81.1,227.7,0.635,0.849,256.0,197393,3,0.7084,10321.6,Electrical Fault,Normal
2023-05-16 03:00:00,Annealing_Furnace_02,Annealing Furnace,18691.6,199.0,Full Overhaul,4.786,128.8,433.9,191.8,62.3,91.7,81.9,224.1,0.856,0.874,333.1,190279,1,0.4908,13516.2,Normal,Normal
2023-05-16 03:00:00,Blast_Furnace_Blower_03,Blast Furnace Blower,13799.2,1406.0,Electrical Inspection,3.721,82.2,474.6,184.5,60.6,104.2,75.4,254.5,0.98,0.889,373.8,166147,2,0.3668,16745.4,Normal,Normal
2023-05-16 06:00:00,Electric_Arc_Furnace_01,Electric Arc Furnace,10269.3,1759.0,Electrical Inspection,3.449,110.5,1314.6,189.7,70.0,103.5,78.6,635.9,1.436,0.889,414.8,177472,0,0.3231,14408.4,Normal,Normal
2023-05-16 07:00:00,Annealing_Furnace_02,Annealing Furnace,28813.5,322.0,Lubrication,8.009,128.9,479.4,169.6,29.1,77.1,86.3,235.3,3.724,0.831,213.3,364789,3,0.8761,1639.1,Electrical Fault,Critical
2023-05-16 10:00:00,Electric_Arc_Furnace_03,Electric Arc Furnace,15854.1,1191.0,Alignment Check,3.845,118.8,1321.7,191.2,66.1,104.0,73.9,710.8,0.19,0.916,381.1,195954,0,0.3712,10399.5,Normal,Normal
2023-05-16 12:00:00,Ladle_Crane_01,Ladle Crane,17600.5,412.0,Electrical Inspection,5.107,56.3,364.3,186.2,56.3,95.5,77.2,191.9,1.612,0.886,332.1,319158,4,0.4908,34025.2,Normal,Normal
2023-05-16 13:00:00,Blast_Furnace_Blower_01,Blast Furnace Blower,15748.0,1256.0,Electrical Inspection,4.803,86.9,503.0,180.0,54.6,99.8,79.7,265.9,2.7,0.879,349.6,212940,3,0.4891,13494.5,Normal,Normal
2023-05-16 13:00:00,Hot_Strip_Mill_01,Hot Strip Mill,18276.9,1969.0,Alignment Check,5.668,101.8,1051.4,184.2,66.1,89.0,81.9,530.6,3.67,0.876,326.4,276607,2,0.5422,19695.5,Normal,Normal
2023-05-16 15:00:00,Hot_Strip_Mill_02,Hot Strip Mill,9037.5,1633.0,Alignment Check,3.4,94.3,1009.5,191.7,72.8,113.9,76.7,512.8,0.085,0.885,398.1,140572,1,0.3072,28403.3,Normal,Normal
2023-05-16 17:00:00,Pickling_Line_02,Pickling Line,4299.9,579.0,Lubrication,1.513,56.0,296.9,185.8,90.8,115.9,68.6,152.0,0.494,0.961,466.0,63307,0,0.1191,23892.5,Normal,Normal
2023-05-16 17:00:00,Annealing_Furnace_02,Annealing Furnace,3539.0,677.0,Seal Replacement,1.074,118.9,385.3,201.7,90.3,104.3,72.2,199.1,1.461,0.943,491.0,47184,0,0.0393,28219.5,Normal,Normal
2023-05-16 18:00:00,Electric_Arc_Furnace_02,Electric Arc Furnace,5476.8,193.0,Full Overhaul,2.491,112.8,1312.9,190.3,82.4,106.1,73.3,633.8,0.798,0.899,436.2,96439,1,0.2011,19580.9,Normal,Normal
2023-05-16 18:00:00,Cold_Rolling_Mill_03,Cold Rolling Mill,26535.4,291.0,Seal Replacement,7.236,66.0,824.7,177.0,46.2,82.7,80.6,438.1,4.565,0.848,277.2,339534,2,0.6619,9448.9,Thermal Degradation,Warning
2023-05-16 18:00:00,Pickling_Line_01,Pickling Line,7901.1,1359.0,Electrical Inspection,2.454,61.6,294.3,195.5,70.9,108.1,72.8,150.2,1.219,0.933,429.8,147117,1,0.2166,21451.4,Normal,Normal
2023-05-16 18:00:00,Annealing_Furnace_02,Annealing Furnace,2043.0,1963.0,Alignment Check,1.144,124.0,382.9,202.7,93.7,115.9,74.0,199.6,1.49,0.943,497.9,20864,0,0.0439,30843.7,Normal,Normal
2023-05-16 18:00:00,Blast_Furnace_Blower_01,Blast Furnace Blower,27933.4,981.0,Full Overhaul,7.377,93.9,539.7,174.2,33.7,74.3,83.5,278.0,0.645,0.835,290.1,276352,2,0.7583,1012.9,Bearing Failure,Immediate Action
2023-05-16 19:00:00,Cold_Rolling_Mill_03,Cold Rolling Mill,11918.7,1417.0,Electrical Inspection,3.163,64.3,812.7,191.2,82.1,105.7,76.8,387.9,0.867,0.9,401.7,234054,1,0.3074,24403.1,Normal,Normal
2023-05-16 19:00:00,Electric_Arc_Furnace_03,Electric Arc Furnace,21917.6,27.0,Electrical Inspection,5.498,118.5,1407.4,176.0,54.2,91.4,79.0,691.4,0.725,0.848,311.6,207057,4,0.5688,2692.1,Lubrication Failure,Critical
2023-05-16 21:00:00,Blast_Furnace_Blower_01,Blast Furnace Blower,4514.2,358.0,Electrical Inspection,2.279,76.7,467.6,183.7,82.0,110.5,75.7,232.0,0.149,0.947,438.9,51225,0,0.1873,25428.8,Normal,Normal
2023-05-16 22:00:00,Blast_Furnace_Blower_03,Blast Furnace Blower,14565.4,1869.0,Seal Replacement,3.813,74.5,467.7,177.6,80.5,96.7,79.2,239.5,2.725,0.871,440.3,265662,4,0.3774,18105.5,Normal,Normal
2023-05-16 22:00:00,Cold_Rolling_Mill_01,Cold Rolling Mill,616.8,1468.0,Electrical Inspection,1.144,61.9,773.6,195.7,98.4,112.1,73.6,382.9,1.64,0.923,502.8,9724,0,0.0338,35846.8,Normal,Normal
2023-05-16 22:00:00,Hot_Strip_Mill_01,Hot Strip Mill,29452.5,374.0,Alignment Check,7.824,110.2,1099.1,164.3,28.0,75.4,84.6,553.7,0.202,0.806,224.1,521589,5,0.841,8394.6,Mechanical Wear,Warning
2023-05-17 00:00:00,Blast_Furnace_Blower_02,Blast Furnace Blower,18021.1,1805.0,Full Overhaul,5.549,86.4,523.1,180.4,58.5,91.1,78.2,260.4,0.738,0.885,319.5,230611,4,0.527,13637.6,Normal,Normal
2023-05-17 08:00:00,Hot_Strip_Mill_03,Hot Strip Mill,4956.7,443.0,Bearing Replacement,2.143,93.8,952.0,203.1,91.3,112.9,75.5,479.5,0.479,0.917,467.9,51737,0,0.1857,33277.6,Normal,Normal
2023-05-17 09:00:00,Annealing_Furnace_03,Annealing Furnace,8370.6,1911.0,Lubrication,2.833,122.6,397.9,187.6,74.2,101.2,73.9,206.9,3.097,0.894,452.1,162200,2,0.2554,22171.4,Normal,Normal
2023-05-17 09:00:00,Pickling_Line_02,Pickling Line,15734.3,574.0,Bearing Replacement,3.977,65.7,310.9,187.1,79.3,101.8,77.9,153.2,1.435,0.906,381.2,274438,4,0.3802,12161.1,Normal,Normal
2023-05-17 12:00:00,Hot_Strip_Mill_03,Hot Strip Mill,9474.1,1142.0,Full Overhaul,3.192,90.8,991.6,186.4,71.4,103.7,77.9,489.7,0.561,0.909,406.0,126117,1,0.2854,29078.3,Normal,Normal
2023-05-17 12:00:00,Hydraulic_Press_02,Hydraulic Press,6691.5,250.0,Full Overhaul,1.648,67.3,219.0,186.7,92.2,113.1,73.6,107.5,0.369,0.911,462.0,65581,1,0.1303,13676.7,Normal,Normal
2023-05-17 13:00:00,Hydraulic_Press_03,Hydraulic Press,18750.1,1191.0,Alignment Check,4.766,80.1,234.1,184.0,58.2,97.4,80.8,120.7,2.665,0.85,330.5,224343,1,0.4897,1853.0,Normal,Critical
2023-05-17 14:00:00,Cold_Rolling_Mill_02,Cold Rolling Mill,29158.1,1257.0,Alignment Check,8.065,80.2,901.8,162.9,27.5,73.6,86.4,486.3,0.372,0.846,202.6,287376,8,0.8809,7008.0,Electrical Fault,Warning
2023-05-17 14:00:00,Blast_Furnace_Blower_01,Blast Furnace Blower,14124.2,543.0,Electrical Inspection,4.107,90.0,499.7,180.2,72.0,104.1,79.2,254.1,1.295,0.91,370.9,213404,2,0.419,15950.6,Normal,Normal
2023-05-17 17:00:00,Rolling_Mill_03,Rolling Mill,25122.4,743.0,Bearing Replacement,6.001,102.3,983.8,164.4,43.5,91.9,81.3,487.5,4.949,0.856,291.5,424018,5,0.632,13194.6,Lubrication Failure,Normal
2023-05-17 20:00:00,Hot_Strip_Mill_03,Hot Strip Mill,30696.3,1983.0,Bearing Replacement,9.551,106.9,1104.9,157.4,30.0,68.0,89.7,572.2,0.628,0.836,174.8,331609,5,0.9715,9046.1,Mechanical Wear,Warning
2023-05-17 21:00:00,Annealing_Furnace_03,Annealing Furnace,7648.9,799.0,Seal Replacement,2.211,122.9,393.1,197.7,89.7,117.8,76.2,195.9,0.676,0.907,474.3,111660,0,0.2002,24057.7,Normal,Normal
2023-05-18 03:00:00,Ladle_Crane_01,Ladle Crane,28271.0,204.0,Seal Replacement,7.85,65.0,396.2,166.0,44.5,70.2,86.9,195.9,6.209,0.808,227.3,294301,3,0.7973,20259.7,Lubrication Failure,Normal
2023-05-18 05:00:00,Blast_Furnace_Blower_01,Blast Furnace Blower,26533.3,852.0,Alignment Check,7.275,85.9,537.3,169.3,38.0,88.7,85.8,282.5,6.087,0.863,244.9,422727,4,0.7792,5831.8,Bearing Failure,Warning
2023-05-18 06:00:00,Hot_Strip_Mill_02,Hot Strip Mill,12557.1,381.0,Seal Replacement,3.76,103.7,1011.7,182.1,77.8,109.2,76.5,510.0,1.034,0.877,379.3,205778,4,0.3544,27358.2,Normal,Normal
2023-05-18 08:00:00,Electric_Arc_Furnace_02,Electric Arc Furnace,34634.2,297.0,Bearing Replacement,9.216,131.3,1578.7,158.5,18.8,64.5,85.9,784.8,1.366,0.798,169.8,485908,5,1.0,0.0,Lubrication Failure,Immediate Action
2023-05-18 13:00:00,Pickling_Line_03,Pickling Line,9263.8,765.0,Electrical Inspection,3.097,62.6,293.7,197.4,88.0,107.8,76.2,141.4,1.677,0.965,427.1,147993,0,0.2138,17156.5,Normal,Normal
2023-05-18 15:00:00,Rolling_Mill_03,Rolling Mill,8992.6,688.0,Lubrication,3.613,92.6,900.6,185.2,75.3,98.7,74.3,453.6,1.006,0.889,393.1,147351,0,0.3143,30145.2,Normal,Normal
2023-05-18 18:00:00,Ladle_Crane_03,Ladle Crane,27051.8,233.0,Bearing Replacement,8.616,61.4,375.5,164.1,44.4,77.3,83.4,196.2,9.708,0.828,221.0,512569,3,0.807,25316.9,Electrical Fault,Normal
2023-05-18 18:00:00,Hydraulic_Press_01,Hydraulic Press,15269.5,34.0,Electrical Inspection,4.354,71.8,238.2,190.2,69.5,107.0,76.6,119.9,0.993,0.91,380.5,275146,0,0.3976,4836.5,Normal,Warning
2023-05-18 20:00:00,Electric_Arc_Furnace_01,Electric Arc Furnace,11644.7,1266.0,Lubrication,3.54,116.3,1301.7,186.0,68.2,101.9,77.1,627.4,2.401,0.91,402.2,208037,3,0.3453,12343.2,Normal,Normal
2023-05-18 20:00:00,Rolling_Mill_02,Rolling Mill,6335.3,479.0,Electrical Inspection,3.542,79.1,906.1,188.8,88.2,97.7,71.4,437.3,0.24,0.889,415.6,52334,1,0.2416,34605.4,Normal,Normal
2023-05-18 21:00:00,Rolling_Mill_03,Rolling Mill,26810.1,1713.0,Electrical Inspection,8.465,103.1,1011.5,169.2,37.7,84.1,88.2,534.9,7.57,0.85,257.9,299035,3,0.7921,12938.1,Bearing Failure,Normal
2023-05-19 01:00:00,Continuous_Caster_02,Continuous Caster,27542.6,619.0,Seal Replacement,7.291,119.6,718.9,173.5,33.8,81.4,85.3,376.3,4.311,0.825,254.2,284174,3,0.7943,6776.2,Mechanical Wear,Warning
2023-05-19 05:00:00,Ladle_Crane_02,Ladle Crane,19873.1,1090.0,Bearing Replacement,6.285,53.7,394.0,176.7,49.2,84.1,83.1,198.0,5.873,0.876,295.3,395992,2,0.5989,29267.7,Lubrication Failure,Normal
2023-05-19 06:00:00,Blast_Furnace_Blower_02,Blast Furnace Blower,33510.2,443.0,Lubrication,9.266,89.0,554.4,156.8,16.1,78.1,87.2,309.2,7.06,0.771,154.4,494847,5,0.9928,0.0,Lubrication Failure,Immediate Action
2023-05-19 06:00:00,Annealing_Furnace_02,Annealing Furnace,11203.9,370.0,Seal Replacement,3.771,132.2,385.9,188.8,69.3,108.7,78.8,199.8,4.075,0.947,414.3,113038,1,0.2948,21320.9,Normal,Normal
2023-05-19 08:00:00,Pickling_Line_02,Pickling Line,7764.7,1890.0,Lubrication,3.194,61.1,296.3,183.0,79.5,106.9,76.6,142.9,0.039,0.909,460.2,115270,0,0.2297,18987.0,Normal,Normal
2023-05-19 12:00:00,Pickling_Line_02,Pickling Line,23743.6,1355.0,Alignment Check,7.293,73.0,326.7,166.6,43.4,85.2,84.5,165.5,7.295,0.852,256.4,387743,6,0.7208,4564.8,Bearing Failure,Warning
2023-05-19 14:00:00,Ladle_Crane_03,Ladle Crane,26568.5,1899.0,Lubrication,7.658,62.3,388.7,171.0,36.8,88.0,84.5,212.2,1.771,0.816,299.2,475035,9,0.7657,23593.0,Lubrication Failure,Normal
2023-05-19 14:00:00,Blast_Furnace_Blower_01,Blast Furnace Blower,7949.2,400.0,Full Overhaul,2.163,75.1,472.7,192.5,65.8,113.3,77.6,232.7,1.192,0.887,506.4,90201,3,0.1912,21672.4,Normal,Normal
2023-05-19 15:00:00,Electric_Arc_Furnace_03,Electric Arc Furnace,2773.7,1498.0,Lubrication,1.339,115.5,1272.2,198.3,84.9,107.9,72.0,647.3,1.985,0.927,467.7,40754,0,0.0933,21950.5,Normal,Normal
2023-05-19 17:00:00,Pickling_Line_03,Pickling Line,28387.0,447.0,Electrical Inspection,7.266,68.9,319.0,170.5,41.4,76.7,87.0,180.4,9.786,0.848,244.3,329908,4,0.7915,0.0,Mechanical Wear,Immediate Action
2023-05-19 20:00:00,Hot_Strip_Mill_02,Hot Strip Mill,34179.9,1498.0,Lubrication,9.029,106.7,1142.7,164.1,19.4,60.2,86.7,549.9,8.502,0.818,158.6,458076,3,1.0,3064.8,Lubrication Failure,Critical
2023-05-20 03:00:00,Continuous_Caster_01,Continuous Caster,22599.1,1661.0,Alignment Check,6.726,111.9,733.8,171.9,34.1,83.1,81.2,368.0,4.948,0.829,252.1,291185,4,0.717,12705.1,Electrical Fault,Normal
2023-05-20 04:00:00,Hydraulic_Press_02,Hydraulic Press,9797.6,427.0,Seal Replacement,3.513,72.0,224.5,192.5,73.1,94.5,77.6,115.5,0.093,0.935,417.2,103537,2,0.3138,10035.9,Normal,Normal
2023-05-20 04:00:00,Pickling_Line_01,Pickling Line,34883.9,734.0,Alignment Check,8.753,75.8,344.2,164.1,24.2,72.7,84.1,185.5,0.085,0.785,190.7,401835,4,0.9555,0.0,Thermal Degradation,Immediate Action
2023-05-20 06:00:00,Annealing_Furnace_01,Annealing Furnace,31275.0,1211.0,Full Overhaul,8.606,139.7,462.2,166.2,32.1,78.6,84.7,251.9,4.713,0.807,183.0,346665,1,0.9087,0.0,Lubrication Failure,Immediate Action
2023-05-20 07:00:00,Electric_Arc_Furnace_01,Electric Arc Furnace,18017.0,1821.0,Full Overhaul,4.294,121.0,1299.1,180.4,65.7,100.0,77.2,692.0,2.911,0.901,368.0,319579,0,0.3858,7513.6,Normal,Normal
2023-05-20 09:00:00,Hot_Strip_Mill_03,Hot Strip Mill,28903.7,55.0,Alignment Check,7.806,111.6,1116.6,163.6,37.5,72.6,83.9,565.0,2.242,0.805,214.3,281690,3,0.8208,10594.8,Mechanical Wear,Warning
2023-05-20 10:00:00,Rolling_Mill_01,Rolling Mill,28572.1,1116.0,Electrical Inspection,8.026,103.1,1011.9,162.8,30.8,76.6,86.9,547.5,3.25,0.76,215.9,561851,2,0.8634,11419.7,Electrical Fault,Warning
2023-05-20 10:00:00,Hot_Strip_Mill_01,Hot Strip Mill,32724.5,274.0,Seal Replacement,8.723,114.9,1133.5,171.3,21.7,73.4,88.0,534.0,4.032,0.823,172.5,419577,1,0.9551,5869.0,Lubrication Failure,Warning
2023-05-20 11:00:00,Electric_Arc_Furnace_01,Electric Arc Furnace,29448.2,849.0,Full Overhaul,7.738,131.5,1402.0,173.0,36.6,82.2,84.1,719.6,1.359,0.826,220.1,315335,3,0.8469,0.0,Mechanical Wear,Immediate Action
2023-05-20 13:00:00,Ladle_Crane_01,Ladle Crane,22564.4,1068.0,Full Overhaul,7.089,63.0,368.8,165.5,35.2,79.0,84.2,191.8,7.628,0.839,260.2,387032,2,0.7512,26682.4,Lubrication Failure,Normal
2023-05-20 18:00:00,Ladle_Crane_03,Ladle Crane,21364.7,1579.0,Alignment Check,5.345,53.2,363.7,178.9,62.7,96.2,84.1,187.0,0.525,0.851,324.8,194519,5,0.5252,29480.3,Normal,Normal
2023-05-20 21:00:00,Hydraulic_Press_03,Hydraulic Press,16410.8,1996.0,Full Overhaul,4.095,76.8,224.4,180.2,62.7,94.5,75.5,112.1,4.174,0.891,370.4,291840,2,0.3948,2228.2,Normal,Critical
2023-05-20 22:00:00,Rolling_Mill_02,Rolling Mill,21964.3,1120.0,Bearing Replacement,6.423,99.7,961.7,170.1,45.0,82.8,79.8,514.2,2.497,0.84,299.5,257633,3,0.6517,14835.8,Electrical Fault,Normal
2023-05-20 23:00:00,Pickling_Line_02,Pickling Line,27853.1,861.0,Seal Replacement,7.768,66.4,349.4,171.4,30.8,84.2,84.7,181.4,6.95,0.807,214.5,280241,4,0.8407,0.0,Lubrication Failure,Immediate Action
2023-05-21 00:00:00,Rolling_Mill_03,Rolling Mill,33919.4,1015.0,Full Overhaul,9.021,100.3,1076.2,152.7,19.4,79.6,92.4,516.9,0.213,0.821,158.6,615214,6,1.0,6840.7,Electrical Fault,Warning
2023-05-21 03:00:00,Ladle_Crane_01,Ladle Crane,16408.3,1204.0,Seal Replacement,4.684,48.9,356.1,184.8,52.1,94.2,77.0,194.2,2.881,0.866,364.4,248484,1,0.4402,33464.1,Normal,Normal
2023-05-21 04:00:00,Rolling_Mill_02,Rolling Mill,20120.5,168.0,Electrical Inspection,5.102,90.9,980.8,178.4,57.9,99.1,78.8,475.6,3.651,0.869,315.0,290980,4,0.5327,20774.6,Normal,Normal
2023-05-21 05:00:00,Hydraulic_Press_03,Hydraulic Press,15623.7,144.0,Seal Replacement,4.16,68.6,222.3,189.1,59.1,103.6,79.1,120.2,1.382,0.892,369.5,181009,1,0.3968,3655.2,Normal,Warning
2023-05-21 07:00:00,Annealing_Furnace_03,Annealing Furnace,23430.3,688.0,Electrical Inspection,6.817,137.1,434.9,173.5,46.0,83.2,84.2,221.8,0.349,0.832,262.9,328193,2,0.6855,9417.3,Bearing Failure,Warning
2023-05-21 10:00:00,Pickling_Line_02,Pickling Line,22084.2,118.0,Bearing Replacement,5.49,67.0,323.1,184.2,54.8,90.5,80.7,165.4,2.07,0.854,338.9,383661,3,0.5818,7284.0,Mechanical Wear,Warning
2023-05-21 13:00:00,Electric_Arc_Furnace_01,Electric Arc Furnace,722.4,991.0,Electrical Inspection,1.423,115.1,1171.8,197.1,98.8,118.7,73.6,566.8,0.009,0.949,481.3,9914,0,0.0764,23755.3,Normal,Normal
2023-05-21 14:00:00,Electric_Arc_Furnace_01,Electric Arc Furnace,18986.5,516.0,Alignment Check,5.452,116.3,1312.6,183.1,50.0,96.0,80.1,724.3,3.993,0.893,323.1,295640,5,0.5414,6591.7,Normal,Warning
2023-05-21 17:00:00,Hot_Strip_Mill_03,Hot Strip Mill,3188.2,105.0,Electrical Inspection,1.387,85.0,904.5,198.9,96.7,123.9,73.2,432.9,0.162,0.94,482.3,26991,1,0.0559,34837.8,Normal,Normal
2023-05-21 20:00:00,Rolling_Mill_03,Rolling Mill,1020.8,102.0,Lubrication,0.548,81.5,855.5,200.4,99.8,115.3,69.1,431.7,0.538,0.959,513.7,15429,0,0.0,39509.4,Normal,Normal
2023-05-21 21:00:00,Annealing_Furnace_03,Annealing Furnace,27712.8,819.0,Electrical Inspection,7.102,137.1,445.8,177.5,39.9,88.6,83.1,238.2,1.484,0.831,271.1,298479,4,0.7152,5849.0,Bearing Failure,Warning
2023-05-21 22:00:00,Blast_Furnace_Blower_01,Blast Furnace Blower,9126.9,662.0,Bearing Replacement,2.409,82.4,463.0,191.6,76.9,112.7,75.4,234.9,2.39,0.906,423.5,153542,0,0.2211,21167.7,Normal,Normal
2023-05-22 00:00:00,Electric_Arc_Furnace_02,Electric Arc Furnace,11988.9,1629.0,Electrical Inspection,3.397,115.4,1264.6,188.3,75.2,111.6,77.5,639.6,4.069,0.885,397.9,141022,1,0.3149,13584.5,Normal,Normal
2023-05-22 01:00:00,Cold_Rolling_Mill_02,Cold Rolling Mill,2336.6,261.0,Electrical Inspection,1.417,63.0,761.5,193.0,99.7,114.0,72.2,358.5,0.741,0.944,485.8,26942,0,0.0872,32299.4,Normal,Normal
2023-05-22 01:00:00,Hydraulic_Press_02,Hydraulic Press,6364.6,55.0,Bearing Replacement,2.079,66.5,224.2,193.1,84.6,116.8,75.7,111.3,1.981,0.908,550.0,82579,1,0.1769,14075.6,Normal,Normal
2023-05-22 05:00:00,Hydraulic_Press_03,Hydraulic Press,26819.6,121.0,Electrical Inspection,6.756,76.6,257.7,157.7,48.4,91.1,84.5,128.4,0.785,0.831,275.9,252434,4,0.7233,0.0,Lubrication Failure,Immediate Action
2023-05-22 07:00:00,Hot_Strip_Mill_02,Hot Strip Mill,17324.2,664.0,Electrical Inspection,4.24,100.3,1000.2,180.5,71.0,99.7,83.6,491.9,0.177,0.879,364.9,295253,2,0.4337,19623.0,Normal,Normal
2023-05-22 07:00:00,Hydraulic_Press_02,Hydraulic Press,30835.3,1213.0,Seal Replacement,8.054,85.0,243.6,166.9,19.8,77.7,84.1,132.3,5.512,0.791,200.5,479086,3,0.8692,0.0,Electrical Fault,Immediate Action
2023-05-22 08:00:00,Hydraulic_Press_03,Hydraulic Press,13963.8,1000.0,Alignment Check,3.03,78.1,231.2,187.4,72.0,105.2,74.5,108.4,0.234,0.889,465.6,158734,2,0.2963,6447.9,Normal,Normal
2023-05-22 11:00:00,Cold_Rolling_Mill_03,Cold Rolling Mill,9477.7,1140.0,Lubrication,3.326,61.1,813.2,188.7,76.9,111.5,76.2,384.3,0.522,0.916,415.3,163673,1,0.2549,27006.0,Normal,Normal
2023-05-22 14:00:00,Ladle_Crane_03,Ladle Crane,12231.2,1254.0,Electrical Inspection,3.998,48.6,347.3,186.6,74.2,105.4,79.1,184.2,2.711,0.877,361.5,238976,0,0.4052,35729.2,Normal,Normal
2023-05-22 14:00:00,Annealing_Furnace_01,Annealing Furnace,24975.7,619.0,Full Overhaul,7.132,132.1,444.7,179.7,43.6,87.8,82.8,228.9,5.137,0.883,264.8,456676,3,0.7036,7182.6,Lubrication Failure,Warning
2023-05-22 15:00:00,Hot_Strip_Mill_01,Hot Strip Mill,19469.7,1818.0,Bearing Replacement,5.894,103.7,1066.3,175.4,61.3,95.1,80.7,504.1,1.585,0.884,329.5,252541,4,0.5642,18151.0,Lubrication Failure,Normal
2023-05-22 16:00:00,Pickling_Line_03,Pickling Line,31656.3,18.0,Full Overhaul,8.384,81.2,356.9,168.1,26.8,71.3,84.5,184.3,3.919,0.835,184.7,365098,10,0.9064,0.0,Lubrication Failure,Immediate Action
2023-05-22 17:00:00,Electric_Arc_Furnace_03,Electric Arc Furnace,17306.3,1292.0,Full Overhaul,5.558,118.2,1455.2,179.3,55.7,84.8,83.2,712.7,0.4,0.849,315.8,192194,3,0.5823,7697.8,Thermal Degradation,Normal
2023-05-22 17:00:00,Ladle_Crane_03,Ladle Crane,21115.7,358.0,Alignment Check,5.246,56.2,355.3,178.5,63.9,90.1,76.9,184.5,4.096,0.845,317.2,170982,2,0.534,30919.4,Normal,Normal
2023-05-22 19:00:00,Annealing_Furnace_01,Annealing Furnace,27522.8,1946.0,Full Overhaul,8.741,130.8,458.3,179.4,38.2,91.8,86.7,237.3,2.125,0.827,232.4,258440,5,0.766,5421.0,Lubrication Failure,Warning
2023-05-22 22:00:00,Ladle_Crane_01,Ladle Crane,33168.9,305.0,Alignment Check,8.887,61.6,420.2,166.8,30.1,70.7,84.7,205.5,2.796,0.806,190.0,594966,3,0.9475,15070.9,Electrical Fault,Normal
2023-05-22 22:00:00,Hydraulic_Press_03,Hydraulic Press,12519.0,1414.0,Alignment Check,4.171,72.4,218.7,193.3,71.5,107.2,75.7,114.6,1.334,0.935,387.6,216942,0,0.3249,7834.3,Normal,Normal
2023-05-22 22:00:00,Annealing_Furnace_01,Annealing Furnace,8820.7,492.0,Full Overhaul,3.287,129.0,403.5,185.6,85.4,99.7,73.5,216.2,0.956,0.87,401.1,120391,2,0.3089,24198.5,Normal,Normal
2023-05-22 22:00:00,Blast_Furnace_Blower_01,Blast Furnace Blower,21606.0,402.0,Bearing Replacement,5.771,86.8,482.3,177.8,49.1,90.3,79.4,249.3,1.801,0.866,320.2,203193,2,0.5444,8176.1,Normal,Warning
2023-05-22 22:00:00,Cold_Rolling_Mill_02,Cold Rolling Mill,17510.7,610.0,Lubrication,5.484,68.4,852.0,172.0,52.6,85.9,81.2,407.9,3.085,0.853,322.7,249258,3,0.5654,17952.4,Lubrication Failure,Normal
2023-05-22 23:00:00,Continuous_Caster_02,Continuous Caster,34622.6,339.0,Alignment Check,9.384,109.2,761.3,158.0,22.6,67.1,85.3,379.1,0.608,0.804,167.1,497398,3,0.974,0.0,Lubrication Failure,Immediate Action
2023-05-22 23:00:00,Rolling_Mill_01,Rolling Mill,16236.4,1049.0,Full Overhaul,4.258,96.4,990.2,183.5,61.3,98.5,80.1,471.0,2.547,0.885,349.0,252866,3,0.4372,22721.9,Normal,Normal
2023-05-23 00:00:00,Hydraulic_Press_03,Hydraulic Press,2694.2,1895.0,Alignment Check,1.191,63.7,208.0,194.7,98.3,119.3,70.8,99.3,0.652,0.932,487.1,38549,2,0.0456,17034.2,Normal,Normal
2023-05-23 04:00:00,Hot_Strip_Mill_02,Hot Strip Mill,34210.2,1846.0,Alignment Check,9.341,108.1,1134.9,161.2,19.4,70.2,88.3,592.8,1.942,0.798,161.7,314548,8,1.0,2677.3,Lubrication Failure,Critical
2023-05-23 05:00:00,Rolling_Mill_03,Rolling Mill,29541.2,1070.0,Seal Replacement,7.313,96.2,1004.9,167.2,40.5,77.8,84.1,518.9,8.651,0.835,249.7,462857,6,0.7638,9537.3,Thermal Degradation,Warning
2023-05-23 06:00:00,Electric_Arc_Furnace_01,Electric Arc Furnace,6320.9,1480.0,Electrical Inspection,1.986,106.9,1272.3,194.6,83.2,111.4,73.6,643.3,2.27,0.905,501.1,125701,1,0.1539,18797.6,Normal,Normal
2023-05-23 06:00:00,Electric_Arc_Furnace_02,Electric Arc Furnace,31670.7,396.0,Full Overhaul,7.988,133.4,1447.7,169.7,27.7,82.5,84.1,749.1,3.73,0.866,222.1,494115,2,0.8403,0.0,Lubrication Failure,Immediate Action
2023-05-23 08:00:00,Pickling_Line_03,Pickling Line,11989.3,1113.0,Full Overhaul,2.723,57.4,295.4,192.9,79.7,113.1,77.2,142.9,1.7,0.909,436.0,148126,3,0.2519,16927.0,Normal,Normal
2023-05-23 08:00:00,Hydraulic_Press_03,Hydraulic Press,13261.2,1553.0,Electrical Inspection,4.547,66.0,222.4,184.3,68.1,101.3,84.1,115.9,4.372,0.918,348.8,205045,2,0.4442,6281.7,Normal,Normal
2023-05-23 15:00:00,Hot_Strip_Mill_03,Hot Strip Mill,31733.1,645.0,Electrical Inspection,8.437,108.8,1111.7,170.4,36.8,76.4,85.3,573.9,1.179,0.828,277.5,466651,5,0.9053,6293.4,Mechanical Wear,Warning
2023-05-23 18:00:00,Continuous_Caster_01,Continuous Caster,18601.0,418.0,Alignment Check,4.639,103.9,697.6,171.8,53.0,94.8,81.1,359.2,3.177,0.878,337.5,170015,0,0.4734,15960.4,Normal,Normal
2023-05-23 23:00:00,Hot_Strip_Mill_03,Hot Strip Mill,4907.9,581.0,Bearing Replacement,2.497,86.1,907.0,192.6,84.5,107.6,78.0,475.1,0.149,0.914,453.0,76610,1,0.1817,32535.3,Normal,Normal
2023-05-24 00:00:00,Hydraulic_Press_03,Hydraulic Press,12980.1,553.0,Alignment Check,3.507,76.6,234.2,189.9,74.1,102.1,75.9,116.4,0.766,0.902,435.9,205539,3,0.3508,6830.3,Normal,Normal
2023-05-24 03:00:00,Continuous_Caster_02,Continuous Caster,25301.2,542.0,Electrical Inspection,6.426,111.5,705.2,162.1,46.6,86.3,80.6,375.6,1.49,0.807,270.9,308648,5,0.6906,9492.8,Electrical Fault,Warning
2023-05-24 03:00:00,Annealing_Furnace_01,Annealing Furnace,6179.0,129.0,Lubrication,2.436,127.5,376.0,200.4,77.5,114.8,75.1,204.9,1.114,0.888,474.8,71738,0,0.2053,26061.4,Normal,Normal
2023-05-24 07:00:00,Hot_Strip_Mill_01,Hot Strip Mill,20699.1,998.0,Seal Replacement,6.014,102.5,1019.3,175.7,50.7,88.4,80.9,525.2,1.437,0.848,318.1,289108,5,0.5703,16924.3,Bearing Failure,Normal
2023-05-24 08:00:00,Rolling_Mill_01,Rolling Mill,24365.1,320.0,Full Overhaul,6.265,92.7,980.9,170.7,48.1,82.5,82.7,495.2,2.174,0.824,311.4,237280,5,0.648,17107.7,Thermal Degradation,Normal
2023-05-24 08:00:00,Cold_Rolling_Mill_03,Cold Rolling Mill,12100.5,1798.0,Bearing Replacement,4.288,67.4,831.4,188.6,83.0,91.2,76.1,447.2,1.642,0.892,391.8,110154,3,0.3805,22058.8,Normal,Normal
2023-05-24 11:00:00,Electric_Arc_Furnace_02,Electric Arc Furnace,24316.4,1602.0,Full Overhaul,6.564,121.8,1426.4,168.6,49.7,91.0,83.8,696.7,3.374,0.848,277.0,414780,6,0.6877,1474.0,Thermal Degradation,Critical
2023-05-24 14:00:00,Electric_Arc_Furnace_03,Electric Arc Furnace,30958.8,1821.0,Lubrication,8.798,125.8,1481.6,169.9,28.0,73.3,83.6,751.0,2.401,0.847,179.8,315620,3,0.9219,0.0,Lubrication Failure,Immediate Action
2023-05-24 18:00:00,Blast_Furnace_Blower_03,Blast Furnace Blower,16576.9,1745.0,Alignment Check,4.473,90.6,510.4,182.0,50.3,89.4,78.8,237.2,0.136,0.889,348.2,182033,6,0.4535,13253.2,Normal,Normal
2023-05-24 21:00:00,Electric_Arc_Furnace_03,Electric Arc Furnace,13463.5,713.0,Full Overhaul,4.709,114.7,1298.3,189.7,58.6,95.3,79.2,723.5,6.026,0.887,350.1,169288,3,0.4356,11529.3,Normal,Normal
2023-05-24 22:00:00,Hot_Strip_Mill_02,Hot Strip Mill,8865.4,1546.0,Seal Replacement,2.813,93.2,952.3,196.0,73.5,103.7,73.1,481.7,0.098,0.914,427.0,147405,1,0.254,29939.0,Normal,Normal
2023-05-24 22:00:00,Annealing_Furnace_01,Annealing Furnace,21186.8,997.0,Lubrication,6.341,133.3,440.9,174.3,49.1,84.5,82.7,235.8,1.128,0.856,281.1,313526,2,0.6583,9968.1,Electrical Fault,Normal
2023-05-25 01:00:00,Pickling_Line_03,Pickling Line,30806.8,511.0,Full Overhaul,8.476,75.2,355.0,159.3,24.8,76.5,85.5,179.9,1.0,0.802,185.2,415615,5,0.9315,0.0,Lubrication Failure,Immediate Action
2023-05-25 03:00:00,Continuous_Caster_01,Continuous Caster,11430.7,722.0,Alignment Check,4.561,109.5,625.2,193.2,65.8,95.3,76.9,342.5,1.604,0.888,370.7,226446,3,0.3884,24094.9,Normal,Normal
2023-05-25 06:00:00,Ladle_Crane_03,Ladle Crane,13928.6,1144.0,Electrical Inspection,4.274,52.4,357.9,176.4,69.6,104.1,78.6,176.6,1.868,0.873,393.5,190140,4,0.4014,33524.1,Normal,Normal
2023-05-25 19:00:00,Annealing_Furnace_03,Annealing Furnace,14291.2,1691.0,Electrical Inspection,4.721,129.7,437.8,181.2,58.2,95.2,75.5,192.2,0.699,0.851,361.5,215012,6,0.4275,17676.0,Normal,Normal
2023-05-26 03:00:00,Annealing_Furnace_02,Annealing Furnace,19672.4,24.0,Alignment Check,5.249,126.2,433.8,182.3,51.9,88.5,81.1,229.0,1.819,0.859,313.9,176898,2,0.5505,11561.8,Electrical Fault,Normal
2023-05-26 03:00:00,Continuous_Caster_02,Continuous Caster,8071.5,882.0,Seal Replacement,2.1,101.0,687.6,185.2,84.8,104.9,72.4,315.5,3.548,0.927,441.1,90898,1,0.1857,25869.9,Normal,Normal
2023-05-26 03:00:00,Hydraulic_Press_02,Hydraulic Press,28795.2,11.0,Lubrication,8.468,91.2,255.4,157.0,35.5,73.3,86.6,135.0,1.61,0.833,184.3,331555,8,0.9229,0.0,Lubrication Failure,Immediate Action
2023-05-26 09:00:00,Continuous_Caster_02,Continuous Caster,10416.5,575.0,Bearing Replacement,2.928,98.5,636.5,188.7,83.7,108.4,76.1,326.3,0.96,0.904,444.3,111265,3,0.26,25394.4,Normal,Normal
2023-05-26 10:00:00,Ladle_Crane_02,Ladle Crane,24717.2,820.0,Electrical Inspection,7.374,63.2,374.8,171.3,42.0,80.3,86.3,192.3,5.739,0.818,246.1,285624,8,0.7514,25521.1,Electrical Fault,Normal
2023-05-26 10:00:00,Hydraulic_Press_01,Hydraulic Press,18011.2,932.0,Electrical Inspection,5.335,70.4,237.5,168.5,53.9,92.1,83.3,125.7,3.272,0.867,312.8,248621,4,0.5509,1585.4,Thermal Degradation,Critical
2023-05-26 11:00:00,Continuous_Caster_03,Continuous Caster,20547.8,1481.0,Full Overhaul,5.662,105.5,700.7,181.8,52.2,88.8,82.5,337.8,1.676,0.844,335.4,375519,4,0.5961,14279.4,Electrical Fault,Normal
2023-05-26 14:00:00,Blast_Furnace_Blower_01,Blast Furnace Blower,6368.3,1464.0,Lubrication,2.121,77.3,464.7,192.3,92.1,115.7,74.5,237.6,1.706,0.897,484.2,100220,0,0.1742,22648.1,Normal,Normal
2023-05-26 16:00:00,Pickling_Line_03,Pickling Line,25752.3,624.0,Electrical Inspection,7.057,71.0,324.1,174.4,50.8,82.4,82.9,166.9,2.303,0.818,267.9,452641,4,0.7285,1797.3,Lubrication Failure,Critical
2023-05-26 17:00:00,Electric_Arc_Furnace_02,Electric Arc Furnace,6682.9,734.0,Full Overhaul,1.967,112.6,1190.1,189.9,86.2,112.4,72.1,627.2,0.704,0.93,479.6,92584,1,0.1581,18168.4,Normal,Normal
2023-05-27 00:00:00,Pickling_Line_03,Pickling Line,4060.2,519.0,Bearing Replacement,2.688,61.9,287.1,193.3,92.6,121.7,70.2,144.9,0.502,0.936,493.4,60153,2,0.1207,23993.5,Normal,Normal
2023-05-27 00:00:00,Ladle_Crane_02,Ladle Crane,19179.1,783.0,Bearing Replacement,4.713,52.7,358.9,182.0,65.5,109.0,81.5,187.0,1.508,0.888,352.8,169373,2,0.4889,31409.0,Normal,Normal
2023-05-27 01:00:00,Hydraulic_Press_03,Hydraulic Press,24854.5,678.0,Electrical Inspection,7.273,82.9,247.3,170.9,42.2,78.5,82.3,121.9,7.276,0.843,250.9,241017,2,0.7475,0.0,Mechanical Wear,Immediate Action
2023-05-27 06:00:00,Rolling_Mill_02,Rolling Mill,2521.9,260.0,Electrical Inspection,0.783,81.2,871.6,202.7,94.4,113.9,68.8,423.7,0.412,0.977,499.6,50219,0,0.024,35407.5,Normal,Normal
2023-05-27 06:00:00,Electric_Arc_Furnace_01,Electric Arc Furnace,1846.3,1329.0,Electrical Inspection,1.118,111.5,1292.5,201.7,90.1,124.8,70.9,553.3,1.13,0.967,543.7,33184,0,0.0413,23450.1,Normal,Normal
2023-05-27 08:00:00,Annealing_Furnace_01,Annealing Furnace,28113.5,58.0,Lubrication,7.205,125.9,444.1,164.6,44.5,86.6,83.4,249.3,0.069,0.852,272.6,489011,3,0.7394,4300.8,Bearing Failure,Critical
2023-05-27 09:00:00,Blast_Furnace_Blower_01,Blast Furnace Blower,28335.2,39.0,Electrical Inspection,7.503,91.6,549.9,168.8,32.9,88.7,83.5,293.7,0.506,0.817,224.1,293584,2,0.803,1472.8,Lubrication Failure,Immediate Action
2023-05-27 11:00:00,Cold_Rolling_Mill_02,Cold Rolling Mill,8661.1,1930.0,Full Overhaul,2.906,62.1,814.0,189.5,89.6,110.9,74.3,396.7,1.606,0.92,436.2,71837,0,0.2426,28517.6,Normal,Normal
2023-05-27 12:00:00,Continuous_Caster_01,Continuous Caster,21571.5,492.0,Bearing Replacement,5.844,107.9,688.5,178.4,51.2,90.3,79.4,366.4,0.043,0.855,328.8,182794,3,0.5904,12720.3,Electrical Fault,Normal
2023-05-27 12:00:00,Annealing_Furnace_03,Annealing Furnace,15567.0,1464.0,Lubrication,4.529,124.4,420.0,179.6,55.7,87.2,79.6,227.1,1.543,0.884,361.2,174665,4,0.4699,17182.6,Normal,Normal
2023-05-27 14:00:00,Blast_Furnace_Blower_02,Blast Furnace Blower,22181.1,1439.0,Bearing Replacement,6.585,90.2,510.1,174.2,53.1,84.5,81.9,258.9,2.592,0.851,296.7,411934,3,0.6512,6768.3,Mechanical Wear,Warning
2023-05-27 17:00:00,Cold_Rolling_Mill_02,Cold Rolling Mill,30214.5,1672.0,Lubrication,8.205,83.6,943.3,175.1,28.9,73.6,81.5,475.4,0.151,0.818,209.4,319033,5,0.8661,5899.9,Bearing Failure,Warning
2023-05-27 19:00:00,Hydraulic_Press_02,Hydraulic Press,2887.0,776.0,Bearing Replacement,1.263,64.8,210.9,192.6,95.7,114.7,70.8,96.4,0.062,0.95,533.4,45361,0,0.0362,15890.2,Normal,Normal
2023-05-28 03:00:00,Pickling_Line_01,Pickling Line,27251.7,1296.0,Alignment Check,6.982,61.8,330.3,168.1,45.0,83.0,84.8,168.1,1.873,0.876,247.9,263246,6,0.7416,1490.1,Thermal Degradation,Critical
2023-05-28 06:00:00,Cold_Rolling_Mill_03,Cold Rolling Mill,17306.7,726.0,Electrical Inspection,4.175,68.3,854.7,171.3,61.1,100.1,76.8,410.4,3.522,0.899,398.7,285188,0,0.4246,20558.3,Normal,Normal
2023-05-28 06:00:00,Cold_Rolling_Mill_01,Cold Rolling Mill,19788.0,469.0,Electrical Inspection,5.343,68.3,855.0,175.1,55.9,80.9,82.2,444.6,1.777,0.87,306.2,193228,1,0.5558,15457.9,Electrical Fault,Normal
2023-05-28 07:00:00,Electric_Arc_Furnace_01,Electric Arc Furnace,22922.2,1973.0,Full Overhaul,7.0,119.9,1493.5,167.1,39.3,77.6,82.2,713.0,0.32,0.849,279.3,289127,3,0.683,2169.8,Electrical Fault,Critical
2023-05-28 11:00:00,Electric_Arc_Furnace_02,Electric Arc Furnace,32299.5,1806.0,Electrical Inspection,8.664,126.4,1439.8,175.2,31.4,82.9,84.0,744.2,7.094,0.848,217.7,338265,4,0.8623,0.0,Bearing Failure,Immediate Action
2023-05-28 11:00:00,Ladle_Crane_01,Ladle Crane,2079.5,928.0,Bearing Replacement,0.964,49.6,318.9,197.1,89.3,116.7,71.6,169.6,1.28,0.928,495.1,23540,0,0.0314,45595.1,Normal,Normal
2023-05-28 13:00:00,Ladle_Crane_02,Ladle Crane,1128.7,1216.0,Full Overhaul,0.858,43.3,315.6,196.8,93.4,115.4,73.6,148.2,1.224,0.959,517.7,18644,0,0.0296,47747.6,Normal,Normal
2023-05-28 15:00:00,Rolling_Mill_02,Rolling Mill,6321.3,1939.0,Bearing Replacement,2.666,92.0,873.1,194.9,87.8,111.2,73.2,428.2,0.569,0.971,431.3,93175,1,0.2086,32705.5,Normal,Normal
2023-05-28 20:00:00,Annealing_Furnace_01,Annealing Furnace,34527.0,685.0,Seal Replacement,8.693,137.4,471.3,158.1,33.5,80.4,83.0,246.4,9.287,0.822,191.2,317980,6,0.9126,0.0,Bearing Failure,Immediate Action
2023-05-28 21:00:00,Annealing_Furnace_02,Annealing Furnace,25056.2,1681.0,Full Overhaul,8.036,136.2,466.6,170.8,29.4,70.1,82.9,232.4,3.026,0.814,256.5,451351,3,0.8269,7947.8,Lubrication Failure,Warning
2023-05-28 23:00:00,Hot_Strip_Mill_02,Hot Strip Mill,1741.7,1746.0,Lubrication,0.671,89.3,905.6,207.0,98.9,116.5,70.1,473.3,1.549,0.942,528.1,19834,0,0.0198,37146.4,Normal,Normal
2023-05-28 23:00:00,Blast_Furnace_Blower_03,Blast Furnace Blower,21551.0,793.0,Full Overhaul,6.063,92.4,518.4,177.5,43.3,81.0,79.3,272.6,0.604,0.832,281.3,328486,5,0.6534,8253.7,Thermal Degradation,Warning
2023-05-29 00:00:00,Annealing_Furnace_02,Annealing Furnace,30780.9,973.0,Alignment Check,7.653,139.6,460.9,169.7,29.9,85.3,82.2,243.1,1.081,0.848,213.0,393641,2,0.8259,1421.9,Electrical Fault,Immediate Action
2023-05-29 01:00:00,Rolling_Mill_03,Rolling Mill,28465.2,1065.0,Bearing Replacement,7.583,100.6,1058.8,157.7,38.5,86.9,84.7,552.0,2.231,0.843,212.8,529001,3,0.8275,12246.4,Electrical Fault,Normal
2023-05-29 02:00:00,Pickling_Line_03,Pickling Line,23301.5,1512.0,Bearing Replacement,6.85,71.0,323.2,178.1,37.9,85.8,78.4,169.6,2.796,0.842,262.6,277458,4,0.6894,3813.5,Bearing Failure,Critical
2023-05-29 02:00:00,Continuous_Caster_03,Continuous Caster,11935.7,1763.0,Bearing Replacement,3.206,99.8,646.9,204.2,73.5,107.5,76.6,315.0,0.499,0.924,401.6,135510,3,0.2915,24506.4,Normal,Normal
2023-05-29 03:00:00,Continuous_Caster_02,Continuous Caster,2560.6,530.0,Electrical Inspection,1.172,96.0,610.4,199.2,100.0,116.0,72.0,287.5,0.44,0.969,550.0,26955,0,0.0175,31633.2,Normal,Normal
2023-05-29 05:00:00,Continuous_Caster_02,Continuous Caster,20343.3,1504.0,Lubrication,5.119,106.8,687.9,178.5,59.0,92.7,81.5,340.6,2.883,0.871,314.6,355104,4,0.5366,13904.9,Normal,Normal
2023-05-29 05:00:00,Pickling_Line_01,Pickling Line,25217.3,1898.0,Lubrication,6.948,72.2,331.3,168.6,45.0,83.9,83.5,174.6,3.351,0.831,249.9,278990,8,0.7237,3278.5,Bearing Failure,Critical
2023-05-29 06:00:00,Pickling_Line_02,Pickling Line,22218.5,314.0,Electrical Inspection,6.941,66.5,326.2,172.1,33.2,84.4,81.1,177.7,2.836,0.81,258.2,180413,5,0.743,5801.0,Lubrication Failure,Warning
2023-05-29 06:00:00,Electric_Arc_Furnace_03,Electric Arc Furnace,3389.0,45.0,Bearing Replacement,1.616,113.9,1267.0,187.8,91.0,109.2,74.0,625.8,0.954,0.979,468.5,46396,1,0.1007,21870.3,Normal,Normal
2023-05-29 08:00:00,Hot_Strip_Mill_02,Hot Strip Mill,10094.2,709.0,Bearing Replacement,2.25,100.9,935.9,190.0,93.3,114.8,73.8,498.2,1.147,0.927,450.5,196929,2,0.1802,28863.0,Normal,Normal
2023-05-29 08:00:00,Blast_Furnace_Blower_03,Blast Furnace Blower,26772.1,1573.0,Electrical Inspection,6.983,89.7,524.3,172.4,42.5,86.6,79.9,264.8,3.231,0.834,269.7,481855,4,0.7313,2182.9,Lubrication Failure,Critical
2023-05-29 09:00:00,Rolling_Mill_03,Rolling Mill,18932.6,1170.0,Alignment Check,5.534,99.0,942.5,181.2,63.6,89.5,82.0,504.4,0.263,0.884,328.3,299760,2,0.5145,23280.6,Normal,Normal
2023-05-29 13:00:00,Cold_Rolling_Mill_02,Cold Rolling Mill,4603.4,1844.0,Seal Replacement,1.842,53.6,781.8,203.3,86.2,109.1,77.0,387.9,0.541,0.935,446.3,53783,2,0.1558,30855.9,Normal,Normal
2023-05-29 14:00:00,Annealing_Furnace_02,Annealing Furnace,18475.5,926.0,Lubrication,5.731,134.3,444.0,175.8,55.5,90.0,81.2,212.9,1.802,0.852,314.5,189394,1,0.5542,13439.6,Thermal Degradation,Normal
2023-05-29 15:00:00,Hot_Strip_Mill_02,Hot Strip Mill,13911.2,1001.0,Seal Replacement,4.97,100.8,966.1,178.3,67.0,102.1,75.3,530.7,2.186,0.877,394.1,184412,6,0.3875,26209.0,Normal,Normal
2023-05-29 15:00:00,Hydraulic_Press_02,Hydraulic Press,6394.4,1120.0,Full Overhaul,3.09,71.1,229.4,191.1,80.4,108.2,77.1,112.3,0.057,0.91,443.3,68316,1,0.2582,13179.9,Normal,Normal
2023-05-29 17:00:00,Ladle_Crane_01,Ladle Crane,484.9,119.0,Seal Replacement,0.574,42.1,310.8,209.4,95.7,120.9,68.6,173.5,0.206,0.938,510.3,8147,0,0.0,49193.6,Normal,Normal
2023-05-29 17:00:00,Annealing_Furnace_03,Annealing Furnace,29468.9,1814.0,Lubrication,7.583,126.7,450.9,168.1,34.8,86.5,82.8,241.7,9.913,0.853,249.9,567099,3,0.7862,3513.2,Electrical Fault,Critical
2023-05-29 22:00:00,Rolling_Mill_03,Rolling Mill,10993.3,1022.0,Seal Replacement,2.833,85.9,885.9,194.2,79.1,114.0,75.0,430.5,1.053,0.907,431.9,178910,1,0.2483,27996.5,Normal,Normal
2023-05-29 23:00:00,Hot_Strip_Mill_03,Hot Strip Mill,539.6,753.0,Full Overhaul,0.936,94.8,927.7,199.0,100.0,126.0,74.1,450.9,2.152,0.958,500.3,8711,0,0.0081,37023.0,Normal,Normal
2023-05-30 04:00:00,Hot_Strip_Mill_03,Hot Strip Mill,3450.6,612.0,Electrical Inspection,1.474,86.8,890.4,201.8,99.3,112.9,72.8,445.9,1.507,0.967,477.1,59289,0,0.082,35194.9,Normal,Normal
2023-05-30 05:00:00,Hydraulic_Press_03,Hydraulic Press,10468.7,1432.0,Alignment Check,3.522,74.0,240.4,192.0,66.2,103.6,77.3,114.5,0.185,0.904,387.2,89235,1,0.3384,10139.9,Normal,Normal
2023-05-30 07:00:00,Hot_Strip_Mill_02,Hot Strip Mill,1994.1,676.0,Alignment Check,2.617,91.8,937.4,189.3,92.5,111.6,71.8,473.5,1.001,0.887,449.2,22133,0,0.1496,36263.1,Normal,Normal
2023-05-30 11:00:00,Pickling_Line_03,Pickling Line,20922.4,49.0,Alignment Check,6.431,72.8,312.8,175.4,42.7,89.1,81.6,163.8,0.161,0.82,320.8,311898,2,0.6723,5735.3,Mechanical Wear,Warning
2023-05-30 11:00:00,Rolling_Mill_03,Rolling Mill,3131.5,428.0,Full Overhaul,1.792,86.5,829.6,210.0,92.7,121.3,71.9,439.7,0.151,0.926,501.4,33259,0,0.0283,37631.1,Normal,Normal
2023-05-30 14:00:00,Rolling_Mill_03,Rolling Mill,24589.8,583.0,Electrical Inspection,6.743,96.5,1020.9,164.4,38.8,87.4,80.5,534.0,1.063,0.821,294.6,373733,1,0.7052,15239.6,Bearing Failure,Normal
2023-05-31 02:00:00,Continuous_Caster_03,Continuous Caster,1937.2,363.0,Alignment Check,1.773,93.8,587.9,192.5,100.0,115.0,73.7,314.8,0.105,0.964,472.1,37781,1,0.0941,31905.2,Normal,Normal
2023-05-31 05:00:00,Electric_Arc_Furnace_01,Electric Arc Furnace,2169.9,1527.0,Full Overhaul,1.718,110.1,1252.4,195.2,96.1,116.0,72.9,630.5,1.62,0.939,495.8,26008,0,0.0954,23089.9,Normal,Normal
2023-05-31 06:00:00,Pickling_Line_03,Pickling Line,10755.9,1212.0,Lubrication,4.42,51.1,299.8,185.7,60.4,107.9,79.4,156.4,1.866,0.906,384.5,183802,2,0.423,18196.6,Normal,Normal
2023-05-31 07:00:00,Hydraulic_Press_02,Hydraulic Press,31390.3,1382.0,Alignment Check,8.034,89.8,258.8,166.2,26.4,73.6,84.2,130.0,0.283,0.812,190.0,414409,5,0.8859,0.0,Lubrication Failure,Immediate Action
2023-05-31 12:00:00,Electric_Arc_Furnace_03,Electric Arc Furnace,22484.6,1083.0,Seal Replacement,6.018,128.2,1441.3,175.2,41.5,85.3,82.0,712.6,5.115,0.849,274.5,373276,5,0.6463,3207.9,Bearing Failure,Critical
2023-05-31 18:00:00,Annealing_Furnace_01,Annealing Furnace,26977.6,1365.0,Seal Replacement,8.265,137.9,468.2,163.7,22.8,72.3,83.7,240.6,3.494,0.806,241.8,236333,2,0.8828,5466.3,Lubrication Failure,Warning
2023-05-31 18:00:00,Blast_Furnace_Blower_03,Blast Furnace Blower,5040.2,1431.0,Electrical Inspection,2.631,82.1,480.1,195.0,80.0,115.0,71.3,233.9,1.491,0.923,459.1,62376,1,0.165,25387.6,Normal,Normal
2023-05-31 19:00:00,Continuous_Caster_01,Continuous Caster,29211.0,1519.0,Full Overhaul,7.616,110.9,733.8,174.9,30.4,81.9,86.2,372.3,5.871,0.823,225.0,488048,2,0.8047,5468.3,Thermal Degradation,Warning
2023-05-31 20:00:00,Electric_Arc_Furnace_02,Electric Arc Furnace,384.3,1555.0,Bearing Replacement,0.581,111.7,1158.9,208.5,100.0,120.4,71.0,579.0,1.104,0.959,504.1,6975,0,0.0,25229.7,Normal,Normal
2023-05-31 21:00:00,Rolling_Mill_02,Rolling Mill,21601.6,482.0,Bearing Replacement,6.492,97.5,947.6,179.2,41.8,87.7,83.1,508.3,2.215,0.852,269.6,315682,5,0.6705,19349.6,Bearing Failure,Normal
2023-05-31 21:00:00,Continuous_Caster_02,Continuous Caster,7535.7,549.0,Lubrication,2.535,103.5,612.1,196.4,87.3,106.2,73.5,331.2,4.077,0.911,455.0,97970,0,0.2258,28424.2,Normal,Normal
2023-05-31 22:00:00,Ladle_Crane_02,Ladle Crane,13196.1,1446.0,Seal Replacement,4.425,56.7,357.3,183.2,63.6,101.4,78.4,191.1,2.15,0.892,386.7,258534,3,0.4297,36333.2,Normal,Normal
2023-05-31 22:00:00,Blast_Furnace_Blower_03,Blast Furnace Blower,34448.3,1966.0,Alignment Check,9.43,86.6,554.5,175.5,28.9,67.7,83.4,298.2,3.385,0.809,190.3,463658,5,0.9406,0.0,Lubrication Failure,Immediate Action
2023-06-01 00:00:00,Pickling_Line_03,Pickling Line,1158.8,1450.0,Full Overhaul,1.051,56.6,274.3,191.3,97.1,121.2,72.1,146.9,0.472,0.986,508.2,12549,0,0.0383,27165.7,Normal,Normal
2023-06-01 01:00:00,Rolling_Mill_03,Rolling Mill,34951.1,1012.0,Electrical Inspection,8.928,104.5,1065.9,162.2,23.7,65.0,83.3,541.6,2.528,0.793,169.9,288267,6,0.9761,3882.1,Lubrication Failure,Critical
2023-06-01 02:00:00,Annealing_Furnace_03,Annealing Furnace,21864.6,610.0,Electrical Inspection,5.97,131.0,457.0,179.1,48.0,98.7,79.9,222.7,1.924,0.848,284.7,416794,1,0.6173,9769.2,Thermal Degradation,Normal
2023-06-01 05:00:00,Hydraulic_Press_01,Hydraulic Press,19598.9,264.0,Alignment Check,6.107,76.3,246.1,176.2,59.2,89.0,83.8,123.5,2.149,0.838,304.3,169572,4,0.6052,82.9,Lubrication Failure,Immediate Action
2023-06-01 06:00:00,Hydraulic_Press_02,Hydraulic Press,2177.0,1164.0,Alignment Check,1.241,65.2,221.8,203.2,100.0,123.5,70.7,108.5,0.366,0.944,504.1,23650,0,0.0597,16630.3,Normal,Normal
2023-06-01 08:00:00,Blast_Furnace_Blower_03,Blast Furnace Blower,9639.2,166.0,Electrical Inspection,3.237,85.6,479.4,186.9,79.0,104.3,75.2,249.9,0.84,0.921,392.3,176193,2,0.308,21263.9,Normal,Normal
2023-06-01 12:00:00,Rolling_Mill_03,Rolling Mill,32370.7,1853.0,Seal Replacement,8.776,103.9,1058.3,168.1,20.3,78.7,86.8,541.8,0.136,0.808,164.9,623844,9,0.959,11350.7,Lubrication Failure,Warning
2023-06-01 13:00:00,Annealing_Furnace_01,Annealing Furnace,12463.2,128.0,Lubrication,3.691,137.8,414.6,187.6,67.4,111.4,74.7,224.4,3.444,0.946,433.6,199240,2,0.3255,20696.8,Normal,Normal
2023-06-01 14:00:00,Rolling_Mill_02,Rolling Mill,23191.7,269.0,Bearing Replacement,6.675,95.7,1025.4,169.1,50.8,86.3,81.4,508.9,1.668,0.833,269.4,257529,3,0.7241,17003.7,Electrical Fault,Normal
2023-06-01 17:00:00,Ladle_Crane_03,Ladle Crane,34982.4,1519.0,Seal Replacement,8.627,66.1,380.9,159.7,26.1,68.3,88.2,189.0,4.329,0.782,200.6,392436,5,0.9447,14243.8,Lubrication Failure,Warning
2023-06-01 17:00:00,Ladle_Crane_01,Ladle Crane,9281.1,1777.0,Full Overhaul,2.267,52.6,350.6,193.4,84.4,105.8,73.2,164.1,1.801,0.914,429.8,130540,2,0.202,39331.2,Normal,Normal
2023-06-01 18:00:00,Blast_Furnace_Blower_03,Blast Furnace Blower,20205.2,364.0,Electrical Inspection,6.072,84.5,515.4,174.9,59.3,94.0,79.8,263.8,4.822,0.836,316.5,388132,3,0.5534,9930.4,Bearing Failure,Normal
2023-06-01 18:00:00,Electric_Arc_Furnace_03,Electric Arc Furnace,24405.7,105.0,Full Overhaul,6.041,118.1,1441.6,159.8,48.3,88.2,80.3,708.6,7.905,0.862,300.5,472537,4,0.6486,1320.6,Electrical Fault,Critical
2023-06-01 20:00:00,Blast_Furnace_Blower_02,Blast Furnace Blower,5845.5,271.0,Seal Replacement,2.603,77.1,486.4,182.7,82.9,114.8,73.9,242.9,1.779,0.892,432.9,76968,0,0.1973,23547.4,Normal,Normal
2023-06-01 20:00:00,Annealing_Furnace_01,Annealing Furnace,5288.7,1428.0,Full Overhaul,3.173,120.3,382.2,186.4,88.7,105.4,76.4,206.3,0.933,0.902,406.4,62691,1,0.2793,29173.0,Normal,Normal
2023-06-01 20:00:00,Continuous_Caster_02,Continuous Caster,16025.1,1779.0,Bearing Replacement,5.172,102.0,683.1,177.7,64.8,96.6,79.7,342.9,1.721,0.857,334.2,202629,2,0.5143,17521.7,Normal,Normal
2023-06-01 20:00:00,Ladle_Crane_02,Ladle Crane,13564.9,1432.0,Electrical Inspection,3.88,53.5,352.5,192.4,80.6,102.8,76.0,170.5,1.497,0.894,423.4,146542,0,0.3467,36771.9,Normal,Normal
2023-06-01 21:00:00,Pickling_Line_03,Pickling Line,34028.6,1018.0,Electrical Inspection,8.363,70.8,336.5,159.8,31.1,78.4,85.5,173.8,0.636,0.815,180.6,378334,4,0.9131,0.0,Mechanical Wear,Immediate Action
2023-06-01 21:00:00,Annealing_Furnace_03,Annealing Furnace,25026.1,732.0,Bearing Replacement,6.307,143.7,440.7,175.2,54.7,88.9,81.7,234.1,6.877,0.831,275.2,251880,4,0.6651,7041.4,Lubrication Failure,Warning
2023-06-01 21:00:00,Rolling_Mill_02,Rolling Mill,2525.9,1209.0,Electrical Inspection,1.682,94.4,876.0,195.8,80.4,115.7,75.6,420.2,0.967,0.915,492.8,40935,1,0.121,37482.1,Normal,Normal
2023-06-02 02:00:00,Hydraulic_Press_01,Hydraulic Press,598.3,1042.0,Full Overhaul,0.773,68.8,209.0,214.3,100.0,122.0,72.0,111.2,1.948,0.962,504.0,10745,0,0.0,19451.2,Normal,Normal
2023-06-02 05:00:00,Electric_Arc_Furnace_03,Electric Arc Furnace,21086.0,1651.0,Full Overhaul,6.575,121.0,1374.4,175.3,47.3,96.1,79.8,703.7,0.985,0.83,289.5,231261,2,0.6209,3576.7,Bearing Failure,Critical
2023-06-02 07:00:00,Continuous_Caster_03,Continuous Caster,19735.9,1911.0,Electrical Inspection,5.836,102.3,671.2,183.2,71.8,103.0,81.1,321.0,4.943,0.894,336.8,288178,3,0.5368,16616.4,Normal,Normal
2023-06-02 11:00:00,Blast_Furnace_Blower_02,Blast Furnace Blower,4801.6,1775.0,Electrical Inspection,2.081,77.5,461.2,194.4,89.3,118.3,72.1,241.5,1.222,0.922,467.2,79332,0,0.1432,26657.1,Normal,Normal
2023-06-02 13:00:00,Annealing_Furnace_03,Annealing Furnace,5367.0,1517.0,Full Overhaul,2.373,114.0,366.1,197.5,86.5,112.8,76.7,210.4,1.184,0.928,458.3,84969,0,0.1368,26260.0,Normal,Normal
2023-06-02 14:00:00,Continuous_Caster_02,Continuous Caster,27764.4,916.0,Full Overhaul,8.224,104.1,709.4,161.2,36.0,84.7,83.6,354.4,2.304,0.835,240.3,259886,4,0.7919,5508.3,Mechanical Wear,Warning
2023-06-02 15:00:00,Hot_Strip_Mill_01,Hot Strip Mill,31075.9,476.0,Seal Replacement,8.894,112.3,1085.0,164.7,28.6,77.4,85.4,574.4,0.171,0.801,218.0,351104,5,0.9316,7286.2,Lubrication Failure,Warning
2023-06-02 16:00:00,Annealing_Furnace_02,Annealing Furnace,9977.3,752.0,Full Overhaul,3.344,131.8,400.5,187.9,76.9,101.1,79.1,224.5,0.701,0.93,402.0,81798,1,0.3161,22293.0,Normal,Normal
2023-06-02 18:00:00,Hot_Strip_Mill_03,Hot Strip Mill,15384.9,1729.0,Bearing Replacement,4.824,89.7,971.9,181.2,58.5,105.5,80.7,540.7,0.82,0.873,353.9,232064,2,0.4854,22735.0,Normal,Normal
2023-06-02 19:00:00,Continuous_Caster_03,Continuous Caster,12489.3,15.0,Seal Replacement,4.608,108.6,654.1,189.9,73.1,106.7,80.6,355.8,4.648,0.866,372.4,192262,2,0.3888,23070.3,Normal,Normal
2023-06-02 22:00:00,Continuous_Caster_02,Continuous Caster,2631.9,643.0,Alignment Check,1.773,101.8,600.6,187.6,91.3,113.8,75.5,303.3,1.649,0.969,486.2,36078,0,0.1106,33818.7,Normal,Normal
2023-06-02 23:00:00,Hydraulic_Press_01,Hydraulic Press,23594.8,977.0,Bearing Replacement,6.745,77.1,239.7,170.7,44.8,86.6,80.9,124.6,5.381,0.888,304.4,368292,4,0.674,0.0,Bearing Failure,Immediate Action
2023-06-03 00:00:00,Hot_Strip_Mill_01,Hot Strip Mill,28899.2,80.0,Seal Replacement,6.937,106.9,1072.7,159.5,38.7,76.7,82.3,575.2,3.228,0.821,253.2,526411,5,0.753,9706.6,Bearing Failure,Warning
2023-06-03 00:00:00,Electric_Arc_Furnace_01,Electric Arc Furnace,10740.3,209.0,Seal Replacement,3.127,123.3,1349.0,186.6,70.1,105.2,77.0,660.0,0.645,0.919,404.2,118721,3,0.3015,14825.1,Normal,Normal
2023-06-03 01:00:00,Hydraulic_Press_01,Hydraulic Press,34657.1,1416.0,Electrical Inspection,9.127,89.9,263.3,165.5,15.2,72.5,86.3,141.9,7.01,0.839,178.1,501108,3,1.0,0.0,Lubrication Failure,Immediate Action
2023-06-03 02:00:00,Continuous_Caster_02,Continuous Caster,2747.2,1887.0,Seal Replacement,1.261,98.6,631.6,201.7,88.2,115.1,75.2,304.0,0.193,0.943,533.8,26434,0,0.0822,31260.1,Normal,Normal
2023-06-03 03:00:00,Electric_Arc_Furnace_01,Electric Arc Furnace,23196.5,1349.0,Alignment Check,7.023,121.1,1401.7,171.6,33.4,80.3,80.4,744.8,5.323,0.855,262.1,250913,4,0.6838,2891.3,Mechanical Wear,Critical
2023-06-03 04:00:00,Hot_Strip_Mill_03,Hot Strip Mill,15686.4,595.0,Seal Replacement,4.341,101.3,964.9,181.3,61.1,97.5,77.6,488.8,0.678,0.913,355.9,259494,2,0.4231,21235.2,Normal,Normal
2023-06-03 04:00:00,Hot_Strip_Mill_02,Hot Strip Mill,15743.2,471.0,Lubrication,5.273,99.4,1091.2,178.9,57.5,95.4,80.0,515.2,1.111,0.89,321.0,183537,2,0.5529,22373.8,Lubrication Failure,Normal
2023-06-03 05:00:00,Blast_Furnace_Blower_02,Blast Furnace Blower,16071.8,1214.0,Seal Replacement,4.258,85.9,472.5,182.7,62.8,94.2,77.8,256.3,2.653,0.898,352.8,156921,0,0.439,12913.0,Normal,Normal
2023-06-03 05:00:00,Electric_Arc_Furnace_01,Electric Arc Furnace,9128.0,1972.0,Bearing Replacement,3.281,121.1,1328.6,192.7,72.8,105.9,76.8,640.2,0.186,0.875,407.8,149295,3,0.3212,15183.7,Normal,Normal
2023-06-03 09:00:00,Hydraulic_Press_03,Hydraulic Press,25073.1,1306.0,Seal Replacement,6.727,73.7,252.6,179.7,37.3,78.3,82.0,121.5,0.849,0.819,311.4,228762,1,0.7226,0.0,Electrical Fault,Immediate Action
2023-06-03 11:00:00,Hydraulic_Press_02,Hydraulic Press,25283.0,166.0,Full Overhaul,8.054,81.7,237.7,173.8,38.6,83.3,82.4,121.6,1.07,0.833,277.6,408478,5,0.7451,0.0,Thermal Degradation,Immediate Action
2023-06-03 15:00:00,Cold_Rolling_Mill_01,Cold Rolling Mill,9955.7,345.0,Alignment Check,3.145,68.0,794.4,189.5,80.0,113.4,73.6,412.5,1.244,0.94,416.8,173183,1,0.2549,25855.2,Normal,Normal
2023-06-03 16:00:00,Annealing_Furnace_02,Annealing Furnace,29252.2,1426.0,Bearing Replacement,7.629,135.0,476.4,176.8,32.6,84.5,83.9,235.1,4.269,0.806,220.8,550633,16,0.7992,3492.8,Mechanical Wear,Critical
2023-06-03 18:00:00,Rolling_Mill_03,Rolling Mill,11157.9,1486.0,Bearing Replacement,3.441,99.7,927.7,192.6,74.7,109.5,74.4,442.7,1.126,0.908,427.8,200396,1,0.2584,30245.5,Normal,Normal
2023-06-04 00:00:00,Blast_Furnace_Blower_02,Blast Furnace Blower,4322.9,1157.0,Bearing Replacement,1.315,76.3,431.0,196.3,98.8,105.9,72.9,235.7,0.319,0.923,486.2,75442,0,0.0746,26247.7,Normal,Normal
2023-06-04 00:00:00,Pickling_Line_03,Pickling Line,25405.8,154.0,Bearing Replacement,7.682,66.2,318.5,169.3,38.2,83.6,81.5,171.7,2.537,0.86,258.2,398205,3,0.7345,3359.3,Mechanical Wear,Critical
2023-06-04 01:00:00,Rolling_Mill_02,Rolling Mill,5987.7,1641.0,Full Overhaul,1.605,90.2,915.9,193.2,87.9,112.7,74.3,447.1,0.111,0.923,472.3,99551,0,0.116,34357.3,Normal,Normal
2023-06-04 03:00:00,Blast_Furnace_Blower_02,Blast Furnace Blower,11121.3,382.0,Bearing Replacement,3.595,85.5,478.0,189.7,72.8,102.5,80.7,253.2,1.761,0.866,395.1,152133,2,0.3508,18707.4,Normal,Normal
2023-06-04 04:00:00,Annealing_Furnace_03,Annealing Furnace,20826.2,1411.0,Alignment Check,5.299,130.3,444.6,179.0,52.4,95.7,79.1,225.8,1.824,0.851,313.0,363261,1,0.5633,11055.1,Lubrication Failure,Normal
2023-06-04 05:00:00,Electric_Arc_Furnace_01,Electric Arc Furnace,22628.4,824.0,Bearing Replacement,5.584,120.7,1401.5,177.6,52.5,86.4,82.2,692.0,1.474,0.844,298.5,182476,1,0.5865,2809.9,Mechanical Wear,Critical
2023-06-04 13:00:00,Electric_Arc_Furnace_01,Electric Arc Furnace,13932.8,1312.0,Full Overhaul,3.461,119.5,1299.0,183.8,77.6,106.0,76.4,675.2,1.534,0.898,389.5,245935,1,0.3329,10346.2,Normal,Normal
2023-06-04 19:00:00,Rolling_Mill_01,Rolling Mill,2816.6,1120.0,Alignment Check,1.583,89.4,857.7,204.9,85.4,116.9,76.8,421.5,0.583,0.91,457.2,53765,1,0.1261,37118.8,Normal,Normal
2023-06-04 20:00:00,Continuous_Caster_03,Continuous Caster,13139.8,1876.0,Seal Replacement,4.289,102.8,682.3,184.5,81.5,101.9,81.5,337.2,4.099,0.917,371.6,249185,3,0.3701,21080.2,Normal,Normal
2023-06-04 22:00:00,Cold_Rolling_Mill_01,Cold Rolling Mill,23517.7,425.0,Seal Replacement,6.371,74.2,902.3,167.8,46.6,79.8,82.5,425.0,0.777,0.839,264.5,266824,4,0.6805,13256.7,Lubrication Failure,Normal
2023-06-04 22:00:00,Pickling_Line_03,Pickling Line,24138.0,315.0,Lubrication,6.757,61.0,308.0,179.0,48.2,91.0,80.1,163.4,2.017,0.828,306.0,482342,3,0.6697,4847.3,Bearing Failure,Warning
2023-06-04 23:00:00,Hot_Strip_Mill_01,Hot Strip Mill,5690.9,355.0,Alignment Check,2.401,99.8,928.7,196.0,81.4,107.2,75.2,440.9,1.616,0.91,443.2,54869,0,0.1664,34745.8,Normal,Normal
2023-06-05 00:00:00,Blast_Furnace_Blower_02,Blast Furnace Blower,371.7,1401.0,Full Overhaul,0.977,77.4,439.7,196.9,100.0,120.5,74.8,207.7,1.008,0.941,535.0,5170,0,0.0,28946.4,Normal,Normal
2023-06-05 00:00:00,Hydraulic_Press_01,Hydraulic Press,26379.1,369.0,Seal Replacement,6.887,76.6,247.9,173.2,49.4,79.5,81.2,130.5,5.687,0.895,303.4,319453,1,0.737,0.0,Electrical Fault,Immediate Action
2023-06-05 02:00:00,Rolling_Mill_01,Rolling Mill,3812.2,830.0,Bearing Replacement,2.095,82.1,909.7,190.2,84.6,112.2,76.2,465.3,2.119,0.912,453.7,51416,0,0.1455,36256.8,Normal,Normal
2023-06-05 02:00:00,Annealing_Furnace_03,Annealing Furnace,2974.0,1772.0,Full Overhaul,1.675,126.4,377.8,189.1,84.9,119.4,74.0,206.7,0.338,0.942,484.1,36741,0,0.1262,28329.6,Normal,Normal
2023-06-05 02:00:00,Annealing_Furnace_03,Annealing Furnace,194.3,556.0,Full Overhaul,0.522,118.2,383.8,195.2,100.0,104.3,68.3,195.0,0.446,0.928,503.5,3547,0,0.0,32321.8,Normal,Normal
2023-06-05 03:00:00,Hot_Strip_Mill_01,Hot Strip Mill,15197.8,299.0,Lubrication,4.946,105.3,1028.2,172.2,55.1,106.8,79.3,514.1,0.244,0.899,348.5,220550,1,0.4982,22744.1,Normal,Normal
2023-06-05 07:00:00,Blast_Furnace_Blower_03,Blast Furnace Blower,17663.9,1066.0,Lubrication,5.817,92.4,515.4,172.2,49.3,93.0,82.4,252.9,1.958,0.863,311.0,309380,4,0.6051,11896.4,Lubrication Failure,Normal
2023-06-05 07:00:00,Electric_Arc_Furnace_01,Electric Arc Furnace,22354.5,1311.0,Alignment Check,5.85,121.9,1347.4,179.1,54.3,89.2,84.1,723.0,4.491,0.862,292.8,258801,2,0.6241,3461.2,Bearing Failure,Critical
2023-06-05 09:00:00,Ladle_Crane_02,Ladle Crane,10432.6,992.0,Alignment Check,3.102,51.9,334.7,184.9,86.3,104.0,76.6,178.5,0.666,0.919,443.9,132873,0,0.2823,36793.0,Normal,Normal
2023-06-05 11:00:00,Electric_Arc_Furnace_01,Electric Arc Furnace,24893.8,1093.0,Seal Replacement,7.059,125.1,1464.0,170.1,51.1,88.8,81.9,716.9,0.37,0.876,269.4,284699,5,0.6663,512.8,Thermal Degradation,Immediate Action
2023-06-05 12:00:00,Annealing_Furnace_01,Annealing Furnace,6009.7,386.0,Bearing Replacement,2.07,118.0,403.9,196.1,84.6,111.1,70.5,205.7,0.485,0.962,464.5,118135,0,0.1383,25461.2,Normal,Normal
2023-06-05 14:00:00,Cold_Rolling_Mill_03,Cold Rolling Mill,29136.5,590.0,Lubrication,8.116,83.8,922.6,156.5,30.7,78.3,85.4,458.8,0.779,0.851,221.4,388826,4,0.8486,7745.6,Electrical Fault,Warning
2023-06-05 15:00:00,Ladle_Crane_01,Ladle Crane,20057.5,1318.0,Seal Replacement,6.781,60.8,395.6,175.8,43.1,85.8,81.0,198.7,3.816,0.826,287.3,259079,3,0.6889,31526.9,Electrical Fault,Normal
2023-06-05 17:00:00,Continuous_Caster_01,Continuous Caster,20477.8,1613.0,Seal Replacement,6.192,108.0,679.0,174.8,50.8,86.7,80.7,351.1,7.794,0.875,285.6,370201,5,0.6215,12132.1,Thermal Degradation,Normal
2023-06-05 20:00:00,Annealing_Furnace_03,Annealing Furnace,7421.2,722.0,Electrical Inspection,2.167,127.9,398.4,194.3,88.8,111.5,76.7,206.7,1.268,0.918,446.9,126790,2,0.1954,24375.7,Normal,Normal
2023-06-05 23:00:00,Continuous_Caster_03,Continuous Caster,2686.4,1419.0,Electrical Inspection,1.748,97.3,609.2,197.3,91.6,114.3,73.9,320.2,2.309,0.968,492.7,51160,1,0.0555,32374.7,Normal,Normal
2023-06-06 00:00:00,Hydraulic_Press_01,Hydraulic Press,16318.9,395.0,Bearing Replacement,4.713,69.3,240.5,181.3,76.3,100.2,79.4,114.7,0.932,0.844,359.2,278271,1,0.4331,2266.4,Normal,Critical
2023-06-06 03:00:00,Blast_Furnace_Blower_01,Blast Furnace Blower,21584.9,595.0,Electrical Inspection,6.289,85.2,503.3,177.8,41.2,89.8,80.3,266.1,0.246,0.854,274.5,262572,2,0.6697,8620.1,Mechanical Wear,Warning
2023-06-06 04:00:00,Electric_Arc_Furnace_01,Electric Arc Furnace,34316.5,1524.0,Alignment Check,8.776,131.6,1520.2,166.3,34.8,83.0,84.0,800.8,0.938,0.793,188.9,327919,4,0.9686,0.0,Mechanical Wear,Immediate Action
2023-06-06 04:00:00,Continuous_Caster_02,Continuous Caster,3417.1,13.0,Bearing Replacement,1.468,88.1,614.3,196.4,89.0,125.5,70.5,300.1,1.398,0.911,550.0,39713,1,0.0855,31028.4,Normal,Normal
2023-06-06 04:00:00,Ladle_Crane_02,Ladle Crane,33273.7,440.0,Bearing Replacement,9.06,64.7,397.9,164.1,18.1,72.1,85.2,214.0,1.536,0.816,163.0,539526,3,0.9734,14917.8,Bearing Failure,Warning
2023-06-06 05:00:00,Annealing_Furnace_02,Annealing Furnace,19136.4,170.0,Full Overhaul,6.135,132.3,437.1,167.9,56.0,90.2,84.0,224.9,0.026,0.831,281.0,173487,4,0.6527,12073.2,Thermal Degradation,Normal
2023-06-06 12:00:00,Annealing_Furnace_01,Annealing Furnace,33257.4,156.0,Seal Replacement,8.357,133.8,481.6,159.6,22.0,75.0,86.2,247.3,0.757,0.774,197.7,583115,7,0.9235,0.0,Lubrication Failure,Immediate Action
2023-06-06 14:00:00,Cold_Rolling_Mill_01,Cold Rolling Mill,6362.6,1279.0,Electrical Inspection,2.345,61.0,786.6,190.0,86.0,108.4,77.9,384.2,0.091,0.914,537.6,99453,0,0.1466,29837.3,Normal,Normal
2023-06-06 14:00:00,Pickling_Line_02,Pickling Line,987.2,1001.0,Lubrication,0.543,53.6,273.7,198.1,99.2,118.7,72.9,135.8,2.542,0.954,511.6,10490,0,0.0041,27837.1,Normal,Normal
2023-06-06 14:00:00,Ladle_Crane_01,Ladle Crane,1475.4,1549.0,Bearing Replacement,1.154,49.7,330.6,198.3,92.5,122.2,75.8,166.4,0.512,0.949,512.6,23656,0,0.0634,48407.9,Normal,Normal
2023-06-06 15:00:00,Ladle_Crane_01,Ladle Crane,20604.2,782.0,Bearing Replacement,6.138,63.9,371.7,169.1,51.7,81.4,82.8,195.6,2.755,0.847,270.4,241350,3,0.6604,31050.0,Lubrication Failure,Normal
2023-06-06 20:00:00,Cold_Rolling_Mill_03,Cold Rolling Mill,33553.2,1882.0,Seal Replacement,9.726,79.6,909.7,158.5,21.5,70.2,86.9,485.9,8.619,0.811,161.7,378516,9,0.994,2611.9,Mechanical Wear,Critical
2023-06-06 20:00:00,Ladle_Crane_02,Ladle Crane,2251.3,1124.0,Seal Replacement,1.684,35.8,331.5,192.5,95.6,112.0,75.5,158.0,0.032,0.929,486.2,25686,0,0.0856,46179.8,Normal,Normal
2023-06-06 21:00:00,Hydraulic_Press_03,Hydraulic Press,5053.5,1739.0,Electrical Inspection,2.217,66.0,217.4,197.6,90.3,111.0,77.1,109.5,2.595,0.977,463.6,71159,1,0.1728,16210.5,Normal,Normal
2023-06-06 22:00:00,Blast_Furnace_Blower_01,Blast Furnace Blower,10734.8,1203.0,Electrical Inspection,2.444,78.4,488.9,188.5,84.3,114.4,77.1,223.1,2.434,0.925,422.5,207141,0,0.2235,17833.7,Normal,Normal
2023-06-06 23:00:00,Hot_Strip_Mill_03,Hot Strip Mill,28805.9,959.0,Bearing Replacement,7.734,109.8,1122.9,167.6,37.6,85.0,81.6,551.5,3.926,0.806,224.1,558290,5,0.8222,7337.3,Lubrication Failure,Warning
2023-06-07 00:00:00,Continuous_Caster_01,Continuous Caster,7734.0,97.0,Full Overhaul,2.685,97.1,638.7,190.3,84.5,103.9,76.9,320.2,5.688,0.893,441.9,112581,0,0.2051,28609.9,Normal,Normal
2023-06-07 00:00:00,Rolling_Mill_02,Rolling Mill,8579.6,1055.0,Alignment Check,2.904,92.5,894.6,189.9,89.6,112.2,76.9,443.1,1.955,0.909,453.9,158056,2,0.2381,31685.0,Normal,Normal
2023-06-07 02:00:00,Electric_Arc_Furnace_02,Electric Arc Furnace,22516.6,937.0,Lubrication,6.025,130.0,1360.9,172.6,52.5,87.4,77.2,688.3,0.306,0.874,298.9,316644,2,0.6022,2032.3,Lubrication Failure,Critical
2023-06-07 02:00:00,Electric_Arc_Furnace_01,Electric Arc Furnace,9735.4,1860.0,Lubrication,3.332,114.6,1271.3,174.9,73.5,105.4,76.6,657.7,1.588,0.886,395.2,135368,1,0.3216,14417.3,Normal,Normal
2023-06-07 03:00:00,Hydraulic_Press_02,Hydraulic Press,7688.9,810.0,Bearing Replacement,2.411,68.6,217.2,187.9,86.2,108.4,77.4,112.0,0.117,0.899,432.1,65033,0,0.2221,12289.5,Normal,Normal
2023-06-07 07:00:00,Blast_Furnace_Blower_01,Blast Furnace Blower,17223.6,1829.0,Alignment Check,5.554,94.2,503.4,180.9,61.1,85.6,80.6,257.7,4.192,0.857,336.2,269494,2,0.4847,12901.1,Normal,Normal
2023-06-07 07:00:00,Ladle_Crane_03,Ladle Crane,8970.8,1243.0,Seal Replacement,2.745,49.2,332.5,190.8,82.2,111.1,71.5,173.6,3.077,0.891,421.1,151976,0,0.2584,41229.6,Normal,Normal
2023-06-07 09:00:00,Rolling_Mill_02,Rolling Mill,33816.9,389.0,Bearing Replacement,8.73,101.7,1033.7,166.1,17.0,71.5,86.8,556.8,2.926,0.823,173.8,419524,5,0.9347,4815.8,Electrical Fault,Critical
2023-06-07 11:00:00,Electric_Arc_Furnace_01,Electric Arc Furnace,29145.1,752.0,Bearing Replacement,7.211,130.8,1443.0,162.9,47.6,90.3,83.3,751.6,1.611,0.829,332.5,284564,7,0.7436,0.0,Electrical Fault,Immediate Action
2023-06-07 14:00:00,Electric_Arc_Furnace_02,Electric Arc Furnace,10032.9,729.0,Lubrication,3.74,115.9,1303.0,189.9,82.2,104.6,82.8,674.2,1.376,0.918,423.9,199500,0,0.3002,14541.0,Normal,Normal
2023-06-07 15:00:00,Annealing_Furnace_03,Annealing Furnace,12781.7,567.0,Alignment Check,4.227,128.1,427.7,182.4,66.1,89.8,79.0,219.7,1.713,0.886,454.8,227522,2,0.3709,19838.9,Normal,Normal
2023-06-07 15:00:00,Hot_Strip_Mill_02,Hot Strip Mill,16311.5,1725.0,Bearing Replacement,4.762,103.2,1026.2,176.5,62.7,91.9,78.3,534.2,0.232,0.846,349.3,253270,2,0.4928,20456.8,Normal,Normal
2023-06-07 18:00:00,Blast_Furnace_Blower_03,Blast Furnace Blower,34264.6,1362.0,Alignment Check,8.87,93.2,571.9,163.3,18.8,76.1,86.2,285.0,3.204,0.848,199.0,280953,4,0.9826,0.0,Mechanical Wear,Immediate Action
2023-06-07 18:00:00,Hot_Strip_Mill_02,Hot Strip Mill,6116.4,1950.0,Bearing Replacement,2.304,96.3,905.1,199.1,93.0,108.5,75.6,444.2,1.701,0.923,469.7,112770,0,0.1208,34886.6,Normal,Normal
2023-06-07 19:00:00,Blast_Furnace_Blower_02,Blast Furnace Blower,12576.2,1638.0,Seal Replacement,4.416,80.3,492.6,193.0,80.0,101.4,78.0,252.5,2.441,0.919,396.7,192637,1,0.3196,16390.0,Normal,Normal
2023-06-07 21:00:00,Rolling_Mill_02,Rolling Mill,25557.0,1766.0,Full Overhaul,7.527,96.7,1025.8,170.9,35.6,83.1,83.4,549.6,2.099,0.828,322.6,252913,4,0.7972,13546.3,Bearing Failure,Normal
2023-06-07 22:00:00,Hydraulic_Press_01,Hydraulic Press,33741.6,82.0,Lubrication,9.488,88.7,249.0,160.3,25.2,72.5,88.7,133.0,5.247,0.835,160.7,599569,6,0.98,0.0,Electrical Fault,Immediate Action
2023-06-07 23:00:00,Pickling_Line_03,Pickling Line,5533.1,36.0,Full Overhaul,2.264,61.4,293.4,184.7,77.1,103.4,72.9,152.8,1.129,0.942,435.5,84340,0,0.1982,19995.4,Normal,Normal
2023-06-07 23:00:00,Electric_Arc_Furnace_01,Electric Arc Furnace,8035.6,1323.0,Alignment Check,2.877,113.2,1246.5,195.2,73.7,97.4,77.9,691.3,4.285,0.946,425.6,115469,2,0.2755,15894.3,Normal,Normal
2023-06-08 00:00:00,Rolling_Mill_03,Rolling Mill,7976.7,1222.0,Seal Replacement,2.227,93.2,849.2,194.0,90.2,107.7,73.8,445.5,0.264,0.926,443.3,77210,1,0.1787,32396.1,Normal,Normal
2023-06-08 00:00:00,Hot_Strip_Mill_01,Hot Strip Mill,830.5,49.0,Electrical Inspection,1.057,86.2,893.1,195.1,96.3,120.9,73.4,427.0,0.312,0.936,508.9,9182,0,0.0067,36969.2,Normal,Normal
2023-06-08 01:00:00,Continuous_Caster_03,Continuous Caster,21183.6,142.0,Alignment Check,6.253,109.5,684.5,175.5,44.7,89.5,85.2,374.4,1.296,0.843,330.1,344989,2,0.6393,14923.8,Thermal Degradation,Normal
2023-06-08 01:00:00,Cold_Rolling_Mill_01,Cold Rolling Mill,23507.5,954.0,Alignment Check,6.167,65.8,851.3,167.4,45.9,94.7,77.8,455.5,0.917,0.872,285.4,286831,3,0.6309,12235.3,Thermal Degradation,Normal
2023-06-08 05:00:00,Hydraulic_Press_03,Hydraulic Press,21128.2,1600.0,Alignment Check,5.463,75.1,231.6,183.4,47.9,81.3,80.0,124.2,1.68,0.836,310.2,256888,4,0.5832,0.0,Electrical Fault,Immediate Action
2023-06-08 07:00:00,Blast_Furnace_Blower_01,Blast Furnace Blower,2589.2,1445.0,Bearing Replacement,1.023,72.6,479.4,196.1,100.0,120.0,68.4,235.0,0.65,0.934,509.9,26314,1,0.048,26778.2,Normal,Normal
2023-06-08 09:00:00,Ladle_Crane_01,Ladle Crane,2516.1,1049.0,Full Overhaul,1.639,40.7,310.8,193.1,100.0,115.7,73.8,160.1,1.038,0.931,489.2,26343,0,0.035,46969.6,Normal,Normal
2023-06-08 10:00:00,Blast_Furnace_Blower_03,Blast Furnace Blower,7442.5,894.0,Bearing Replacement,2.295,79.2,468.6,198.2,79.7,108.9,77.4,253.0,1.25,0.899,429.3,119759,1,0.2061,21467.1,Normal,Normal
2023-06-08 11:00:00,Rolling_Mill_02,Rolling Mill,10231.3,1571.0,Bearing Replacement,3.167,91.7,924.4,182.7,73.0,109.6,74.7,458.1,0.405,0.907,433.6,195029,1,0.268,29591.8,Normal,Normal
2023-06-08 13:00:00,Hydraulic_Press_01,Hydraulic Press,27550.4,624.0,Lubrication,7.449,82.8,256.4,169.2,38.2,88.8,84.4,121.3,2.481,0.868,282.0,238358,5,0.7672,0.0,Lubrication Failure,Immediate Action
2023-06-08 14:00:00,Hydraulic_Press_01,Hydraulic Press,5662.7,1464.0,Full Overhaul,2.385,68.5,212.3,193.7,80.1,111.1,75.3,108.9,1.241,0.932,456.6,78760,3,0.1752,13610.8,Normal,Normal
2023-06-08 16:00:00,Electric_Arc_Furnace_03,Electric Arc Furnace,1638.8,1832.0,Alignment Check,2.683,113.7,1221.2,189.6,95.8,115.7,74.2,571.6,2.831,0.939,466.9,31914,0,0.0967,22881.6,Normal,Normal
2023-06-08 17:00:00,Hydraulic_Press_03,Hydraulic Press,13850.2,390.0,Electrical Inspection,4.346,69.2,236.3,180.6,65.3,101.3,79.8,118.9,3.058,0.869,360.1,199760,2,0.4339,6420.5,Normal,Normal
2023-06-08 19:00:00,Continuous_Caster_02,Continuous Caster,14632.1,825.0,Lubrication,4.472,100.0,669.4,173.5,64.0,99.8,79.5,364.5,0.613,0.914,376.1,191387,2,0.4269,20517.3,Normal,Normal
2023-06-08 23:00:00,Pickling_Line_01,Pickling Line,28958.9,869.0,Full Overhaul,7.966,68.7,330.2,156.2,26.5,87.7,84.2,173.3,5.788,0.823,203.3,493856,6,0.8603,0.0,Electrical Fault,Immediate Action
2023-06-08 23:00:00,Hydraulic_Press_02,Hydraulic Press,15836.7,815.0,Bearing Replacement,5.107,75.6,240.5,176.5,62.4,96.9,79.1,116.9,1.676,0.834,332.9,181875,0,0.5344,4563.9,Normal,Warning
2023-06-09 00:00:00,Continuous_Caster_01,Continuous Caster,3520.4,123.0,Full Overhaul,1.9,97.8,606.3,198.8,86.6,127.9,71.1,295.1,2.047,0.933,451.8,65982,0,0.1408,31465.8,Normal,Normal
2023-06-09 07:00:00,Cold_Rolling_Mill_02,Cold Rolling Mill,24667.6,1436.0,Lubrication,6.494,71.3,877.2,169.0,38.3,85.0,78.2,451.8,2.478,0.835,300.2,490345,1,0.6966,13170.4,Lubrication Failure,Normal
2023-06-09 07:00:00,Continuous_Caster_01,Continuous Caster,11894.3,1251.0,Electrical Inspection,3.936,100.8,642.5,181.1,67.5,113.5,76.7,331.5,0.757,0.92,392.9,139233,1,0.3205,24573.1,Normal,Normal
2023-06-09 08:00:00,Hot_Strip_Mill_03,Hot Strip Mill,10918.3,1733.0,Lubrication,3.689,90.0,978.9,187.8,69.0,101.5,80.4,459.4,0.796,0.909,493.6,104015,3,0.3308,25628.6,Normal,Normal
2023-06-09 13:00:00,Continuous_Caster_01,Continuous Caster,32645.8,125.0,Electrical Inspection,8.914,107.7,727.7,152.1,17.7,67.4,84.7,396.4,0.013,0.799,160.1,544650,4,0.978,1295.4,Thermal Degradation,Immediate Action
2023-06-09 14:00:00,Annealing_Furnace_03,Annealing Furnace,8771.6,1061.0,Lubrication,2.748,122.3,415.8,185.9,74.7,96.5,74.7,203.0,1.475,0.914,411.7,157625,1,0.2593,24858.0,Normal,Normal
2023-06-09 16:00:00,Hot_Strip_Mill_02,Hot Strip Mill,22524.4,400.0,Full Overhaul,5.803,96.9,1005.5,179.2,50.6,90.4,81.3,529.2,4.674,0.852,307.9,416128,4,0.6119,15990.4,Thermal Degradation,Normal
2023-06-09 16:00:00,Ladle_Crane_03,Ladle Crane,9702.0,1358.0,Bearing Replacement,2.603,38.8,339.3,184.5,82.5,108.2,74.5,163.4,1.561,0.946,431.7,147957,1,0.213,40011.9,Normal,Normal
2023-06-09 23:00:00,Pickling_Line_01,Pickling Line,17799.3,1567.0,Electrical Inspection,4.676,65.5,303.2,181.4,57.9,98.9,78.4,158.5,1.293,0.894,423.0,347513,2,0.4295,9946.7,Normal,Normal
2023-06-10 00:00:00,Hot_Strip_Mill_02,Hot Strip Mill,27541.6,956.0,Full Overhaul,7.417,109.7,1070.4,164.3,40.9,81.2,84.5,585.5,1.361,0.845,229.2,257379,4,0.789,10717.7,Lubrication Failure,Warning
2023-06-10 01:00:00,Ladle_Crane_01,Ladle Crane,30872.1,408.0,Electrical Inspection,8.377,67.0,379.7,152.7,18.6,74.4,86.3,209.5,4.593,0.794,196.5,361067,6,0.9229,19487.9,Bearing Failure,Normal
2023-06-10 01:00:00,Pickling_Line_01,Pickling Line,29370.5,1221.0,Electrical Inspection,6.74,68.9,329.3,165.2,33.4,84.8,80.9,175.2,7.961,0.839,257.0,340592,1,0.724,0.0,Thermal Degradation,Immediate Action
2023-06-10 05:00:00,Rolling_Mill_01,Rolling Mill,20418.1,281.0,Electrical Inspection,5.328,95.4,984.5,174.4,60.9,82.0,78.2,473.3,0.143,0.845,308.3,261058,4,0.553,19386.1,Lubrication Failure,Normal
2023-06-10 05:00:00,Pickling_Line_01,Pickling Line,8783.7,749.0,Alignment Check,2.609,59.6,305.5,192.7,77.5,103.6,75.6,162.4,1.225,0.935,450.3,149415,2,0.2124,18739.0,Normal,Normal
2023-06-10 05:00:00,Annealing_Furnace_02,Annealing Furnace,23177.0,1231.0,Lubrication,6.375,131.0,443.6,179.6,47.3,86.8,79.5,225.1,0.49,0.829,292.8,191043,4,0.6812,8984.9,Electrical Fault,Warning
2023-06-10 07:00:00,Pickling_Line_03,Pickling Line,24875.7,1887.0,Alignment Check,6.338,61.2,317.2,172.8,42.9,78.6,84.3,171.9,1.925,0.859,298.0,204187,4,0.6774,2504.8,Lubrication Failure,Critical
2023-06-10 09:00:00,Hot_Strip_Mill_03,Hot Strip Mill,15428.4,1268.0,Alignment Check,4.257,98.3,1001.7,187.4,61.2,97.1,80.4,508.2,1.421,0.885,430.9,157818,0,0.4104,24253.5,Normal,Normal
2023-06-10 09:00:00,Annealing_Furnace_03,Annealing Furnace,473.2,1328.0,Electrical Inspection,0.601,124.7,389.3,200.5,95.0,122.8,72.6,191.1,1.751,0.964,513.5,4564,0,0.0,30309.8,Normal,Normal
2023-06-10 14:00:00,Electric_Arc_Furnace_03,Electric Arc Furnace,10967.0,1471.0,Lubrication,3.431,118.4,1286.4,185.0,81.3,109.1,78.6,616.5,1.912,0.89,396.2,147941,1,0.3026,12583.8,Normal,Normal
2023-06-10 14:00:00,Hot_Strip_Mill_03,Hot Strip Mill,29529.8,1449.0,Bearing Replacement,7.55,105.9,1076.7,169.9,37.5,78.2,85.1,574.7,1.734,0.811,250.3,586755,4,0.8054,8390.8,Bearing Failure,Warning
2023-06-10 14:00:00,Electric_Arc_Furnace_02,Electric Arc Furnace,17186.6,340.0,Electrical Inspection,5.232,118.6,1328.0,177.0,56.0,96.8,79.2,714.3,0.971,0.871,339.5,190690,6,0.4917,9086.2,Normal,Normal
2023-06-10 16:00:00,Hydraulic_Press_02,Hydraulic Press,30525.7,486.0,Electrical Inspection,8.431,82.4,257.1,167.1,20.8,78.1,85.4,127.2,1.318,0.773,192.9,254827,8,0.8943,0.0,Lubrication Failure,Immediate Action
2023-06-10 21:00:00,Ladle_Crane_03,Ladle Crane,5540.2,1486.0,Lubrication,1.893,46.2,340.4,196.1,94.4,111.1,73.6,166.8,0.025,0.963,474.3,106183,1,0.158,45160.0,Normal,Normal
2023-06-10 21:00:00,Continuous_Caster_01,Continuous Caster,7304.9,1785.0,Full Overhaul,2.722,98.8,623.7,190.6,68.8,109.3,72.6,329.4,0.861,0.904,451.5,62568,3,0.2595,27622.9,Normal,Normal
2023-06-10 22:00:00,Annealing_Furnace_03,Annealing Furnace,24089.3,1029.0,Bearing Replacement,6.374,133.6,435.5,170.2,48.2,83.4,81.7,228.4,5.978,0.848,288.7,453549,2,0.6659,6799.3,Electrical Fault,Warning
2023-06-10 22:00:00,Rolling_Mill_03,Rolling Mill,12400.0,21.0,Lubrication,3.797,88.1,925.9,192.7,63.3,93.2,76.2,458.3,0.386,0.871,375.0,129004,2,0.3853,28963.8,Normal,Normal
2023-06-10 23:00:00,Cold_Rolling_Mill_02,Cold Rolling Mill,24984.3,1199.0,Seal Replacement,6.838,80.3,856.3,166.8,33.7,75.7,81.5,469.3,4.879,0.833,253.4,472376,4,0.7297,10076.2,Bearing Failure,Warning
2023-06-11 02:00:00,Hydraulic_Press_02,Hydraulic Press,5603.9,689.0,Seal Replacement,1.743,65.5,222.0,193.6,87.9,111.7,73.2,116.1,0.103,0.896,458.0,67066,0,0.1453,15115.3,Normal,Normal
2023-06-11 02:00:00,Ladle_Crane_03,Ladle Crane,8904.2,1101.0,Full Overhaul,3.013,47.6,348.8,195.5,80.3,106.8,77.4,173.0,0.222,0.896,412.4,122178,2,0.2888,40990.2,Normal,Normal
2023-06-11 03:00:00,Blast_Furnace_Blower_01,Blast Furnace Blower,5567.0,836.0,Electrical Inspection,1.546,75.9,467.4,195.8,89.5,110.8,71.7,237.6,0.017,0.919,484.2,92030,1,0.1189,23470.1,Normal,Normal
2023-06-11 03:00:00,Hydraulic_Press_02,Hydraulic Press,33356.6,1323.0,Bearing Replacement,9.484,88.6,277.7,159.7,19.8,65.5,84.4,129.9,7.737,0.764,153.6,564325,4,1.0,0.0,Bearing Failure,Immediate Action
2023-06-11 06:00:00,Ladle_Crane_02,Ladle Crane,14248.6,631.0,Alignment Check,3.758,51.3,356.0,186.7,71.6,98.4,73.9,175.4,4.767,0.904,371.5,119807,1,0.3683,37809.6,Normal,Normal
2023-06-11 07:00:00,Rolling_Mill_01,Rolling Mill,11869.0,754.0,Full Overhaul,2.837,95.1,942.1,185.9,81.3,103.3,76.9,471.0,0.802,0.917,406.4,97722,0,0.2721,27773.7,Normal,Normal
2023-06-11 09:00:00,Continuous_Caster_03,Continuous Caster,595.7,76.0,Electrical Inspection,0.593,93.7,601.1,199.5,100.0,115.5,73.4,301.4,0.118,0.928,521.9,7064,0,0.0,35425.3,Normal,Normal
2023-06-11 10:00:00,Electric_Arc_Furnace_03,Electric Arc Furnace,5454.3,283.0,Full Overhaul,2.208,107.5,1228.4,197.3,83.4,113.3,73.3,609.6,1.312,0.933,481.6,77117,0,0.1604,20596.1,Normal,Normal
2023-06-11 11:00:00,Cold_Rolling_Mill_01,Cold Rolling Mill,2490.7,5.0,Electrical Inspection,1.22,58.9,771.9,204.8,90.7,128.5,74.9,397.0,0.629,0.919,480.2,25334,0,0.0802,33268.2,Normal,Normal
2023-06-11 11:00:00,Electric_Arc_Furnace_03,Electric Arc Furnace,14797.6,763.0,Electrical Inspection,4.265,114.6,1266.6,188.9,70.8,100.6,77.0,663.3,2.394,0.899,372.3,273468,0,0.3946,10142.0,Normal,Normal
2023-06-11 12:00:00,Ladle_Crane_02,Ladle Crane,17924.8,27.0,Seal Replacement,4.837,56.7,361.8,178.0,62.6,95.4,78.6,180.0,5.993,0.9,340.5,223559,2,0.457,31467.7,Normal,Normal
2023-06-11 14:00:00,Annealing_Furnace_02,Annealing Furnace,15980.0,1262.0,Full Overhaul,4.727,127.8,436.3,187.4,64.9,93.7,80.0,213.3,0.866,0.86,332.9,211332,4,0.4809,16358.0,Normal,Normal
2023-06-11 16:00:00,Pickling_Line_02,Pickling Line,26874.2,893.0,Electrical Inspection,7.446,65.8,330.2,171.9,38.7,85.8,84.1,174.9,2.042,0.887,256.1,372274,2,0.777,2390.8,Lubrication Failure,Critical
2023-06-11 18:00:00,Annealing_Furnace_02,Annealing Furnace,23127.1,2.0,Alignment Check,6.256,127.0,448.2,179.9,45.2,86.8,79.6,225.9,0.226,0.889,278.6,380630,5,0.6379,7694.9,Electrical Fault,Warning
2023-06-11 19:00:00,Rolling_Mill_02,Rolling Mill,15663.6,506.0,Bearing Replacement,5.043,87.2,918.6,174.2,62.2,89.7,80.0,503.4,4.03,0.872,367.7,296336,3,0.4788,24599.4,Normal,Normal
2023-06-11 21:00:00,Electric_Arc_Furnace_02,Electric Arc Furnace,7940.7,1270.0,Bearing Replacement,3.031,125.7,1279.9,186.0,81.3,111.2,76.2,633.3,1.193,0.921,440.9,75825,2,0.2556,17191.3,Normal,Normal
2023-06-12 04:00:00,Rolling_Mill_02,Rolling Mill,25467.5,398.0,Full Overhaul,6.736,96.6,1019.6,171.9,44.6,81.4,81.8,525.3,3.383,0.84,277.9,347439,2,0.7322,12367.4,Lubrication Failure,Normal
2023-06-12 05:00:00,Hydraulic_Press_02,Hydraulic Press,24804.4,1572.0,Lubrication,7.121,81.8,253.6,173.4,45.5,88.8,82.6,123.5,0.439,0.834,259.6,491571,2,0.7531,0.0,Thermal Degradation,Immediate Action
2023-06-12 05:00:00,Continuous_Caster_01,Continuous Caster,5450.0,560.0,Alignment Check,2.35,94.4,646.4,189.4,92.1,114.1,72.4,320.7,0.698,0.907,426.5,82784,0,0.2112,28833.3,Normal,Normal
2023-06-12 07:00:00,Hot_Strip_Mill_02,Hot Strip Mill,32024.8,1884.0,Seal Replacement,8.994,112.4,1111.5,163.1,30.0,87.4,86.7,593.6,0.786,0.817,205.3,582311,3,0.8756,6846.2,Lubrication Failure,Warning
2023-06-12 08:00:00,Rolling_Mill_03,Rolling Mill,2347.7,1040.0,Alignment Check,1.64,84.0,879.1,189.7,84.6,111.0,74.2,403.7,1.633,0.931,460.1,43848,2,0.1237,38779.0,Normal,Normal
2023-06-12 11:00:00,Electric_Arc_Furnace_01,Electric Arc Furnace,2020.8,351.0,Seal Replacement,0.772,117.7,1248.5,197.0,100.0,119.3,72.5,612.9,1.071,0.935,503.8,17889,1,0.0128,21572.7,Normal,Normal
2023-06-12 13:00:00,Blast_Furnace_Blower_03,Blast Furnace Blower,6638.5,228.0,Bearing Replacement,2.506,87.5,475.0,189.0,75.1,104.7,75.6,237.2,0.083,0.909,436.4,91420,0,0.2282,23936.8,Normal,Normal
2023-06-12 16:00:00,Blast_Furnace_Blower_01,Blast Furnace Blower,31840.2,289.0,Seal Replacement,8.679,89.7,557.5,159.8,32.9,70.1,87.1,289.2,5.03,0.796,191.4,622232,6,0.9571,0.0,Bearing Failure,Immediate Action
2023-06-12 16:00:00,Electric_Arc_Furnace_03,Electric Arc Furnace,18247.9,1406.0,Full Overhaul,5.133,125.2,1410.7,175.0,56.2,93.6,76.7,683.8,2.289,0.908,325.9,178667,3,0.5126,7185.9,Normal,Warning
2023-06-12 18:00:00,Pickling_Line_02,Pickling Line,27599.1,313.0,Lubrication,7.384,78.2,311.5,178.2,42.1,70.2,89.3,173.2,0.421,0.86,233.1,283200,5,0.7859,529.2,Lubrication Failure,Immediate Action
2023-06-12 19:00:00,Hydraulic_Press_02,Hydraulic Press,8051.7,1878.0,Alignment Check,2.469,62.9,224.9,196.5,84.4,112.6,76.7,113.9,2.806,0.951,429.4,113309,3,0.2151,12518.5,Normal,Normal
2023-06-12 20:00:00,Hydraulic_Press_02,Hydraulic Press,17208.7,628.0,Full Overhaul,4.356,68.1,237.5,185.3,65.2,99.4,79.5,113.5,2.816,0.876,425.3,165170,2,0.4505,3494.2,Normal,Warning
2023-06-13 03:00:00,Ladle_Crane_02,Ladle Crane,12604.3,128.0,Bearing Replacement,3.689,43.2,342.2,192.6,65.8,116.5,80.6,179.3,4.078,0.899,438.1,230895,0,0.3282,34944.9,Normal,Normal
2023-06-13 05:00:00,Cold_Rolling_Mill_02,Cold Rolling Mill,28991.2,323.0,Seal Replacement,7.754,73.3,910.4,168.8,27.8,78.9,85.5,495.0,1.735,0.819,222.6,497297,3,0.8532,6956.2,Electrical Fault,Warning
2023-06-13 06:00:00,Rolling_Mill_02,Rolling Mill,888.9,680.0,Full Overhaul,1.263,82.3,864.1,208.4,92.6,107.9,76.9,429.6,0.252,0.905,511.0,16173,0,0.0682,38805.7,Normal,Normal
2023-06-13 10:00:00,Electric_Arc_Furnace_03,Electric Arc Furnace,8610.1,246.0,Lubrication,2.885,113.6,1265.9,186.2,78.5,111.2,79.9,630.3,3.129,0.877,439.5,110749,0,0.2453,15960.3,Normal,Normal
2023-06-13 11:00:00,Electric_Arc_Furnace_02,Electric Arc Furnace,5424.8,1695.0,Alignment Check,1.557,107.0,1229.1,184.4,92.1,113.8,76.3,614.0,0.58,0.913,501.2,85512,0,0.1045,19234.3,Normal,Normal
2023-06-13 11:00:00,Cold_Rolling_Mill_02,Cold Rolling Mill,30085.7,1916.0,Electrical Inspection,7.36,78.8,909.0,163.5,32.5,77.8,84.0,469.1,0.344,0.823,274.2,358765,1,0.8023,6116.0,Lubrication Failure,Warning
2023-06-13 12:00:00,Pickling_Line_01,Pickling Line,16417.3,1515.0,Seal Replacement,4.894,64.4,307.5,172.1,65.3,96.2,78.8,155.2,0.905,0.869,391.0,143782,2,0.4638,10493.6,Normal,Normal
2023-06-13 12:00:00,Ladle_Crane_02,Ladle Crane,14207.3,1232.0,Seal Replacement,3.844,54.3,350.3,178.7,69.2,106.3,77.0,181.9,1.044,0.918,384.3,245757,1,0.3795,36798.7,Normal,Normal
2023-06-13 15:00:00,Annealing_Furnace_03,Annealing Furnace,15786.9,1598.0,Electrical Inspection,4.882,134.3,413.1,176.5,62.5,96.3,81.3,234.0,3.654,0.88,388.2,310373,9,0.5104,15858.7,Normal,Normal
2023-06-13 16:00:00,Rolling_Mill_03,Rolling Mill,34020.2,309.0,Seal Replacement,8.703,104.8,1033.4,161.8,17.6,84.6,84.0,572.9,6.001,0.824,182.6,388899,5,0.9369,7029.4,Bearing Failure,Warning
2023-06-13 17:00:00,Hot_Strip_Mill_02,Hot Strip Mill,29774.3,755.0,Full Overhaul,7.991,106.7,1068.8,170.1,33.5,73.4,84.9,586.2,2.057,0.839,196.1,340963,7,0.8806,7518.9,Mechanical Wear,Warning
2023-06-13 20:00:00,Pickling_Line_03,Pickling Line,5864.5,351.0,Bearing Replacement,2.729,59.6,280.6,186.9,91.9,105.6,74.8,147.5,1.487,0.94,444.2,73357,1,0.1762,21619.4,Normal,Normal
2023-06-13 20:00:00,Ladle_Crane_03,Ladle Crane,10237.7,928.0,Alignment Check,3.282,54.2,332.3,190.3,76.9,106.8,74.1,180.9,0.618,0.921,414.9,134309,0,0.2783,38344.1,Normal,Normal
2023-06-13 20:00:00,Hydraulic_Press_03,Hydraulic Press,24752.3,426.0,Alignment Check,6.365,75.2,246.5,181.3,54.1,88.2,77.8,130.3,4.026,0.867,268.6,259366,4,0.6762,0.0,Mechanical Wear,Immediate Action
2023-06-13 21:00:00,Hydraulic_Press_01,Hydraulic Press,32258.0,1633.0,Seal Replacement,8.824,84.8,251.0,159.6,24.1,68.7,87.4,128.9,4.629,0.794,171.0,600596,3,0.9476,0.0,Thermal Degradation,Immediate Action
2023-06-13 21:00:00,Hydraulic_Press_02,Hydraulic Press,14865.3,1601.0,Bearing Replacement,4.363,71.5,226.9,180.7,62.2,102.0,80.7,123.2,1.508,0.89,354.1,259895,1,0.4459,5395.5,Normal,Warning
2023-06-13 23:00:00,Cold_Rolling_Mill_03,Cold Rolling Mill,9828.6,736.0,Bearing Replacement,2.724,66.3,820.6,187.8,80.8,105.9,75.9,381.2,0.29,0.948,428.9,182484,1,0.2528,27302.3,Normal,Normal
2023-06-14 00:00:00,Electric_Arc_Furnace_03,Electric Arc Furnace,16535.1,1446.0,Alignment Check,4.836,116.4,1398.5,174.2,69.7,99.2,78.1,672.6,0.899,0.914,401.7,314725,1,0.4774,8755.8,Normal,Normal
2023-06-14 03:00:00,Hot_Strip_Mill_01,Hot Strip Mill,32132.9,851.0,Full Overhaul,8.301,109.2,1093.2,170.4,35.5,74.8,84.3,581.0,3.93,0.824,204.6,518974,6,0.8993,5778.9,Lubrication Failure,Warning
2023-06-14 04:00:00,Continuous_Caster_02,Continuous Caster,13608.6,570.0,Alignment Check,3.255,100.3,620.7,179.6,67.0,100.3,75.5,318.3,2.895,0.907,418.7,213928,0,0.3173,21902.6,Normal,Normal
2023-06-14 09:00:00,Annealing_Furnace_03,Annealing Furnace,19736.2,551.0,Electrical Inspection,5.855,134.4,431.2,174.3,48.8,87.7,84.7,237.5,6.189,0.855,321.6,268287,4,0.5753,12228.9,Electrical Fault,Normal
2023-06-14 11:00:00,Cold_Rolling_Mill_02,Cold Rolling Mill,28123.5,981.0,Alignment Check,7.934,72.0,943.7,166.0,30.2,70.8,84.1,466.2,2.651,0.796,206.4,252972,3,0.8667,7907.3,Bearing Failure,Warning
2023-06-14 13:00:00,Continuous_Caster_03,Continuous Caster,15006.9,25.0,Seal Replacement,4.917,105.3,680.0,180.6,56.0,99.7,80.4,330.6,2.13,0.861,327.1,200422,2,0.506,19671.1,Normal,Normal
2023-06-14 15:00:00,Cold_Rolling_Mill_01,Cold Rolling Mill,8250.6,1422.0,Lubrication,2.658,67.8,764.3,187.9,81.8,105.8,75.3,407.7,2.822,0.951,418.6,101902,0,0.2516,28652.9,Normal,Normal
2023-06-14 20:00:00,Annealing_Furnace_01,Annealing Furnace,34808.9,779.0,Seal Replacement,9.363,140.3,495.8,161.5,19.3,65.3,88.2,241.3,3.211,0.782,191.8,436543,4,1.0,0.0,Electrical Fault,Immediate Action
2023-06-14 21:00:00,Continuous_Caster_02,Continuous Caster,33484.3,279.0,Full Overhaul,7.615,105.8,717.4,161.7,31.7,75.8,82.4,369.3,2.688,0.806,214.4,469355,4,0.8257,0.0,Mechanical Wear,Immediate Action
2023-06-14 21:00:00,Rolling_Mill_03,Rolling Mill,29537.4,1270.0,Full Overhaul,8.912,101.6,1044.7,160.3,31.5,63.2,85.6,559.0,4.605,0.762,159.0,423199,2,0.9803,11695.2,Electrical Fault,Warning
2023-06-14 23:00:00,Annealing_Furnace_03,Annealing Furnace,24124.2,1508.0,Electrical Inspection,7.075,140.3,465.6,163.1,43.0,84.3,84.3,239.3,2.21,0.819,272.1,255524,1,0.7608,7687.1,Lubrication Failure,Warning
2023-06-14 23:00:00,Rolling_Mill_01,Rolling Mill,10390.8,235.0,Bearing Replacement,3.968,91.4,928.2,182.2,76.8,105.3,75.7,477.2,1.556,0.934,398.7,117393,2,0.3348,30709.9,Normal,Normal
2023-06-15 00:00:00,Annealing_Furnace_02,Annealing Furnace,31978.1,206.0,Lubrication,8.516,135.1,481.8,168.2,22.6,78.0,87.1,241.6,0.609,0.825,201.9,333798,4,0.9173,0.0,Bearing Failure,Immediate Action
2023-06-15 01:00:00,Hydraulic_Press_01,Hydraulic Press,9716.9,776.0,Seal Replacement,1.963,73.3,217.9,192.2,86.5,109.5,75.5,104.5,1.519,0.95,476.8,163601,2,0.1661,11287.6,Normal,Normal
2023-06-15 02:00:00,Continuous_Caster_03,Continuous Caster,28048.3,1298.0,Lubrication,7.836,117.4,720.2,166.6,34.5,76.4,84.2,379.2,5.646,0.85,224.6,548977,5,0.8105,6808.4,Thermal Degradation,Warning
2023-06-15 06:00:00,Electric_Arc_Furnace_03,Electric Arc Furnace,32147.2,1162.0,Bearing Replacement,8.391,123.7,1458.9,160.7,26.9,74.6,85.4,767.9,3.768,0.843,205.7,351590,6,0.9201,0.0,Electrical Fault,Immediate Action
2023-06-15 08:00:00,Rolling_Mill_02,Rolling Mill,21144.8,1950.0,Bearing Replacement,5.196,93.7,967.3,175.3,55.1,92.4,79.6,495.1,0.403,0.877,333.2,388302,3,0.5337,18318.6,Normal,Normal
2023-06-15 08:00:00,Hydraulic_Press_02,Hydraulic Press,28126.7,877.0,Lubrication,7.773,80.1,253.1,167.1,38.5,72.8,86.0,128.3,3.191,0.811,211.4,471484,4,0.826,0.0,Electrical Fault,Immediate Action
2023-06-15 09:00:00,Rolling_Mill_03,Rolling Mill,27730.2,699.0,Full Overhaul,8.023,104.2,1013.5,177.0,38.3,83.7,85.8,537.9,7.598,0.852,226.5,323733,2,0.8541,10180.7,Lubrication Failure,Warning
2023-06-15 09:00:00,Hot_Strip_Mill_02,Hot Strip Mill,6841.2,1519.0,Bearing Replacement,2.328,93.5,902.2,184.4,86.8,107.1,78.3,468.1,0.044,0.956,434.1,97822,1,0.2125,32054.5,Normal,Normal
2023-06-15 10:00:00,Annealing_Furnace_01,Annealing Furnace,23410.6,1913.0,Alignment Check,6.873,134.2,450.6,167.7,44.6,93.1,79.8,231.0,2.221,0.85,264.7,358643,8,0.6857,8969.0,Bearing Failure,Warning
2023-06-15 10:00:00,Pickling_Line_03,Pickling Line,3362.0,1785.0,Seal Replacement,1.683,56.7,290.8,190.6,88.7,107.4,70.9,134.9,0.976,0.933,524.3,58019,0,0.1161,24716.7,Normal,Normal
2023-06-15 16:00:00,Ladle_Crane_03,Ladle Crane,17824.0,824.0,Lubrication,6.052,63.7,356.9,169.1,66.0,100.4,78.7,193.8,3.354,0.857,356.8,259023,5,0.4931,30468.1,Normal,Normal
2023-06-15 17:00:00,Hot_Strip_Mill_03,Hot Strip Mill,5762.0,1263.0,Bearing Replacement,2.601,96.3,971.1,191.3,85.4,109.8,74.6,481.1,0.136,0.917,429.6,91436,3,0.2025,33851.6,Normal,Normal
2023-06-15 21:00:00,Hot_Strip_Mill_01,Hot Strip Mill,34552.2,701.0,Full Overhaul,8.616,110.9,1113.5,165.3,20.3,69.1,86.9,601.4,9.165,0.795,176.5,301332,2,0.9494,3444.4,Lubrication Failure,Critical
2023-06-15 21:00:00,Electric_Arc_Furnace_03,Electric Arc Furnace,14630.6,286.0,Full Overhaul,6.171,118.7,1353.6,179.1,63.2,96.0,79.3,679.4,4.572,0.852,355.6,173317,1,0.4942,10448.8,Normal,Normal
2023-06-15 21:00:00,Ladle_Crane_03,Ladle Crane,29171.1,1429.0,Lubrication,7.783,60.6,391.0,163.4,34.7,92.1,87.6,197.9,6.338,0.826,245.6,276530,1,0.8355,21883.3,Bearing Failure,Normal
2023-06-15 22:00:00,Annealing_Furnace_03,Annealing Furnace,11196.8,445.0,Seal Replacement,3.02,121.2,385.7,187.7,87.8,110.5,76.2,196.7,3.279,0.927,420.2,128784,0,0.2506,19757.4,Normal,Normal
2023-06-16 01:00:00,Blast_Furnace_Blower_02,Blast Furnace Blower,18665.3,271.0,Electrical Inspection,5.697,87.2,530.4,176.8,67.6,97.5,79.3,257.5,2.643,0.846,315.6,298892,2,0.5583,12227.9,Thermal Degradation,Normal
2023-06-16 01:00:00,Hydraulic_Press_01,Hydraulic Press,17944.3,516.0,Lubrication,5.694,76.5,240.9,179.1,54.4,97.2,79.9,117.2,4.394,0.861,322.4,162742,4,0.5434,2326.2,Normal,Critical
2023-06-16 01:00:00,Electric_Arc_Furnace_02,Electric Arc Furnace,33408.6,1021.0,Seal Replacement,8.876,126.0,1444.1,159.3,22.0,71.1,86.9,778.3,4.524,0.794,169.1,563485,7,0.9727,0.0,Bearing Failure,Immediate Action
2023-06-16 04:00:00,Annealing_Furnace_01,Annealing Furnace,16802.6,1791.0,Full Overhaul,4.695,120.1,419.3,189.8,60.6,94.5,78.7,221.0,3.108,0.827,350.2,216533,4,0.4683,15613.8,Normal,Normal
2023-06-16 06:00:00,Hot_Strip_Mill_02,Hot Strip Mill,24498.8,522.0,Full Overhaul,7.152,97.3,1076.1,169.5,39.6,85.4,83.0,550.4,2.868,0.828,322.1,333609,4,0.7138,14433.2,Lubrication Failure,Normal
2023-06-16 08:00:00,Cold_Rolling_Mill_03,Cold Rolling Mill,13130.9,1560.0,Lubrication,3.395,70.4,820.1,186.0,69.9,107.2,78.9,429.2,1.42,0.868,462.1,214919,0,0.3396,21020.9,Normal,Normal
2023-06-16 08:00:00,Hydraulic_Press_02,Hydraulic Press,32270.4,112.0,Full Overhaul,8.71,82.0,266.5,167.4,31.4,80.0,86.3,135.2,1.34,0.798,187.3,340656,5,0.8952,0.0,Bearing Failure,Immediate Action
2023-06-16 10:00:00,Blast_Furnace_Blower_02,Blast Furnace Blower,31584.1,1562.0,Seal Replacement,8.08,90.3,555.9,165.8,27.0,74.8,86.6,281.3,2.12,0.836,239.5,620494,3,0.8526,0.0,Bearing Failure,Immediate Action
2023-06-16 14:00:00,Electric_Arc_Furnace_03,Electric Arc Furnace,32119.2,134.0,Full Overhaul,8.158,130.8,1519.8,169.6,32.8,75.5,85.8,735.2,4.52,0.77,228.0,411543,3,0.8684,0.0,Thermal Degradation,Immediate Action
2023-06-16 14:00:00,Annealing_Furnace_03,Annealing Furnace,32580.1,365.0,Full Overhaul,8.664,137.7,489.2,160.1,19.0,72.1,88.9,237.6,3.68,0.753,176.9,305819,9,0.9574,0.0,Mechanical Wear,Immediate Action
2023-06-16 18:00:00,Electric_Arc_Furnace_02,Electric Arc Furnace,9538.6,320.0,Electrical Inspection,3.5,111.0,1287.2,189.4,76.2,109.5,76.5,627.7,4.095,0.916,410.9,78270,1,0.2591,14675.0,Normal,Normal
2023-06-16 21:00:00,Hot_Strip_Mill_03,Hot Strip Mill,14072.4,923.0,Seal Replacement,3.805,92.2,1000.6,186.5,67.2,104.1,76.0,520.6,0.266,0.899,390.5,258848,1,0.368,24351.8,Normal,Normal
2023-06-16 21:00:00,Cold_Rolling_Mill_02,Cold Rolling Mill,30476.8,499.0,Alignment Check,7.659,72.3,878.5,164.9,38.1,78.7,80.8,476.4,6.055,0.82,264.0,501763,3,0.8027,4357.9,Mechanical Wear,Critical
2023-06-16 22:00:00,Rolling_Mill_03,Rolling Mill,21048.8,1235.0,Electrical Inspection,6.108,97.9,999.5,181.3,38.3,84.5,80.7,512.8,0.598,0.865,272.2,267574,0,0.6549,19973.9,Thermal Degradation,Normal
2023-06-16 22:00:00,Blast_Furnace_Blower_01,Blast Furnace Blower,12634.7,1495.0,Seal Replacement,4.497,83.5,493.7,186.7,68.8,106.3,80.7,229.2,3.897,0.901,373.0,229405,0,0.3945,16934.0,Normal,Normal
2023-06-17 00:00:00,Hydraulic_Press_02,Hydraulic Press,4220.1,1356.0,Full Overhaul,1.671,65.4,211.0,193.0,95.9,122.6,74.9,109.3,0.248,0.958,475.8,65831,0,0.0694,14871.4,Normal,Normal
2023-06-17 01:00:00,Cold_Rolling_Mill_03,Cold Rolling Mill,14478.6,998.0,Alignment Check,4.169,71.8,817.9,180.1,78.3,106.9,75.7,410.2,1.997,0.899,390.2,172929,0,0.367,19781.5,Normal,Normal
2023-06-17 01:00:00,Ladle_Crane_03,Ladle Crane,2064.0,756.0,Bearing Replacement,1.335,45.2,311.5,194.7,91.7,119.1,75.8,157.9,1.768,0.917,484.1,26118,0,0.0527,45883.6,Normal,Normal
2023-06-17 03:00:00,Pickling_Line_03,Pickling Line,20304.2,1358.0,Full Overhaul,5.576,74.0,305.3,186.1,43.8,97.9,78.9,158.6,2.734,0.857,393.4,306266,0,0.573,6972.4,Bearing Failure,Warning
2023-06-17 08:00:00,Hydraulic_Press_01,Hydraulic Press,13805.2,1055.0,Bearing Replacement,4.121,70.5,241.8,186.0,67.9,95.0,80.2,113.2,3.584,0.898,376.2,146633,1,0.4248,6244.4,Normal,Normal
2023-06-17 08:00:00,Annealing_Furnace_02,Annealing Furnace,20263.0,151.0,Alignment Check,6.442,132.4,442.0,167.2,51.1,82.0,82.8,223.7,0.676,0.883,272.5,339360,3,0.6599,11143.0,Electrical Fault,Normal
2023-06-17 09:00:00,Rolling_Mill_03,Rolling Mill,18076.4,725.0,Full Overhaul,4.841,90.0,982.1,172.8,54.4,103.7,78.9,515.4,2.851,0.877,366.8,282073,1,0.4941,23727.6,Normal,Normal
2023-06-17 10:00:00,Cold_Rolling_Mill_02,Cold Rolling Mill,24031.2,1942.0,Seal Replacement,6.788,74.4,865.5,174.3,40.9,92.2,83.4,446.0,5.272,0.848,269.0,309466,4,0.7216,12460.6,Electrical Fault,Normal
2023-06-17 14:00:00,Electric_Arc_Furnace_02,Electric Arc Furnace,22768.7,1003.0,Alignment Check,6.512,122.5,1387.9,184.2,45.5,87.4,83.8,717.9,4.005,0.852,266.8,260093,5,0.6868,2217.2,Bearing Failure,Critical
2023-06-17 15:00:00,Electric_Arc_Furnace_03,Electric Arc Furnace,14906.2,821.0,Seal Replacement,4.26,119.2,1346.7,183.0,65.8,99.2,80.0,653.7,0.485,0.869,367.5,183599,0,0.4183,11044.4,Normal,Normal
2023-06-17 17:00:00,Electric_Arc_Furnace_02,Electric Arc Furnace,18012.0,853.0,Lubrication,5.509,119.9,1331.2,176.8,61.0,90.8,82.4,719.0,2.213,0.887,373.5,147538,5,0.5364,6810.8,Normal,Warning
2023-06-17 17:00:00,Hydraulic_Press_03,Hydraulic Press,5013.2,1327.0,Lubrication,1.967,62.7,217.8,186.7,90.6,112.2,72.6,108.2,0.562,0.936,496.6,61841,2,0.1268,15506.8,Normal,Normal
2023-06-17 17:00:00,Annealing_Furnace_01,Annealing Furnace,14932.3,1779.0,Bearing Replacement,4.945,133.2,443.1,173.2,63.7,88.4,82.2,202.8,2.718,0.868,340.7,175264,2,0.4846,15790.1,Normal,Normal
2023-06-17 19:00:00,Blast_Furnace_Blower_01,Blast Furnace Blower,20592.6,1190.0,Full Overhaul,5.591,85.1,524.8,170.6,56.9,95.9,84.3,266.4,0.008,0.894,306.8,248844,5,0.5597,8997.7,Lubrication Failure,Warning
2023-06-18 04:00:00,Hot_Strip_Mill_02,Hot Strip Mill,16729.5,674.0,Electrical Inspection,5.277,100.7,984.6,178.5,60.2,96.9,80.6,508.7,1.271,0.913,326.6,242406,2,0.5046,21967.1,Normal,Normal
2023-06-18 07:00:00,Hydraulic_Press_03,Hydraulic Press,11467.2,1607.0,Full Overhaul,3.507,77.6,236.5,188.6,70.7,111.2,80.3,118.2,0.648,0.895,379.5,158119,5,0.3492,8285.3,Normal,Normal
2023-06-18 09:00:00,Ladle_Crane_03,Ladle Crane,25285.5,1433.0,Bearing Replacement,7.689,58.0,392.7,170.1,38.7,70.8,83.4,194.9,4.926,0.834,235.9,245124,7,0.7818,24987.3,Thermal Degradation,Normal
2023-06-18 10:00:00,Cold_Rolling_Mill_02,Cold Rolling Mill,2705.7,435.0,Bearing Replacement,2.084,65.8,764.6,195.4,95.2,114.6,74.9,374.0,1.194,0.914,511.7,52391,1,0.1691,33186.4,Normal,Normal
2023-06-18 10:00:00,Continuous_Caster_01,Continuous Caster,32014.0,615.0,Seal Replacement,8.89,120.9,741.8,162.8,22.7,68.9,87.5,360.6,1.617,0.809,251.2,326962,3,0.9605,3307.8,Thermal Degradation,Critical
2023-06-18 10:00:00,Blast_Furnace_Blower_03,Blast Furnace Blower,820.5,6.0,Full Overhaul,1.155,72.8,449.5,201.4,89.1,117.0,73.2,226.8,0.202,0.936,498.2,12253,0,0.057,28723.2,Normal,Normal
2023-06-18 15:00:00,Continuous_Caster_03,Continuous Caster,33686.0,1582.0,Electrical Inspection,8.709,114.4,748.3,161.0,30.0,77.9,84.8,412.6,4.999,0.819,182.4,419595,3,0.9429,2287.1,Mechanical Wear,Critical
2023-06-18 18:00:00,Hot_Strip_Mill_01,Hot Strip Mill,16236.2,181.0,Full Overhaul,3.581,97.6,991.6,186.5,82.3,101.4,75.1,475.9,4.84,0.884,384.5,261076,2,0.3506,19433.4,Normal,Normal
2023-06-18 19:00:00,Annealing_Furnace_01,Annealing Furnace,14502.2,1145.0,Full Overhaul,4.63,124.4,406.0,187.3,64.5,112.2,81.2,211.6,1.118,0.828,332.3,191847,2,0.4793,18113.1,Normal,Normal
2023-06-18 20:00:00,Hydraulic_Press_01,Hydraulic Press,9049.9,1693.0,Full Overhaul,3.52,74.3,231.7,189.9,81.7,100.6,79.1,119.9,3.995,0.862,383.1,76852,2,0.3514,9815.4,Normal,Normal
2023-06-18 21:00:00,Pickling_Line_01,Pickling Line,451.5,1932.0,Lubrication,0.923,60.1,281.2,192.6,98.4,116.5,69.1,135.4,0.866,0.925,493.2,7045,0,0.0285,26915.6,Normal,Normal
2023-06-18 22:00:00,Pickling_Line_01,Pickling Line,9690.2,638.0,Electrical Inspection,2.466,56.9,285.6,186.9,96.6,99.8,76.8,150.4,0.607,0.948,420.7,185161,2,0.2266,18748.6,Normal,Normal
2023-06-18 23:00:00,Cold_Rolling_Mill_03,Cold Rolling Mill,3918.1,367.0,Full Overhaul,2.121,62.5,797.6,186.4,78.2,112.9,75.5,381.0,3.25,0.943,482.0,72226,2,0.1808,29907.2,Normal,Normal
2023-06-19 00:00:00,Cold_Rolling_Mill_03,Cold Rolling Mill,23127.7,1974.0,Lubrication,6.629,67.3,919.9,170.3,42.0,84.6,81.7,432.7,0.117,0.844,251.1,276134,2,0.716,13052.1,Bearing Failure,Normal
2023-06-19 03:00:00,Rolling_Mill_02,Rolling Mill,11235.7,373.0,Full Overhaul,2.397,93.6,899.4,174.8,85.5,101.8,76.0,431.7,1.337,0.919,448.0,133723,3,0.2192,27118.7,Normal,Normal
2023-06-19 04:00:00,Pickling_Line_03,Pickling Line,26874.6,301.0,Electrical Inspection,7.729,74.0,346.0,172.0,34.2,79.1,81.7,172.7,1.65,0.816,280.5,404502,3,0.7749,311.4,Lubrication Failure,Immediate Action
2023-06-19 07:00:00,Blast_Furnace_Blower_02,Blast Furnace Blower,7321.4,1850.0,Seal Replacement,2.718,75.6,486.0,186.4,88.2,112.3,74.5,256.5,3.743,0.904,425.3,75850,0,0.2213,21765.1,Normal,Normal
2023-06-19 09:00:00,Ladle_Crane_02,Ladle Crane,31518.2,1872.0,Lubrication,8.245,58.0,393.6,158.3,37.1,73.0,82.7,198.3,1.476,0.823,218.4,489550,4,0.8203,16466.8,Bearing Failure,Normal
2023-06-19 10:00:00,Electric_Arc_Furnace_01,Electric Arc Furnace,18352.1,958.0,Bearing Replacement,4.808,117.8,1357.9,191.9,61.3,92.6,80.8,706.3,2.795,0.86,340.7,323254,3,0.4704,5350.7,Normal,Warning
2023-06-19 11:00:00,Hot_Strip_Mill_02,Hot Strip Mill,4096.3,1281.0,Bearing Replacement,2.516,98.6,932.6,189.5,88.4,112.5,73.9,458.0,0.555,0.967,441.7,42774,0,0.1716,36264.9,Normal,Normal
2023-06-19 12:00:00,Blast_Furnace_Blower_02,Blast Furnace Blower,14089.5,836.0,Lubrication,4.194,82.8,485.7,175.1,68.5,102.6,77.1,252.3,4.824,0.92,406.0,274676,1,0.406,15746.3,Normal,Normal
2023-06-19 14:00:00,Cold_Rolling_Mill_03,Cold Rolling Mill,7315.9,1854.0,Bearing Replacement,2.059,63.8,849.5,190.7,90.3,118.5,73.0,373.1,2.147,0.96,481.3,102706,0,0.1615,27347.6,Normal,Normal
2023-06-19 15:00:00,Hot_Strip_Mill_03,Hot Strip Mill,7069.0,1671.0,Bearing Replacement,2.158,94.0,942.6,201.1,85.4,127.8,76.0,468.3,3.418,0.909,450.6,75018,0,0.1685,30290.2,Normal,Normal
2023-06-19 20:00:00,Hydraulic_Press_03,Hydraulic Press,17772.3,1028.0,Bearing Replacement,4.421,79.4,234.5,165.4,53.1,96.6,80.0,116.9,2.158,0.886,372.6,156449,1,0.4477,2249.7,Normal,Critical
2023-06-19 20:00:00,Hot_Strip_Mill_03,Hot Strip Mill,23549.0,892.0,Electrical Inspection,6.573,102.0,1081.6,177.9,50.2,76.9,81.4,562.6,5.878,0.886,277.4,269355,2,0.6766,14019.3,Electrical Fault,Normal
2023-06-19 20:00:00,Electric_Arc_Furnace_02,Electric Arc Furnace,31915.5,1374.0,Alignment Check,9.253,128.4,1416.7,153.2,23.7,64.0,87.1,764.4,8.135,0.78,190.4,436646,7,0.9495,0.0,Bearing Failure,Immediate Action
2023-06-19 22:00:00,Continuous_Caster_03,Continuous Caster,33807.8,163.0,Seal Replacement,8.613,118.3,764.1,157.1,23.5,72.5,84.3,398.2,7.026,0.794,203.5,353405,8,0.9325,2437.2,Mechanical Wear,Critical
2023-06-19 22:00:00,Electric_Arc_Furnace_03,Electric Arc Furnace,17625.5,1329.0,Bearing Replacement,5.738,125.9,1389.5,179.8,51.1,107.4,74.6,699.6,1.503,0.87,326.5,242220,3,0.5624,6700.1,Lubrication Failure,Warning
2023-06-20 02:00:00,Ladle_Crane_02,Ladle Crane,32963.1,558.0,Electrical Inspection,9.278,59.3,406.6,163.2,25.1,82.1,88.3,208.6,0.799,0.813,222.4,365853,6,0.9241,14932.9,Electrical Fault,Warning
2023-06-20 03:00:00,Electric_Arc_Furnace_01,Electric Arc Furnace,30290.7,877.0,Lubrication,9.338,120.0,1487.8,161.9,21.3,79.4,84.9,777.3,9.141,0.855,219.4,488881,2,0.8905,0.0,Lubrication Failure,Immediate Action
2023-06-20 05:00:00,Annealing_Furnace_01,Annealing Furnace,17549.2,1122.0,Full Overhaul,5.371,131.0,420.7,179.6,51.6,85.7,78.0,210.4,3.177,0.887,332.4,303563,3,0.549,14078.4,Normal,Normal
2023-06-20 06:00:00,Rolling_Mill_01,Rolling Mill,5017.5,383.0,Alignment Check,2.476,90.8,907.3,196.4,86.5,108.2,78.0,467.4,3.371,0.925,462.8,46629,2,0.1619,32664.4,Normal,Normal
2023-06-20 06:00:00,Hydraulic_Press_01,Hydraulic Press,7704.9,640.0,Lubrication,2.911,71.9,217.9,191.2,76.5,117.2,73.0,120.0,0.882,0.914,405.5,123208,0,0.2835,11749.3,Normal,Normal
2023-06-20 06:00:00,Continuous_Caster_03,Continuous Caster,22703.7,1009.0,Electrical Inspection,6.807,107.3,738.1,166.8,36.2,79.7,80.6,378.5,2.372,0.778,247.8,431277,6,0.7395,10981.8,Thermal Degradation,Normal
2023-06-20 06:00:00,Blast_Furnace_Blower_03,Blast Furnace Blower,14819.2,1802.0,Bearing Replacement,3.413,89.3,499.0,187.7,66.2,104.8,75.4,254.3,2.183,0.893,381.9,124815,3,0.3419,14061.9,Normal,Normal
2023-06-20 15:00:00,Blast_Furnace_Blower_02,Blast Furnace Blower,5223.4,776.0,Full Overhaul,2.859,75.2,470.2,195.6,77.7,108.8,73.9,244.1,1.566,0.908,427.1,80215,2,0.2252,24839.2,Normal,Normal
2023-06-20 23:00:00,Ladle_Crane_02,Ladle Crane,16816.9,589.0,Full Overhaul,5.161,50.5,374.0,177.0,57.9,81.3,82.9,195.9,0.891,0.863,324.8,252117,3,0.5454,33568.7,Normal,Normal
2023-06-21 04:00:00,Cold_Rolling_Mill_01,Cold Rolling Mill,25712.9,463.0,Full Overhaul,6.99,73.5,894.3,164.0,43.7,75.2,88.0,475.1,3.408,0.84,237.5,460188,2,0.7578,10185.1,Bearing Failure,Warning
2023-06-21 04:00:00,Pickling_Line_01,Pickling Line,708.3,1706.0,Alignment Check,0.505,59.6,278.7,200.8,96.8,130.0,71.6,140.1,0.463,0.938,550.0,7670,0,0.0,26614.7,Normal,Normal
2023-06-21 05:00:00,Pickling_Line_03,Pickling Line,2668.0,1209.0,Alignment Check,1.528,64.0,293.6,197.1,97.2,114.6,69.7,148.8,0.361,0.929,473.9,21553,0,0.108,24613.2,Normal,Normal
2023-06-21 05:00:00,Blast_Furnace_Blower_03,Blast Furnace Blower,22056.1,827.0,Alignment Check,5.581,85.5,514.1,173.8,62.7,86.4,82.6,267.6,2.013,0.863,326.3,422366,7,0.5757,8304.7,Bearing Failure,Warning
2023-06-21 13:00:00,Hot_Strip_Mill_02,Hot Strip Mill,27776.1,1814.0,Electrical Inspection,7.24,104.3,1071.9,167.3,39.9,85.5,83.1,575.8,1.107,0.834,254.9,421564,3,0.7905,8539.4,Bearing Failure,Warning
2023-06-21 13:00:00,Ladle_Crane_03,Ladle Crane,4729.3,1373.0,Lubrication,1.922,49.8,325.4,194.2,90.7,113.6,73.4,167.6,0.785,0.935,454.2,65698,2,0.1429,45518.6,Normal,Normal
2023-06-21 16:00:00,Annealing_Furnace_01,Annealing Furnace,18200.5,1775.0,Seal Replacement,4.547,132.7,435.0,182.3,69.6,104.1,78.1,223.6,0.064,0.865,340.8,307253,0,0.466,14030.9,Normal,Normal
2023-06-22 03:00:00,Electric_Arc_Furnace_02,Electric Arc Furnace,27289.5,1321.0,Full Overhaul,7.08,133.9,1430.4,167.4,32.9,92.9,82.9,757.1,0.662,0.817,251.9,526860,2,0.7628,0.0,Bearing Failure,Immediate Action
2023-06-22 03:00:00,Electric_Arc_Furnace_03,Electric Arc Furnace,9196.1,1124.0,Lubrication,3.846,120.1,1337.6,195.0,76.5,108.9,78.8,654.8,0.078,0.904,432.6,164263,2,0.3328,14488.1,Normal,Normal
2023-06-22 05:00:00,Pickling_Line_01,Pickling Line,11855.0,1225.0,Seal Replacement,3.097,58.4,291.7,180.7,77.3,102.7,76.3,143.2,0.081,0.894,410.5,112772,1,0.2835,16780.6,Normal,Normal
2023-06-22 05:00:00,Hot_Strip_Mill_01,Hot Strip Mill,5785.8,834.0,Lubrication,3.922,99.3,940.7,185.2,84.8,110.1,74.4,493.4,0.523,0.872,445.3,85706,1,0.2495,35241.8,Normal,Normal
2023-06-22 06:00:00,Pickling_Line_01,Pickling Line,19459.0,1574.0,Seal Replacement,4.21,67.3,318.8,176.7,70.3,96.6,80.5,161.4,0.995,0.891,373.5,244562,3,0.4227,10075.9,Normal,Normal
2023-06-22 06:00:00,Hydraulic_Press_01,Hydraulic Press,20177.3,863.0,Electrical Inspection,6.73,80.3,236.8,169.3,47.3,92.4,77.4,114.4,2.329,0.843,282.5,372813,3,0.6384,365.9,Electrical Fault,Immediate Action
2023-06-22 07:00:00,Cold_Rolling_Mill_02,Cold Rolling Mill,4667.6,1277.0,Seal Replacement,2.616,62.2,779.7,191.0,82.2,108.9,79.5,420.1,0.342,0.921,434.2,85017,2,0.2245,30313.4,Normal,Normal
2023-06-22 08:00:00,Rolling_Mill_01,Rolling Mill,16069.2,887.0,Seal Replacement,5.168,89.6,971.9,188.9,61.6,102.7,82.0,464.7,0.398,0.874,339.3,209488,6,0.503,24720.3,Normal,Normal
2023-06-22 08:00:00,Ladle_Crane_01,Ladle Crane,9463.0,192.0,Full Overhaul,2.836,46.5,357.8,191.7,81.2,115.1,76.8,170.9,0.697,0.929,430.7,129430,1,0.256,39538.5,Normal,Normal
2023-06-22 09:00:00,Blast_Furnace_Blower_02,Blast Furnace Blower,29486.6,1123.0,Lubrication,7.268,88.7,543.7,167.1,30.0,82.4,84.6,289.2,3.508,0.836,234.3,478022,6,0.7883,434.0,Lubrication Failure,Immediate Action
2023-06-22 10:00:00,Hot_Strip_Mill_03,Hot Strip Mill,11043.8,130.0,Seal Replacement,3.763,96.1,949.4,182.6,69.7,98.7,77.7,506.1,0.276,0.91,379.4,146570,1,0.3464,25617.1,Normal,Normal
2023-06-22 13:00:00,Hydraulic_Press_01,Hydraulic Press,29370.8,1194.0,Bearing Replacement,8.409,85.8,251.1,170.1,28.9,74.5,84.2,130.6,10.63,0.843,240.5,266506,7,0.8919,0.0,Thermal Degradation,Immediate Action
2023-06-22 15:00:00,Rolling_Mill_01,Rolling Mill,15056.9,1679.0,Electrical Inspection,4.061,96.7,934.3,178.6,70.2,104.9,79.7,469.4,0.826,0.881,423.6,252270,2,0.3972,26019.5,Normal,Normal
2023-06-22 16:00:00,Rolling_Mill_02,Rolling Mill,25457.8,311.0,Seal Replacement,6.894,106.8,1023.8,162.4,44.1,77.1,82.8,533.9,7.255,0.842,263.8,402228,4,0.7411,15067.7,Electrical Fault,Normal
2023-06-22 16:00:00,Rolling_Mill_01,Rolling Mill,17901.1,1193.0,Seal Replacement,5.197,96.5,929.9,175.9,60.9,100.7,77.4,473.6,1.831,0.863,334.8,185885,1,0.4897,23328.0,Normal,Normal
2023-06-22 17:00:00,Rolling_Mill_01,Rolling Mill,21806.5,118.0,Seal Replacement,6.213,92.4,967.6,170.8,52.7,83.0,84.5,512.1,4.522,0.865,286.8,384524,4,0.6607,16516.1,Thermal Degradation,Normal
2023-06-22 22:00:00,Blast_Furnace_Blower_03,Blast Furnace Blower,13897.9,542.0,Seal Replacement,3.323,77.3,482.3,191.1,75.0,102.4,74.7,239.3,0.179,0.896,403.5,247364,2,0.2941,14418.7,Normal,Normal
2023-06-22 23:00:00,Electric_Arc_Furnace_01,Electric Arc Furnace,26910.4,252.0,Electrical Inspection,7.349,124.9,1462.2,172.4,41.2,76.9,85.6,753.8,4.812,0.836,248.0,295063,1,0.7887,0.0,Thermal Degradation,Immediate Action
2023-06-22 23:00:00,Hydraulic_Press_03,Hydraulic Press,14939.1,50.0,Full Overhaul,4.164,77.5,223.3,186.2,66.6,93.5,77.8,120.1,2.969,0.907,365.9,144859,0,0.4085,5677.5,Normal,Warning
2023-06-22 23:00:00,Rolling_Mill_01,Rolling Mill,16065.4,1691.0,Full Overhaul,5.251,98.5,906.7,166.8,51.4,99.7,81.4,488.9,0.997,0.854,323.6,166360,3,0.5506,24188.4,Mechanical Wear,Normal
2023-06-23 00:00:00,Electric_Arc_Furnace_01,Electric Arc Furnace,18167.0,820.0,Electrical Inspection,5.359,117.7,1357.0,178.6,70.3,95.0,78.1,674.8,1.964,0.841,314.1,252856,4,0.5347,7147.4,Normal,Warning
2023-06-23 03:00:00,Annealing_Furnace_02,Annealing Furnace,23112.3,1271.0,Lubrication,5.912,129.7,433.0,177.4,41.7,86.7,82.7,215.3,0.967,0.896,307.1,371660,7,0.6132,9061.9,Bearing Failure,Warning
2023-06-23 03:00:00,Cold_Rolling_Mill_02,Cold Rolling Mill,29130.7,303.0,Seal Replacement,7.952,72.9,973.9,165.5,33.1,72.5,83.1,464.3,8.006,0.796,307.7,344672,4,0.8677,7803.6,Lubrication Failure,Warning
2023-06-23 05:00:00,Pickling_Line_01,Pickling Line,12285.7,1803.0,Alignment Check,3.509,56.9,313.7,178.8,77.3,110.2,80.2,146.5,3.329,0.887,437.3,175133,2,0.3399,16165.1,Normal,Normal
2023-06-23 05:00:00,Blast_Furnace_Blower_01,Blast Furnace Blower,23494.2,1003.0,Seal Replacement,7.367,88.3,513.9,170.2,45.5,84.2,84.8,279.8,1.236,0.872,285.4,377176,7,0.691,7239.2,Lubrication Failure,Warning
2023-06-23 07:00:00,Rolling_Mill_02,Rolling Mill,22520.7,1659.0,Lubrication,7.025,99.3,986.1,172.7,54.3,92.5,82.0,511.4,6.189,0.829,297.6,239838,4,0.6255,17367.1,Bearing Failure,Normal
2023-06-23 08:00:00,Continuous_Caster_03,Continuous Caster,32592.6,1685.0,Alignment Check,8.732,114.6,757.5,167.7,29.2,73.0,83.6,374.6,10.402,0.813,205.0,491953,0,0.9191,2044.6,Electrical Fault,Critical
2023-06-23 09:00:00,Blast_Furnace_Blower_01,Blast Furnace Blower,29465.4,1501.0,Bearing Replacement,9.007,90.2,544.4,165.9,27.8,81.3,80.5,294.8,0.469,0.837,213.4,548006,4,0.855,878.4,Bearing Failure,Immediate Action
2023-06-23 11:00:00,Annealing_Furnace_02,Annealing Furnace,22695.9,550.0,Full Overhaul,5.32,131.4,419.8,174.0,59.6,87.9,84.2,226.7,0.563,0.874,367.1,340531,2,0.5628,11478.1,Thermal Degradation,Normal
2023-06-23 12:00:00,Electric_Arc_Furnace_02,Electric Arc Furnace,12018.6,936.0,Full Overhaul,4.657,111.1,1297.4,178.1,71.3,99.3,75.7,668.5,1.111,0.911,418.8,195494,0,0.3172,12345.6,Normal,Normal
2023-06-23 20:00:00,Annealing_Furnace_02,Annealing Furnace,27307.2,291.0,Lubrication,7.5,133.6,467.2,160.3,30.4,78.6,87.0,244.9,1.28,0.824,215.7,529840,3,0.8196,4279.3,Bearing Failure,Critical
2023-06-23 21:00:00,Hot_Strip_Mill_03,Hot Strip Mill,20174.8,1841.0,Bearing Replacement,5.393,102.4,1078.6,180.5,53.8,95.7,81.5,542.5,6.663,0.835,365.3,376009,1,0.5567,15822.9,Mechanical Wear,Normal
2023-06-23 22:00:00,Electric_Arc_Furnace_03,Electric Arc Furnace,34485.9,1317.0,Full Overhaul,9.082,139.0,1451.9,148.8,14.8,67.8,82.8,796.1,0.764,0.763,167.1,368980,5,1.0,0.0,Mechanical Wear,Immediate Action
2023-06-23 23:00:00,Rolling_Mill_02,Rolling Mill,8738.0,11.0,Bearing Replacement,3.583,95.5,912.8,179.9,82.2,106.3,75.5,456.2,2.451,0.917,423.0,155495,2,0.2542,30626.1,Normal,Normal
2023-06-24 01:00:00,Ladle_Crane_01,Ladle Crane,2880.0,1600.0,Full Overhaul,0.803,39.8,311.9,203.7,100.0,120.8,72.9,160.0,0.23,0.954,531.4,56909,0,0.0,45019.5,Normal,Normal
2023-06-24 03:00:00,Pickling_Line_02,Pickling Line,2539.2,29.0,Lubrication,1.578,60.3,288.0,199.3,86.9,112.5,70.1,134.2,0.891,0.955,472.0,44347,0,0.0947,25407.4,Normal,Normal
2023-06-24 04:00:00,Ladle_Crane_03,Ladle Crane,22437.1,1225.0,Full Overhaul,7.29,57.5,358.8,169.6,59.8,87.2,80.0,190.3,2.479,0.834,357.6,214144,3,0.5883,29804.9,Lubrication Failure,Normal
2023-06-24 06:00:00,Hot_Strip_Mill_02,Hot Strip Mill,32880.2,880.0,Full Overhaul,8.914,109.9,1097.1,160.3,20.5,73.1,84.2,589.7,4.029,0.781,168.9,507755,10,0.9564,4718.5,Mechanical Wear,Critical
2023-06-24 07:00:00,Blast_Furnace_Blower_02,Blast Furnace Blower,167.4,417.0,Lubrication,0.812,85.2,471.9,207.2,97.0,126.6,74.8,224.5,0.341,0.954,507.0,2650,0,0.0,29598.1,Normal,Normal
2023-06-24 09:00:00,Ladle_Crane_02,Ladle Crane,25429.4,1508.0,Electrical Inspection,6.477,57.1,376.8,172.1,38.2,81.4,80.9,180.4,4.537,0.832,298.4,248420,6,0.7016,26754.2,Lubrication Failure,Normal
2023-06-24 12:00:00,Hydraulic_Press_02,Hydraulic Press,23031.6,1997.0,Electrical Inspection,7.121,81.3,239.1,173.3,44.9,83.1,83.5,118.4,5.269,0.837,270.3,337661,0,0.7098,0.0,Mechanical Wear,Immediate Action
2023-06-24 19:00:00,Rolling_Mill_03,Rolling Mill,25657.4,1406.0,Full Overhaul,7.111,101.2,984.7,181.2,41.1,89.6,80.2,470.6,6.764,0.825,309.7,489492,3,0.6539,12893.4,Electrical Fault,Normal
2023-06-24 19:00:00,Annealing_Furnace_03,Annealing Furnace,12503.6,1615.0,Electrical Inspection,4.298,123.9,419.2,195.7,71.0,104.4,75.7,197.7,2.233,0.907,387.9,144355,1,0.333,20157.8,Normal,Normal
2023-06-24 20:00:00,Continuous_Caster_03,Continuous Caster,28735.3,1826.0,Seal Replacement,7.3,102.5,722.5,168.4,42.3,87.5,83.5,373.2,2.895,0.827,255.7,508304,3,0.7912,7445.5,Electrical Fault,Warning
2023-06-24 20:00:00,Blast_Furnace_Blower_03,Blast Furnace Blower,1660.3,883.0,Electrical Inspection,1.548,72.0,469.2,202.5,98.7,114.2,73.9,232.8,2.071,0.939,463.9,26102,0,0.1143,28159.4,Normal,Normal
2023-06-24 22:00:00,Continuous_Caster_03,Continuous Caster,26464.5,1277.0,Bearing Replacement,6.916,110.8,745.1,174.8,36.2,76.3,83.2,366.5,0.684,0.856,268.7,425932,3,0.7387,8672.5,Electrical Fault,Warning
2023-06-24 23:00:00,Blast_Furnace_Blower_03,Blast Furnace Blower,9420.8,1064.0,Seal Replacement,2.499,83.0,488.1,188.6,80.7,103.0,72.0,236.9,0.669,0.892,425.6,109227,1,0.2221,19399.1,Normal,Normal
2023-06-25 00:00:00,Blast_Furnace_Blower_01,Blast Furnace Blower,16741.6,633.0,Electrical Inspection,4.774,87.0,524.0,182.2,60.1,101.9,81.2,250.7,2.111,0.882,336.9,286021,1,0.4899,12474.8,Normal,Normal
2023-06-25 00:00:00,Blast_Furnace_Blower_03,Blast Furnace Blower,28810.0,129.0,Seal Replacement,7.395,92.7,542.8,159.8,30.4,75.0,86.8,272.7,0.846,0.814,240.5,450597,2,0.7784,890.3,Bearing Failure,Immediate Action
2023-06-25 04:00:00,Hot_Strip_Mill_03,Hot Strip Mill,9570.4,1715.0,Alignment Check,2.997,96.1,976.7,193.4,78.3,107.5,75.9,478.5,3.744,0.933,467.6,136753,0,0.236,28517.3,Normal,Normal
2023-06-25 06:00:00,Ladle_Crane_03,Ladle Crane,6563.7,204.0,Seal Replacement,3.216,46.1,331.1,188.4,79.1,103.5,75.1,175.1,0.354,0.887,448.6,91147,1,0.222,42506.6,Normal,Normal
2023-06-25 07:00:00,Blast_Furnace_Blower_02,Blast Furnace Blower,23877.8,1125.0,Electrical Inspection,5.102,85.7,520.7,174.3,59.3,93.2,82.3,268.2,0.915,0.86,318.0,278962,5,0.5389,5788.5,Normal,Warning
2023-06-25 10:00:00,Blast_Furnace_Blower_02,Blast Furnace Blower,18715.5,63.0,Bearing Replacement,4.733,87.2,525.8,185.6,62.3,97.0,80.4,258.6,4.803,0.903,341.5,195121,5,0.4865,11173.1,Normal,Normal
2023-06-25 11:00:00,Hot_Strip_Mill_03,Hot Strip Mill,18052.7,1071.0,Bearing Replacement,4.685,101.5,1014.4,175.5,62.1,97.5,79.2,481.9,3.496,0.853,339.9,310599,2,0.482,18809.6,Normal,Normal
2023-06-25 12:00:00,Hydraulic_Press_01,Hydraulic Press,9061.3,114.0,Seal Replacement,3.49,78.3,225.0,188.3,72.1,102.6,76.2,114.8,1.099,0.875,438.6,94181,2,0.3361,10777.5,Normal,Normal
2023-06-25 13:00:00,Hydraulic_Press_03,Hydraulic Press,1317.3,1416.0,Electrical Inspection,1.175,63.9,221.6,202.1,100.0,110.2,73.0,107.7,1.238,0.965,482.9,13184,0,0.0599,19376.2,Normal,Normal
2023-06-25 13:00:00,Cold_Rolling_Mill_02,Cold Rolling Mill,14418.4,1187.0,Bearing Replacement,4.136,66.0,809.2,181.2,67.1,96.7,74.6,408.6,0.372,0.876,405.8,262619,3,0.4104,20937.9,Normal,Normal
2023-06-25 13:00:00,Hydraulic_Press_03,Hydraulic Press,3818.9,1437.0,Alignment Check,2.295,64.3,229.9,196.6,96.7,111.8,74.1,116.5,0.54,0.968,498.8,34215,0,0.104,15640.5,Normal,Normal
2023-06-25 14:00:00,Electric_Arc_Furnace_03,Electric Arc Furnace,31719.0,1132.0,Electrical Inspection,8.428,117.3,1485.8,159.6,30.0,79.3,88.7,748.8,3.278,0.802,183.4,312126,4,0.9124,0.0,Lubrication Failure,Immediate Action
2023-06-25 18:00:00,Blast_Furnace_Blower_01,Blast Furnace Blower,15164.6,733.0,Full Overhaul,4.65,83.8,505.5,181.2,69.3,88.5,74.0,252.0,0.094,0.918,370.9,295683,2,0.4396,14139.8,Normal,Normal
2023-06-25 18:00:00,Annealing_Furnace_03,Annealing Furnace,1539.6,1491.0,Electrical Inspection,1.219,123.6,367.1,193.0,96.3,114.3,68.7,190.4,1.829,0.946,486.7,13999,1,0.0563,30676.9,Normal,Normal
2023-06-25 22:00:00,Ladle_Crane_02,Ladle Crane,1923.4,655.0,Full Overhaul,2.182,47.1,345.8,209.6,86.3,116.7,76.0,159.0,1.759,0.884,471.3,17806,0,0.1523,49041.9,Normal,Normal
2023-06-25 23:00:00,Cold_Rolling_Mill_02,Cold Rolling Mill,3434.5,988.0,Full Overhaul,1.41,58.3,789.6,205.9,89.4,118.6,77.5,357.2,0.028,0.923,478.7,27722,0,0.0762,32842.1,Normal,Normal
2023-06-26 00:00:00,Hot_Strip_Mill_01,Hot Strip Mill,23094.4,1009.0,Alignment Check,6.774,105.6,1051.4,170.5,46.4,83.4,86.1,530.1,3.349,0.854,286.1,354476,4,0.6686,14255.5,Electrical Fault,Normal
2023-06-26 01:00:00,Continuous_Caster_01,Continuous Caster,22684.2,678.0,Electrical Inspection,6.319,108.1,700.2,173.2,55.5,81.2,81.4,322.4,9.545,0.896,295.8,375693,2,0.65,12264.4,Lubrication Failure,Normal
2023-06-26 04:00:00,Continuous_Caster_03,Continuous Caster,1253.5,991.0,Alignment Check,1.827,102.8,632.6,194.5,94.4,113.6,74.6,309.5,0.324,0.943,472.5,12700,0,0.0828,33440.5,Normal,Normal
2023-06-26 04:00:00,Annealing_Furnace_02,Annealing Furnace,139.5,424.0,Lubrication,0.608,120.1,357.8,193.4,97.5,120.0,74.5,186.5,1.295,0.913,509.6,1699,0,0.0,32811.0,Normal,Normal
2023-06-26 08:00:00,Annealing_Furnace_02,Annealing Furnace,26728.7,1944.0,Bearing Replacement,6.862,140.1,437.3,170.0,37.3,94.5,78.8,232.4,9.009,0.887,305.3,446003,7,0.6881,3214.1,Thermal Degradation,Critical
2023-06-26 08:00:00,Pickling_Line_01,Pickling Line,2850.8,1303.0,Electrical Inspection,1.079,57.9,279.8,193.7,90.9,119.8,70.1,139.0,1.109,0.952,525.2,33403,0,0.0631,25721.6,Normal,Normal
2023-06-26 10:00:00,Rolling_Mill_03,Rolling Mill,20501.7,1210.0,Bearing Replacement,6.043,96.4,1006.5,162.1,45.1,89.8,81.2,493.3,3.954,0.839,299.4,260971,9,0.6351,21781.8,Lubrication Failure,Normal
2023-06-26 10:00:00,Blast_Furnace_Blower_03,Blast Furnace Blower,1430.3,950.0,Bearing Replacement,0.816,73.3,438.2,198.4,100.0,123.4,70.3,216.6,0.344,0.966,521.2,20515,0,0.0,28310.2,Normal,Normal
2023-06-26 11:00:00,Hydraulic_Press_01,Hydraulic Press,17134.6,1810.0,Lubrication,5.292,81.0,232.7,182.9,57.5,86.2,80.4,113.8,0.738,0.888,357.9,296720,2,0.5165,3898.8,Normal,Warning
2023-06-26 12:00:00,Ladle_Crane_01,Ladle Crane,24949.8,1318.0,Seal Replacement,7.392,54.7,379.4,177.7,37.4,74.7,83.3,188.6,2.7,0.846,229.5,347280,2,0.7969,26124.3,Electrical Fault,Normal
2023-06-26 15:00:00,Electric_Arc_Furnace_02,Electric Arc Furnace,30426.4,594.0,Electrical Inspection,8.919,128.3,1460.0,164.0,18.2,77.3,90.2,796.8,1.938,0.838,163.1,508342,4,0.9656,0.0,Electrical Fault,Immediate Action
2023-06-26 16:00:00,Ladle_Crane_02,Ladle Crane,32697.9,1241.0,Full Overhaul,8.987,62.2,403.8,158.7,31.6,67.5,87.3,199.5,9.617,0.839,215.8,483903,3,0.9189,17160.9,Electrical Fault,Normal
2023-06-26 17:00:00,Hot_Strip_Mill_03,Hot Strip Mill,11527.7,1492.0,Bearing Replacement,3.788,92.9,957.6,182.5,78.8,100.6,76.4,489.2,2.704,0.895,398.3,190811,3,0.3121,29617.3,Normal,Normal
2023-06-26 19:00:00,Pickling_Line_01,Pickling Line,4840.6,1542.0,Alignment Check,2.059,59.8,294.0,194.2,86.4,115.2,70.0,142.6,0.958,0.909,475.2,43993,0,0.1346,22931.3,Normal,Normal
2023-06-26 19:00:00,Ladle_Crane_03,Ladle Crane,8368.7,16.0,Bearing Replacement,3.347,48.4,337.7,188.8,70.2,107.7,77.2,177.6,0.886,0.892,413.9,165186,2,0.2841,40624.3,Normal,Normal
2023-06-26 23:00:00,Pickling_Line_02,Pickling Line,27188.4,1530.0,Seal Replacement,7.731,70.8,333.8,168.6,39.6,76.9,84.2,167.4,1.865,0.838,233.6,245880,0,0.7702,323.3,Bearing Failure,Immediate Action
2023-06-27 00:00:00,Ladle_Crane_03,Ladle Crane,34004.8,1598.0,Seal Replacement,9.042,60.4,394.9,167.5,13.5,79.9,86.0,199.6,3.287,0.822,175.6,531606,7,0.9579,15996.8,Bearing Failure,Normal
2023-06-27 03:00:00,Electric_Arc_Furnace_01,Electric Arc Furnace,16377.1,350.0,Seal Replacement,5.058,121.6,1289.1,181.3,51.7,88.2,78.7,654.4,0.389,0.868,323.5,135563,4,0.5216,8622.3,Normal,Normal
2023-06-27 11:00:00,Annealing_Furnace_01,Annealing Furnace,10756.8,1702.0,Electrical Inspection,3.17,134.5,396.0,190.0,73.2,106.0,75.6,209.1,1.612,0.934,391.8,152805,0,0.3095,22207.0,Normal,Normal
2023-06-27 12:00:00,Electric_Arc_Furnace_01,Electric Arc Furnace,15078.8,1424.0,Bearing Replacement,4.261,118.3,1282.3,184.7,61.7,107.6,81.4,693.9,3.466,0.871,366.7,138004,1,0.4232,10489.9,Normal,Normal
2023-06-27 13:00:00,Cold_Rolling_Mill_01,Cold Rolling Mill,10738.0,1239.0,Lubrication,2.763,65.2,823.9,186.0,85.4,108.6,78.7,412.6,0.989,0.931,424.6,97499,0,0.263,26082.3,Normal,Normal
2023-06-27 16:00:00,Annealing_Furnace_02,Annealing Furnace,9051.4,1538.0,Lubrication,3.172,121.5,424.1,179.4,73.6,96.3,76.0,214.8,2.192,0.937,398.8,103358,0,0.31,22729.5,Normal,Normal
2023-06-27 16:00:00,Cold_Rolling_Mill_01,Cold Rolling Mill,20821.9,506.0,Seal Replacement,6.562,75.5,852.8,175.0,53.9,94.3,82.0,444.5,1.662,0.867,294.4,226949,3,0.6073,15908.7,Mechanical Wear,Normal
2023-06-27 18:00:00,Pickling_Line_02,Pickling Line,649.2,309.0,Lubrication,0.991,55.0,285.0,196.0,87.7,118.2,73.3,143.7,0.56,0.938,505.6,6259,0,0.018,28007.1,Normal,Normal
2023-06-27 19:00:00,Electric_Arc_Furnace_02,Electric Arc Furnace,9158.4,138.0,Electrical Inspection,2.505,114.9,1225.5,196.4,77.6,115.1,72.1,650.2,0.964,0.938,460.2,136921,0,0.1686,15782.1,Normal,Normal
2023-06-27 22:00:00,Continuous_Caster_01,Continuous Caster,23182.2,865.0,Lubrication,6.845,113.0,711.6,168.7,39.8,91.6,81.3,351.1,1.477,0.848,320.7,431765,2,0.7101,12110.9,Bearing Failure,Normal
2023-06-27 22:00:00,Electric_Arc_Furnace_01,Electric Arc Furnace,1219.0,1013.0,Seal Replacement,0.663,109.3,1187.2,205.8,100.0,112.0,74.8,627.7,0.127,0.984,513.0,23171,0,0.0,24366.0,Normal,Normal
2023-06-27 23:00:00,Blast_Furnace_Blower_02,Blast Furnace Blower,3003.7,207.0,Lubrication,1.429,81.3,455.3,198.9,85.0,116.8,71.7,236.1,1.116,0.892,516.3,34497,0,0.1084,27186.3,Normal,Normal
2023-06-28 00:00:00,Hydraulic_Press_02,Hydraulic Press,10339.5,798.0,Bearing Replacement,3.616,74.5,227.3,198.1,81.3,113.4,74.8,117.1,0.565,0.889,484.0,189987,0,0.2565,9844.4,Normal,Normal
2023-06-28 01:00:00,Pickling_Line_02,Pickling Line,30735.4,522.0,Electrical Inspection,7.53,72.8,340.4,174.9,40.8,80.6,84.1,178.8,0.529,0.835,230.2,602726,4,0.8245,0.0,Lubrication Failure,Immediate Action
2023-06-28 03:00:00,Cold_Rolling_Mill_03,Cold Rolling Mill,26794.5,1769.0,Electrical Inspection,7.684,77.0,885.4,171.2,31.1,87.0,83.8,442.4,3.475,0.82,232.3,314728,1,0.812,9442.0,Lubrication Failure,Warning
2023-06-28 04:00:00,Pickling_Line_02,Pickling Line,873.3,1145.0,Electrical Inspection,0.788,55.7,296.5,193.1,97.5,119.5,70.7,145.4,1.984,0.933,490.7,16807,1,0.03,26616.2,Normal,Normal
2023-06-28 05:00:00,Ladle_Crane_03,Ladle Crane,9686.6,970.0,Alignment Check,3.743,54.6,351.1,181.5,67.9,93.1,73.8,175.0,1.101,0.846,495.0,131433,2,0.3743,40483.1,Normal,Normal
2023-06-28 05:00:00,Cold_Rolling_Mill_01,Cold Rolling Mill,17609.8,349.0,Bearing Replacement,4.894,72.4,886.2,177.6,58.2,103.2,78.9,435.5,0.196,0.869,328.2,230905,2,0.5052,16936.9,Normal,Normal
2023-06-28 10:00:00,Hot_Strip_Mill_03,Hot Strip Mill,22737.7,83.0,Bearing Replacement,7.086,99.2,1084.3,170.7,41.9,87.2,84.5,559.9,2.529,0.867,266.2,312979,9,0.7464,14884.4,Bearing Failure,Normal
2023-06-28 12:00:00,Continuous_Caster_03,Continuous Caster,25282.2,898.0,Bearing Replacement,7.189,106.5,748.5,173.9,43.2,71.9,82.5,371.3,5.673,0.84,273.6,424074,1,0.71,10566.5,Electrical Fault,Normal
2023-06-28 12:00:00,Hot_Strip_Mill_03,Hot Strip Mill,30213.9,1803.0,Full Overhaul,7.585,109.8,1095.8,166.5,35.3,81.8,81.2,583.1,2.329,0.824,237.5,336207,5,0.7979,9584.7,Lubrication Failure,Warning
2023-06-28 15:00:00,Pickling_Line_03,Pickling Line,30887.6,1881.0,Lubrication,8.49,75.6,337.1,166.3,21.7,77.0,81.6,180.5,2.055,0.773,226.5,273433,3,0.8691,0.0,Bearing Failure,Immediate Action
2023-06-28 15:00:00,Continuous_Caster_02,Continuous Caster,34301.5,1834.0,Seal Replacement,9.415,122.0,743.8,148.5,23.0,68.0,84.7,395.6,5.273,0.767,155.0,503930,10,1.0,673.1,Lubrication Failure,Immediate Action
2023-06-28 15:00:00,Cold_Rolling_Mill_01,Cold Rolling Mill,16692.0,1039.0,Electrical Inspection,5.482,71.9,822.1,181.1,56.9,86.8,79.1,462.7,7.017,0.849,331.3,181679,2,0.5476,18195.9,Normal,Normal
2023-06-28 15:00:00,Pickling_Line_01,Pickling Line,34806.3,432.0,Alignment Check,9.1,72.7,345.3,159.6,30.1,77.7,81.7,181.9,2.548,0.848,198.3,541386,7,0.9272,0.0,Thermal Degradation,Immediate Action
2023-06-28 18:00:00,Blast_Furnace_Blower_03,Blast Furnace Blower,20162.9,550.0,Full Overhaul,5.591,90.9,521.2,175.4,49.2,87.9,85.3,259.3,6.548,0.851,309.6,379672,0,0.5799,9637.2,Mechanical Wear,Normal
2023-06-28 18:00:00,Annealing_Furnace_03,Annealing Furnace,13990.4,347.0,Lubrication,5.02,128.3,418.3,182.2,66.0,106.1,79.5,223.6,0.12,0.878,362.8,160721,2,0.461,17494.8,Normal,Normal
2023-06-29 02:00:00,Rolling_Mill_03,Rolling Mill,12817.1,181.0,Lubrication,3.59,93.1,940.7,190.8,86.8,102.6,77.0,456.8,2.098,0.898,394.1,218039,0,0.3269,25973.6,Normal,Normal
2023-06-29 02:00:00,Hydraulic_Press_01,Hydraulic Press,523.2,1543.0,Bearing Replacement,0.544,64.7,206.1,198.8,96.7,115.7,70.2,104.2,1.515,0.932,517.2,7816,0,0.0,19972.4,Normal,Normal
2023-06-29 02:00:00,Ladle_Crane_01,Ladle Crane,8796.2,1430.0,Full Overhaul,2.97,46.6,332.6,182.3,69.4,98.1,76.9,170.3,0.902,0.879,425.3,130770,2,0.2892,41316.7,Normal,Normal
2023-06-29 03:00:00,Cold_Rolling_Mill_01,Cold Rolling Mill,25186.4,1535.0,Seal Replacement,7.461,77.0,930.2,164.7,46.7,75.1,84.5,454.7,1.396,0.838,235.8,461030,4,0.8091,12790.4,Thermal Degradation,Normal
2023-06-29 04:00:00,Rolling_Mill_03,Rolling Mill,21166.8,324.0,Lubrication,6.835,99.3,997.9,177.9,48.1,78.5,84.5,534.3,1.04,0.81,265.1,392969,3,0.7285,19264.0,Bearing Failure,Normal
2023-06-29 06:00:00,Hydraulic_Press_02,Hydraulic Press,32083.1,1948.0,Lubrication,8.22,81.6,259.3,168.4,38.5,77.8,83.7,132.0,3.771,0.813,208.7,472328,1,0.8441,0.0,Mechanical Wear,Immediate Action
2023-06-29 09:00:00,Hydraulic_Press_02,Hydraulic Press,1845.8,383.0,Full Overhaul,1.175,69.6,205.7,204.6,98.0,117.1,71.3,108.0,1.669,0.948,503.0,24255,0,0.0318,17716.9,Normal,Normal
2023-06-29 10:00:00,Pickling_Line_01,Pickling Line,5519.2,76.0,Seal Replacement,2.335,56.7,285.9,193.3,91.3,103.8,72.4,147.2,0.15,0.925,469.3,85220,1,0.1061,21858.2,Normal,Normal
2023-06-29 11:00:00,Electric_Arc_Furnace_03,Electric Arc Furnace,27644.6,786.0,Seal Replacement,7.819,126.9,1473.1,170.4,32.7,76.4,84.0,724.3,5.061,0.868,218.0,260852,5,0.8322,0.0,Electrical Fault,Immediate Action
2023-06-29 14:00:00,Rolling_Mill_01,Rolling Mill,12611.9,1109.0,Alignment Check,4.002,92.7,907.5,190.3,74.7,90.5,77.8,449.2,3.977,0.915,405.2,164463,1,0.3634,26657.4,Normal,Normal
2023-06-29 15:00:00,Blast_Furnace_Blower_01,Blast Furnace Blower,4230.3,832.0,Seal Replacement,1.997,80.3,474.7,185.7,93.1,116.0,77.1,251.8,0.797,0.928,443.3,67445,1,0.1648,24915.5,Normal,Normal
2023-06-29 15:00:00,Ladle_Crane_03,Ladle Crane,34876.1,971.0,Lubrication,9.143,65.7,409.6,162.4,22.7,70.2,89.2,202.1,3.157,0.796,164.1,598343,4,0.9767,13367.0,Thermal Degradation,Warning
2023-06-29 16:00:00,Hot_Strip_Mill_02,Hot Strip Mill,27575.0,1122.0,Bearing Replacement,7.862,109.2,1094.8,168.1,38.0,72.2,84.0,566.9,1.678,0.802,243.1,459278,2,0.8228,12608.9,Electrical Fault,Normal
2023-06-29 18:00:00,Hydraulic_Press_03,Hydraulic Press,14365.1,422.0,Full Overhaul,4.479,67.9,227.7,178.1,74.8,98.7,83.0,116.9,0.232,0.941,396.9,145021,1,0.4015,5470.1,Normal,Warning
2023-06-29 20:00:00,Cold_Rolling_Mill_03,Cold Rolling Mill,28834.8,1685.0,Seal Replacement,7.794,77.2,891.9,160.9,38.2,83.4,85.5,467.5,6.56,0.817,214.0,442283,9,0.831,7600.8,Electrical Fault,Warning
2023-06-29 21:00:00,Annealing_Furnace_02,Annealing Furnace,23853.1,533.0,Alignment Check,6.362,132.6,433.4,184.1,50.7,86.1,83.0,232.2,0.585,0.836,275.2,216679,5,0.6527,8292.3,Lubrication Failure,Warning
2023-06-29 23:00:00,Hydraulic_Press_02,Hydraulic Press,27670.1,1996.0,Bearing Replacement,7.866,76.9,249.5,166.5,27.7,77.4,86.6,128.1,2.048,0.829,231.6,419256,6,0.8586,0.0,Lubrication Failure,Immediate Action
2023-06-30 00:00:00,Pickling_Line_03,Pickling Line,28550.7,1950.0,Seal Replacement,7.297,64.3,339.6,176.2,36.5,86.6,85.8,169.5,3.561,0.821,261.9,483968,3,0.7526,0.0,Electrical Fault,Immediate Action
2023-06-30 01:00:00,Cold_Rolling_Mill_02,Cold Rolling Mill,3057.0,624.0,Lubrication,1.741,59.1,744.3,200.4,84.8,113.0,75.2,403.0,1.633,0.952,488.0,47618,0,0.0817,33856.3,Normal,Normal
2023-06-30 01:00:00,Continuous_Caster_02,Continuous Caster,21841.8,1059.0,Seal Replacement,6.832,106.7,701.7,171.7,44.9,79.8,81.6,363.8,5.931,0.849,262.7,338524,4,0.7131,11871.1,Electrical Fault,Normal
2023-06-30 01:00:00,Continuous_Caster_01,Continuous Caster,336.8,1855.0,Alignment Check,1.161,95.5,614.2,192.0,94.7,112.0,72.4,322.8,0.104,0.912,515.9,5334,0,0.0734,35371.1,Normal,Normal
2023-06-30 02:00:00,Hydraulic_Press_01,Hydraulic Press,1616.6,1114.0,Lubrication,0.647,65.6,207.9,203.1,100.0,123.9,69.5,107.8,0.403,0.969,505.1,21043,0,0.004,19243.8,Normal,Normal
2023-06-30 03:00:00,Ladle_Crane_03,Ladle Crane,31648.9,1565.0,Full Overhaul,8.043,64.3,382.6,165.5,33.1,77.8,86.1,206.2,1.624,0.838,218.2,399405,6,0.8646,18789.7,Bearing Failure,Normal
2023-06-30 06:00:00,Hydraulic_Press_03,Hydraulic Press,18512.0,933.0,Lubrication,5.553,71.1,246.6,178.6,54.0,94.9,82.3,123.9,1.45,0.869,359.1,246938,1,0.5546,2288.1,Mechanical Wear,Critical
2023-06-30 06:00:00,Cold_Rolling_Mill_02,Cold Rolling Mill,25783.0,941.0,Seal Replacement,7.154,71.8,880.4,170.6,36.0,75.2,85.6,504.5,2.858,0.83,234.6,271644,5,0.7692,8735.9,Lubrication Failure,Warning
2023-06-30 07:00:00,Hydraulic_Press_01,Hydraulic Press,29363.7,743.0,Alignment Check,8.687,79.5,258.3,165.8,29.9,83.4,86.0,130.4,3.637,0.776,189.8,394823,5,0.8985,0.0,Electrical Fault,Immediate Action
2023-06-30 11:00:00,Pickling_Line_03,Pickling Line,33240.6,971.0,Electrical Inspection,8.113,72.1,337.2,167.6,30.9,81.3,86.5,167.7,5.421,0.817,194.8,626750,3,0.8793,0.0,Lubrication Failure,Immediate Action
2023-06-30 11:00:00,Hot_Strip_Mill_03,Hot Strip Mill,30440.4,114.0,Alignment Check,8.465,108.8,1094.9,158.0,34.3,67.9,82.8,560.9,2.806,0.788,178.8,349723,4,0.9355,6891.2,Bearing Failure,Warning
2023-06-30 12:00:00,Hot_Strip_Mill_02,Hot Strip Mill,16967.6,1937.0,Bearing Replacement,4.712,102.8,963.0,185.9,64.3,100.6,77.8,505.2,2.79,0.901,362.9,223511,1,0.4397,22034.2,Normal,Normal
2023-06-30 14:00:00,Cold_Rolling_Mill_01,Cold Rolling Mill,11825.4,1699.0,Lubrication,4.249,64.4,826.2,187.5,70.1,95.1,77.1,458.9,1.263,0.914,366.4,186273,2,0.4046,23839.4,Normal,Normal
2023-06-30 15:00:00,Blast_Furnace_Blower_03,Blast Furnace Blower,5491.8,1700.0,Lubrication,1.633,79.6,441.1,198.0,100.0,108.3,76.1,237.0,0.697,0.97,489.7,94494,0,0.0761,24640.7,Normal,Normal
2023-06-30 20:00:00,Continuous_Caster_01,Continuous Caster,14071.2,1358.0,Electrical Inspection,3.573,96.0,657.2,189.2,71.6,104.7,77.9,344.6,1.145,0.915,392.0,114103,1,0.3463,21013.8,Normal,Normal
2023-07-01 04:00:00,Annealing_Furnace_02,Annealing Furnace,12890.6,386.0,Seal Replacement,4.367,129.2,419.8,189.0,62.0,98.4,79.5,199.4,0.297,0.93,356.1,205849,1,0.4544,19217.7,Normal,Normal
2023-07-01 06:00:00,Cold_Rolling_Mill_03,Cold Rolling Mill,19629.2,428.0,Bearing Replacement,6.045,75.2,850.3,178.3,41.4,90.4,79.1,441.4,1.03,0.836,333.3,190810,4,0.6496,15784.8,Lubrication Failure,Normal
2023-07-01 10:00:00,Continuous_Caster_01,Continuous Caster,34243.6,1563.0,Bearing Replacement,9.167,121.0,702.9,158.8,24.9,75.9,86.0,388.8,0.455,0.812,185.5,329810,7,0.9619,526.3,Mechanical Wear,Immediate Action
2023-07-01 10:00:00,Rolling_Mill_02,Rolling Mill,23326.3,176.0,Alignment Check,6.243,101.0,963.7,167.4,44.5,91.1,79.5,521.7,4.368,0.836,269.6,394842,3,0.6715,15036.1,Electrical Fault,Normal
2023-07-01 13:00:00,Rolling_Mill_02,Rolling Mill,25520.7,1793.0,Alignment Check,6.799,109.1,1021.4,169.9,48.6,84.1,84.5,491.2,2.324,0.839,258.0,433881,3,0.7284,16219.4,Bearing Failure,Normal
2023-07-01 13:00:00,Electric_Arc_Furnace_03,Electric Arc Furnace,22566.8,1232.0,Bearing Replacement,8.006,124.9,1397.7,170.4,39.9,86.4,80.2,729.1,4.447,0.84,289.8,436644,4,0.6655,1976.6,Bearing Failure,Critical
2023-07-01 18:00:00,Rolling_Mill_02,Rolling Mill,11794.7,1700.0,Bearing Replacement,4.005,87.0,931.0,178.6,66.5,108.5,80.4,458.6,1.112,0.921,391.5,125997,3,0.3622,27468.1,Normal,Normal
2023-07-01 18:00:00,Continuous_Caster_01,Continuous Caster,1304.2,1812.0,Full Overhaul,0.967,110.7,612.3,203.8,88.8,117.2,70.8,306.1,0.867,0.924,520.4,10570,0,0.0225,33861.3,Normal,Normal
2023-07-01 21:00:00,Continuous_Caster_03,Continuous Caster,10155.6,293.0,Lubrication,3.377,103.4,657.5,188.3,93.5,115.7,76.0,301.6,0.285,0.94,447.6,94761,0,0.1934,23608.5,Normal,Normal
2023-07-01 22:00:00,Blast_Furnace_Blower_01,Blast Furnace Blower,26918.8,773.0,Alignment Check,6.92,94.0,520.5,176.5,41.5,73.0,81.8,274.7,2.972,0.847,264.5,512314,1,0.7419,3984.3,Lubrication Failure,Critical
2023-07-01 22:00:00,Ladle_Crane_01,Ladle Crane,7264.0,277.0,Full Overhaul,1.658,45.9,324.4,186.7,87.4,110.7,76.5,174.5,0.361,0.903,481.2,99113,3,0.1298,41113.4,Normal,Normal
2023-07-02 00:00:00,Cold_Rolling_Mill_01,Cold Rolling Mill,20334.3,938.0,Seal Replacement,5.693,68.7,878.9,180.3,52.0,93.2,82.2,463.5,3.069,0.827,342.0,200028,4,0.5994,18407.7,Thermal Degradation,Normal
2023-07-02 00:00:00,Cold_Rolling_Mill_01,Cold Rolling Mill,24955.4,793.0,Full Overhaul,7.287,74.5,902.7,173.8,30.9,82.2,87.1,453.8,6.19,0.844,241.0,360653,4,0.7513,10732.2,Bearing Failure,Warning
2023-07-02 01:00:00,Annealing_Furnace_02,Annealing Furnace,6097.8,1420.0,Lubrication,2.907,126.1,396.7,194.4,84.5,115.6,73.3,190.6,2.317,0.923,466.8,121011,1,0.1687,24805.3,Normal,Normal
2023-07-02 02:00:00,Pickling_Line_01,Pickling Line,9230.7,1340.0,Alignment Check,3.964,58.2,280.5,188.7,70.9,112.7,74.0,148.2,0.495,0.912,414.1,94059,0,0.2512,20006.1,Normal,Normal
2023-07-02 04:00:00,Hydraulic_Press_02,Hydraulic Press,17421.0,1978.0,Seal Replacement,6.349,79.8,227.3,176.1,50.9,91.3,79.5,125.7,2.903,0.862,330.8,265270,5,0.596,2651.8,Bearing Failure,Critical
2023-07-02 08:00:00,Ladle_Crane_03,Ladle Crane,14701.3,452.0,Full Overhaul,5.426,51.6,357.4,181.0,67.9,95.4,78.3,178.7,0.838,0.89,337.2,218064,3,0.4774,35692.2,Normal,Normal
2023-07-02 10:00:00,Rolling_Mill_03,Rolling Mill,27271.9,310.0,Seal Replacement,7.497,104.6,1045.4,170.7,35.5,86.2,82.7,520.1,4.641,0.814,241.3,239579,4,0.7895,11756.9,Lubrication Failure,Warning
2023-07-02 10:00:00,Electric_Arc_Furnace_01,Electric Arc Furnace,25730.7,1455.0,Full Overhaul,6.874,125.3,1464.2,170.8,49.2,85.3,85.2,699.1,2.161,0.813,259.6,513515,4,0.7083,0.0,Thermal Degradation,Immediate Action
2023-07-02 11:00:00,Hot_Strip_Mill_03,Hot Strip Mill,20152.7,1406.0,Electrical Inspection,5.972,107.9,998.0,174.2,56.6,94.3,81.9,506.1,6.26,0.85,293.0,294242,4,0.6403,17430.2,Thermal Degradation,Normal
2023-07-02 13:00:00,Blast_Furnace_Blower_02,Blast Furnace Blower,28797.4,270.0,Full Overhaul,7.973,100.0,549.5,168.6,32.4,81.2,85.6,283.8,5.183,0.798,253.9,284139,2,0.8283,169.6,Thermal Degradation,Immediate Action
2023-07-02 14:00:00,Cold_Rolling_Mill_03,Cold Rolling Mill,19737.2,1636.0,Lubrication,5.085,71.8,859.6,178.9,57.0,93.5,77.5,429.8,0.862,0.857,358.2,336669,2,0.5315,17834.9,Normal,Normal
2023-07-02 15:00:00,Electric_Arc_Furnace_03,Electric Arc Furnace,33757.2,686.0,Seal Replacement,8.998,134.2,1461.4,158.2,27.7,77.8,85.4,796.3,5.299,0.802,203.6,429026,7,0.935,0.0,Electrical Fault,Immediate Action
2023-07-02 16:00:00,Rolling_Mill_01,Rolling Mill,7681.1,942.0,Bearing Replacement,3.624,95.5,907.3,186.0,84.9,108.7,77.0,437.8,0.399,0.908,445.3,123214,2,0.2526,30087.6,Normal,Normal
2023-07-02 18:00:00,Rolling_Mill_03,Rolling Mill,25023.2,1374.0,Bearing Replacement,7.053,100.2,1005.8,169.1,46.1,83.1,82.6,514.8,7.484,0.829,247.3,267277,3,0.7626,14654.3,Electrical Fault,Normal
2023-07-02 22:00:00,Annealing_Furnace_02,Annealing Furnace,13011.1,1215.0,Lubrication,3.954,129.1,405.3,175.2,75.3,95.7,78.7,207.6,0.281,0.887,399.3,248084,3,0.4035,19764.7,Normal,Normal
2023-07-02 22:00:00,Blast_Furnace_Blower_02,Blast Furnace Blower,9835.9,1335.0,Seal Replacement,3.367,82.4,476.9,186.7,71.2,103.4,75.9,237.5,4.242,0.926,402.7,83519,1,0.3139,20747.6,Normal,Normal
2023-07-03 00:00:00,Continuous_Caster_01,Continuous Caster,6395.5,229.0,Bearing Replacement,2.394,96.6,661.4,194.2,93.9,109.2,76.9,331.0,1.675,0.939,446.0,52717,0,0.1675,27931.6,Normal,Normal
2023-07-03 02:00:00,Hot_Strip_Mill_01,Hot Strip Mill,19382.4,576.0,Seal Replacement,5.418,98.8,1026.3,178.5,60.4,95.0,79.9,503.2,1.707,0.86,361.3,356209,2,0.5266,17503.3,Normal,Normal
2023-07-03 04:00:00,Hydraulic_Press_03,Hydraulic Press,7619.9,1625.0,Bearing Replacement,2.772,74.4,214.2,193.3,79.4,109.7,74.2,112.1,0.602,0.929,433.5,110719,0,0.2251,11560.4,Normal,Normal
2023-07-03 07:00:00,Pickling_Line_02,Pickling Line,7092.2,1860.0,Lubrication,2.703,56.1,284.4,193.1,78.4,109.2,75.6,149.3,1.006,0.948,448.9,85802,0,0.1985,20888.6,Normal,Normal
2023-07-03 10:00:00,Electric_Arc_Furnace_02,Electric Arc Furnace,26214.9,1863.0,Bearing Replacement,7.439,127.5,1421.6,178.3,34.9,72.0,81.3,713.7,0.351,0.825,234.5,302675,0,0.7835,0.0,Electrical Fault,Immediate Action
2023-07-03 10:00:00,Ladle_Crane_01,Ladle Crane,34669.6,827.0,Bearing Replacement,8.552,63.2,410.2,166.6,20.8,72.3,86.8,198.7,2.484,0.828,190.5,336077,2,0.9405,15556.9,Bearing Failure,Normal
2023-07-03 10:00:00,Ladle_Crane_03,Ladle Crane,28081.0,1924.0,Alignment Check,7.623,59.7,379.4,168.8,37.8,82.2,85.9,203.6,7.103,0.814,221.5,244803,1,0.8007,22982.5,Bearing Failure,Normal
2023-07-03 13:00:00,Electric_Arc_Furnace_02,Electric Arc Furnace,27812.7,1702.0,Bearing Replacement,7.139,134.7,1461.1,169.1,39.8,74.0,81.8,766.6,5.525,0.844,237.6,493194,9,0.7751,0.0,Lubrication Failure,Immediate Action
2023-07-03 16:00:00,Rolling_Mill_02,Rolling Mill,33915.4,1501.0,Lubrication,9.161,104.2,1053.8,163.8,14.4,69.1,87.5,541.1,0.728,0.793,175.2,349665,6,1.0,5750.4,Thermal Degradation,Critical
2023-07-03 17:00:00,Pickling_Line_02,Pickling Line,20107.4,1062.0,Full Overhaul,5.425,59.5,311.4,178.6,55.3,100.6,78.6,163.8,0.952,0.919,343.4,397195,1,0.5119,8020.9,Normal,Warning
2023-07-03 23:00:00,Continuous_Caster_02,Continuous Caster,7786.5,426.0,Seal Replacement,3.111,99.1,631.2,192.9,85.0,118.1,75.0,342.1,2.983,0.959,526.6,136258,0,0.1813,27073.1,Normal,Normal
2023-07-04 00:00:00,Continuous_Caster_02,Continuous Caster,30191.1,509.0,Electrical Inspection,7.917,107.8,712.3,161.9,32.4,71.0,85.0,387.1,0.09,0.811,234.4,245804,2,0.834,5794.9,Electrical Fault,Warning
2023-07-04 02:00:00,Continuous_Caster_03,Continuous Caster,26021.3,322.0,Electrical Inspection,7.934,111.7,709.3,168.1,30.8,96.5,82.0,355.2,3.027,0.832,230.4,379809,4,0.7846,9305.1,Lubrication Failure,Warning
2023-07-04 03:00:00,Electric_Arc_Furnace_01,Electric Arc Furnace,14559.4,1697.0,Bearing Replacement,4.169,115.5,1385.3,178.8,62.7,94.2,79.0,615.0,2.157,0.875,359.2,185636,5,0.4266,10521.6,Normal,Normal
2023-07-04 05:00:00,Blast_Furnace_Blower_03,Blast Furnace Blower,16627.6,13.0,Seal Replacement,5.269,84.3,487.3,188.5,56.8,93.5,77.4,266.6,0.62,0.917,352.9,221616,1,0.4308,13334.9,Normal,Normal
2023-07-04 06:00:00,Hydraulic_Press_03,Hydraulic Press,14452.7,534.0,Bearing Replacement,3.224,66.6,225.2,188.1,74.8,92.4,73.6,115.9,1.81,0.895,427.8,192547,3,0.3193,4982.2,Normal,Warning
2023-07-04 07:00:00,Pickling_Line_01,Pickling Line,32555.0,1211.0,Seal Replacement,8.127,71.4,358.9,168.0,38.0,73.2,85.0,185.2,7.951,0.837,232.6,592949,1,0.8708,0.0,Lubrication Failure,Immediate Action
2023-07-04 08:00:00,Hydraulic_Press_01,Hydraulic Press,12089.3,1972.0,Electrical Inspection,2.794,66.2,201.4,181.0,75.5,105.4,75.0,116.6,1.44,0.908,458.8,196178,1,0.2577,7522.8,Normal,Normal
2023-07-04 10:00:00,Hydraulic_Press_02,Hydraulic Press,33725.6,596.0,Alignment Check,9.504,90.0,274.5,151.9,15.2,77.7,85.7,136.4,2.304,0.813,171.6,387450,4,1.0,0.0,Bearing Failure,Immediate Action
2023-07-04 10:00:00,Electric_Arc_Furnace_03,Electric Arc Furnace,31868.5,421.0,Bearing Replacement,7.863,124.3,1476.2,164.1,36.3,81.2,85.1,784.0,4.722,0.839,206.1,452133,6,0.8576,0.0,Lubrication Failure,Immediate Action
2023-07-04 11:00:00,Electric_Arc_Furnace_02,Electric Arc Furnace,22105.2,151.0,Bearing Replacement,6.161,125.5,1416.5,166.3,40.9,92.2,83.0,711.1,2.081,0.879,312.4,306019,1,0.6656,4143.0,Thermal Degradation,Warning
2023-07-04 12:00:00,Pickling_Line_03,Pickling Line,20335.8,568.0,Seal Replacement,5.83,67.9,326.4,161.6,56.4,99.0,80.0,175.2,3.164,0.865,293.5,232748,6,0.6082,6604.2,Lubrication Failure,Warning
2023-07-04 17:00:00,Blast_Furnace_Blower_01,Blast Furnace Blower,13016.1,1654.0,Alignment Check,4.187,84.4,492.7,186.7,59.5,109.6,80.2,249.9,1.13,0.894,358.7,201045,1,0.4315,14193.4,Normal,Normal
2023-07-04 18:00:00,Annealing_Furnace_01,Annealing Furnace,740.0,262.0,Full Overhaul,0.603,121.5,368.5,201.6,98.2,129.8,70.1,186.9,0.733,0.952,500.4,11529,0,0.0,31516.9,Normal,Normal
2023-07-04 19:00:00,Cold_Rolling_Mill_02,Cold Rolling Mill,4554.0,297.0,Bearing Replacement,2.088,65.4,777.6,190.0,86.8,114.3,73.1,400.7,1.794,0.931,464.6,42298,0,0.1504,30751.2,Normal,Normal
2023-07-04 23:00:00,Rolling_Mill_02,Rolling Mill,26422.7,286.0,Electrical Inspection,7.073,105.4,1008.8,170.2,42.6,79.9,86.4,516.7,0.702,0.855,245.1,239653,5,0.761,13770.6,Lubrication Failure,Normal
2023-07-04 23:00:00,Blast_Furnace_Blower_01,Blast Furnace Blower,16556.8,233.0,Bearing Replacement,4.658,88.3,507.0,190.0,71.0,101.2,77.6,264.3,2.649,0.851,353.1,138347,1,0.4793,12331.2,Normal,Normal
2023-07-05 00:00:00,Continuous_Caster_03,Continuous Caster,5329.4,906.0,Lubrication,1.837,104.1,617.2,189.3,86.2,108.7,74.2,310.8,2.19,0.921,515.8,80514,3,0.1513,31675.1,Normal,Normal
2023-07-05 03:00:00,Hot_Strip_Mill_02,Hot Strip Mill,9312.2,1655.0,Lubrication,3.163,91.9,992.0,192.2,75.3,107.7,75.1,499.8,2.641,0.888,393.3,185785,1,0.3082,28247.1,Normal,Normal
2023-07-05 04:00:00,Annealing_Furnace_03,Annealing Furnace,33179.5,919.0,Alignment Check,9.093,134.3,482.9,158.3,12.7,69.7,89.7,255.8,0.974,0.788,157.3,627228,7,0.9846,0.0,Thermal Degradation,Immediate Action
2023-07-05 12:00:00,Annealing_Furnace_01,Annealing Furnace,12912.9,1088.0,Full Overhaul,3.978,134.0,398.5,182.2,70.3,98.8,75.8,212.0,0.363,0.918,387.5,174734,0,0.3688,20901.9,Normal,Normal
2023-07-05 13:00:00,Annealing_Furnace_01,Annealing Furnace,31778.1,1144.0,Seal Replacement,8.203,139.9,444.7,158.3,35.0,67.4,88.7,238.8,1.162,0.796,313.5,375826,7,0.885,1028.6,Lubrication Failure,Immediate Action
2023-07-05 16:00:00,Hydraulic_Press_01,Hydraulic Press,10731.8,771.0,Lubrication,2.902,66.3,219.7,189.6,89.6,108.4,78.3,112.8,0.194,0.912,409.5,180284,0,0.2779,10101.9,Normal,Normal
2023-07-05 18:00:00,Rolling_Mill_03,Rolling Mill,814.7,1266.0,Bearing Replacement,1.036,87.8,884.5,200.2,100.0,121.4,74.2,448.8,0.105,0.949,492.5,6856,0,0.0344,39241.6,Normal,Normal
2023-07-05 18:00:00,Rolling_Mill_02,Rolling Mill,19058.4,678.0,Bearing Replacement,5.457,94.8,932.1,182.2,54.5,88.0,81.0,508.1,0.213,0.847,324.2,229148,3,0.5463,20735.0,Normal,Normal
2023-07-05 20:00:00,Continuous_Caster_02,Continuous Caster,18313.4,700.0,Alignment Check,5.053,105.2,666.2,178.2,64.3,93.4,83.7,325.0,1.622,0.87,333.6,260201,0,0.5187,16060.0,Normal,Normal
2023-07-05 20:00:00,Continuous_Caster_02,Continuous Caster,22329.3,234.0,Seal Replacement,5.494,108.9,695.4,173.8,46.9,91.2,79.5,359.4,2.111,0.849,303.4,264568,2,0.5734,11921.6,Bearing Failure,Normal
2023-07-06 02:00:00,Rolling_Mill_01,Rolling Mill,8277.2,1725.0,Lubrication,2.441,84.7,893.5,199.8,89.4,108.2,75.6,435.5,3.994,0.938,426.5,70612,1,0.2213,32200.6,Normal,Normal
2023-07-06 04:00:00,Blast_Furnace_Blower_02,Blast Furnace Blower,20304.9,1173.0,Electrical Inspection,5.255,86.0,524.6,175.1,51.7,85.3,80.3,258.1,2.5,0.851,314.4,347550,7,0.5538,9363.5,Bearing Failure,Normal
2023-07-06 07:00:00,Ladle_Crane_03,Ladle Crane,22686.2,1657.0,Seal Replacement,6.14,58.4,367.7,171.2,49.4,84.1,80.2,191.4,2.036,0.839,329.0,337517,1,0.6489,30645.1,Lubrication Failure,Normal
2023-07-06 07:00:00,Pickling_Line_03,Pickling Line,24072.3,954.0,Electrical Inspection,7.437,68.5,323.9,159.6,28.5,75.0,83.4,174.1,2.183,0.795,236.4,293389,2,0.8146,4635.4,Lubrication Failure,Warning
2023-07-06 10:00:00,Continuous_Caster_01,Continuous Caster,27196.5,1287.0,Bearing Replacement,7.46,109.8,707.3,176.8,34.3,75.7,84.6,370.3,1.749,0.824,229.8,353595,7,0.7985,9780.9,Lubrication Failure,Warning
2023-07-06 12:00:00,Electric_Arc_Furnace_01,Electric Arc Furnace,10965.7,1839.0,Electrical Inspection,3.976,115.7,1213.8,176.5,61.4,96.6,82.2,675.2,0.714,0.869,388.6,98021,2,0.3764,12362.8,Normal,Normal
2023-07-06 13:00:00,Electric_Arc_Furnace_03,Electric Arc Furnace,34357.1,702.0,Lubrication,9.148,127.2,1507.1,163.7,29.1,66.9,86.7,790.0,1.861,0.84,176.3,447634,5,0.9827,0.0,Bearing Failure,Immediate Action
2023-07-06 13:00:00,Pickling_Line_02,Pickling Line,19915.4,1498.0,Seal Replacement,5.898,61.3,304.8,183.4,58.5,88.4,77.9,159.3,2.366,0.886,317.3,188858,3,0.5348,9676.7,Normal,Normal
2023-07-06 14:00:00,Ladle_Crane_02,Ladle Crane,31445.2,657.0,Seal Replacement,8.952,65.0,398.7,159.2,23.4,68.3,85.7,204.9,1.785,0.846,214.6,308648,4,0.9599,16663.4,Mechanical Wear,Normal
2023-07-06 14:00:00,Ladle_Crane_01,Ladle Crane,33348.0,545.0,Full Overhaul,8.068,58.6,384.4,166.2,22.9,79.0,86.2,204.2,2.882,0.847,249.5,342805,1,0.8738,14023.0,Mechanical Wear,Warning
2023-07-06 15:00:00,Rolling_Mill_03,Rolling Mill,13576.2,952.0,Full Overhaul,3.741,89.8,925.6,187.3,68.2,102.1,78.8,465.2,0.131,0.876,386.0,168678,1,0.3762,26715.5,Normal,Normal
2023-07-06 16:00:00,Pickling_Line_01,Pickling Line,27563.8,1840.0,Electrical Inspection,7.636,64.6,323.9,178.6,35.6,74.3,81.6,169.5,6.045,0.826,255.8,393830,5,0.8186,420.9,Bearing Failure,Immediate Action
2023-07-06 18:00:00,Electric_Arc_Furnace_02,Electric Arc Furnace,21734.4,35.0,Bearing Replacement,6.021,128.1,1409.5,184.1,49.9,87.1,81.6,686.3,2.72,0.848,293.7,319287,4,0.6174,3861.8,Lubrication Failure,Warning
2023-07-06 18:00:00,Hot_Strip_Mill_01,Hot Strip Mill,2987.5,1521.0,Lubrication,1.37,94.8,907.3,201.4,98.8,107.9,68.7,451.0,0.602,0.921,523.4,41448,0,0.057,34911.7,Normal,Normal
2023-07-06 21:00:00,Ladle_Crane_01,Ladle Crane,28856.9,705.0,Electrical Inspection,7.815,65.8,389.0,169.3,46.2,80.8,86.2,191.8,13.002,0.827,228.5,256117,6,0.7989,22980.7,Mechanical Wear,Normal
2023-07-06 21:00:00,Hydraulic_Press_02,Hydraulic Press,23730.8,1620.0,Seal Replacement,6.486,80.3,249.4,175.6,44.2,84.0,79.0,130.8,6.117,0.846,281.5,212582,5,0.6938,0.0,Electrical Fault,Immediate Action
2023-07-06 23:00:00,Ladle_Crane_01,Ladle Crane,7042.2,868.0,Full Overhaul,1.626,48.6,332.5,196.3,89.5,109.2,72.0,168.9,0.488,0.925,507.3,73719,1,0.1227,44830.0,Normal,Normal
2023-07-07 02:00:00,Ladle_Crane_03,Ladle Crane,2882.9,1444.0,Lubrication,1.503,45.9,318.0,198.2,89.3,126.1,74.2,156.8,1.605,0.944,485.6,53368,0,0.0886,47071.0,Normal,Normal
2023-07-07 03:00:00,Hydraulic_Press_03,Hydraulic Press,29312.1,1676.0,Full Overhaul,8.178,87.7,257.6,161.8,35.2,75.0,83.8,125.2,2.187,0.815,200.6,273733,2,0.8738,0.0,Bearing Failure,Immediate Action
2023-07-07 03:00:00,Blast_Furnace_Blower_03,Blast Furnace Blower,2853.7,941.0,Lubrication,1.113,76.4,463.0,197.1,100.0,119.1,73.7,236.7,0.07,0.93,501.7,47558,1,0.0634,27931.0,Normal,Normal
2023-07-07 03:00:00,Rolling_Mill_01,Rolling Mill,3288.2,1464.0,Lubrication,0.901,77.5,836.2,203.3,97.8,117.5,75.9,437.4,0.493,0.953,496.8,58638,0,0.016,36347.4,Normal,Normal
2023-07-07 04:00:00,Continuous_Caster_02,Continuous Caster,15016.5,137.0,Full Overhaul,4.057,95.3,666.2,184.1,69.0,94.1,80.2,320.6,3.028,0.906,367.3,139046,4,0.4034,19947.7,Normal,Normal
2023-07-07 05:00:00,Cold_Rolling_Mill_02,Cold Rolling Mill,4804.4,596.0,Full Overhaul,1.92,64.1,741.9,197.2,90.3,114.4,73.0,381.0,0.716,0.937,499.4,72837,2,0.1311,30105.7,Normal,Normal
2023-07-07 05:00:00,Blast_Furnace_Blower_02,Blast Furnace Blower,31987.1,645.0,Alignment Check,7.914,88.4,554.2,163.0,27.4,74.4,84.4,289.0,0.588,0.819,225.7,551106,4,0.8601,0.0,Thermal Degradation,Immediate Action
2023-07-07 09:00:00,Ladle_Crane_02,Ladle Crane,16512.9,951.0,Seal Replacement,4.792,54.9,360.8,180.8,65.8,99.8,76.7,167.0,4.977,0.883,335.5,291259,1,0.4733,33030.8,Normal,Normal
2023-07-07 10:00:00,Ladle_Crane_03,Ladle Crane,19963.4,1294.0,Seal Replacement,5.86,59.6,380.6,170.7,53.5,89.5,82.8,181.2,0.488,0.903,314.4,166654,2,0.579,31122.9,Mechanical Wear,Normal
2023-07-07 12:00:00,Rolling_Mill_01,Rolling Mill,32490.9,940.0,Lubrication,10.078,101.5,1109.1,164.4,22.1,69.3,87.8,540.8,0.002,0.785,159.8,468596,4,0.9884,5903.5,Lubrication Failure,Critical
2023-07-07 12:00:00,Annealing_Furnace_01,Annealing Furnace,18606.2,1686.0,Seal Replacement,5.675,129.3,426.8,170.3,63.0,99.0,78.2,225.7,4.509,0.877,317.1,190460,3,0.5234,13077.3,Normal,Normal
2023-07-07 12:00:00,Pickling_Line_01,Pickling Line,12440.3,516.0,Seal Replacement,3.779,61.2,309.6,188.0,69.5,102.6,78.1,153.5,1.497,0.908,379.9,232281,0,0.361,14585.7,Normal,Normal
2023-07-07 19:00:00,Cold_Rolling_Mill_02,Cold Rolling Mill,27920.7,270.0,Seal Replacement,7.248,71.9,902.2,162.4,38.9,82.4,80.4,473.4,2.413,0.819,260.2,379110,4,0.7702,6894.2,Thermal Degradation,Warning
2023-07-07 19:00:00,Hydraulic_Press_01,Hydraulic Press,15555.5,742.0,Alignment Check,4.248,67.7,230.3,178.4,62.7,100.2,79.0,115.2,1.708,0.883,363.1,202046,4,0.4206,4808.2,Normal,Warning
2023-07-07 19:00:00,Annealing_Furnace_01,Annealing Furnace,11214.6,485.0,Lubrication,3.531,122.7,393.5,180.9,66.1,106.8,79.9,213.4,1.108,0.9,381.7,117547,4,0.3556,21864.9,Normal,Normal
2023-07-07 20:00:00,Ladle_Crane_02,Ladle Crane,25340.7,1187.0,Bearing Replacement,6.609,53.3,366.1,175.8,43.6,96.8,84.1,195.3,0.272,0.82,387.3,262393,7,0.7123,21160.5,Electrical Fault,Normal
2023-07-08 00:00:00,Electric_Arc_Furnace_03,Electric Arc Furnace,27730.9,1474.0,Electrical Inspection,7.572,125.0,1446.7,167.5,41.4,79.9,86.0,731.1,1.789,0.8,228.5,244352,3,0.79,0.0,Mechanical Wear,Immediate Action
2023-07-08 00:00:00,Continuous_Caster_02,Continuous Caster,34220.8,1572.0,Bearing Replacement,8.485,111.3,763.0,161.1,22.5,70.5,84.9,387.1,0.709,0.841,182.3,291041,3,0.9205,0.0,Lubrication Failure,Immediate Action
2023-07-08 00:00:00,Continuous_Caster_02,Continuous Caster,28076.0,1141.0,Bearing Replacement,7.688,111.2,716.9,160.2,33.6,75.6,85.2,365.9,1.912,0.817,222.0,558571,4,0.8435,8878.9,Thermal Degradation,Warning
2023-07-08 03:00:00,Ladle_Crane_03,Ladle Crane,27554.7,284.0,Full Overhaul,6.917,54.4,379.2,168.6,34.5,80.9,79.0,196.1,0.846,0.799,238.8,308362,4,0.7526,23685.6,Bearing Failure,Normal
2023-07-08 04:00:00,Continuous_Caster_02,Continuous Caster,26970.7,689.0,Full Overhaul,8.43,117.3,752.5,168.1,37.6,77.2,88.2,385.4,5.587,0.807,206.9,334389,9,0.8915,7546.1,Bearing Failure,Warning
2023-07-08 04:00:00,Hot_Strip_Mill_02,Hot Strip Mill,30026.2,157.0,Seal Replacement,8.06,104.6,1131.0,165.2,32.4,79.8,86.6,580.0,6.152,0.782,243.8,380093,8,0.8529,7861.9,Mechanical Wear,Warning
2023-07-08 05:00:00,Hot_Strip_Mill_02,Hot Strip Mill,106.5,1359.0,Electrical Inspection,0.882,100.3,884.5,199.3,93.1,125.6,72.7,445.8,0.407,0.986,539.3,1096,0,0.0,38579.9,Normal,Normal
2023-07-08 09:00:00,Pickling_Line_03,Pickling Line,12748.9,1603.0,Alignment Check,3.387,64.6,289.7,183.1,75.1,102.8,76.8,137.6,1.402,0.935,448.7,245660,0,0.3073,15654.3,Normal,Normal
2023-07-08 10:00:00,Ladle_Crane_03,Ladle Crane,25842.3,1923.0,Alignment Check,6.526,50.8,376.6,167.1,40.5,86.8,84.2,186.2,1.348,0.881,254.5,486494,4,0.7027,23298.2,Electrical Fault,Normal
2023-07-08 12:00:00,Electric_Arc_Furnace_03,Electric Arc Furnace,10700.3,1479.0,Bearing Replacement,3.793,113.9,1355.6,192.3,75.9,105.5,80.3,664.4,0.082,0.883,413.5,114463,1,0.3788,15156.8,Normal,Normal
2023-07-08 12:00:00,Electric_Arc_Furnace_03,Electric Arc Furnace,11854.1,417.0,Seal Replacement,3.896,116.4,1362.3,186.0,63.7,99.9,79.1,677.0,7.43,0.903,376.1,216428,0,0.3719,11749.6,Normal,Normal
2023-07-08 12:00:00,Hydraulic_Press_01,Hydraulic Press,6297.3,1264.0,Seal Replacement,2.072,64.7,228.0,193.2,87.9,109.8,73.5,102.7,0.931,0.957,506.0,107327,1,0.125,13391.8,Normal,Normal
2023-07-08 12:00:00,Pickling_Line_03,Pickling Line,21030.2,1914.0,Seal Replacement,5.247,71.1,307.7,170.7,57.3,87.6,82.0,154.8,5.09,0.861,321.8,293731,1,0.5562,6484.9,Lubrication Failure,Warning
2023-07-08 17:00:00,Continuous_Caster_03,Continuous Caster,19917.2,1166.0,Electrical Inspection,5.451,110.7,652.7,177.9,61.7,88.6,79.2,335.1,6.136,0.873,318.3,257791,5,0.5591,14912.8,Mechanical Wear,Normal
2023-07-08 17:00:00,Ladle_Crane_03,Ladle Crane,29122.8,662.0,Bearing Replacement,8.085,63.1,380.7,160.1,39.5,72.2,88.7,203.2,2.638,0.832,221.1,279649,8,0.8027,23236.0,Electrical Fault,Normal
2023-07-08 17:00:00,Annealing_Furnace_03,Annealing Furnace,32644.0,218.0,Electrical Inspection,8.6,139.2,468.4,168.6,27.6,78.7,84.3,248.8,13.447,0.793,182.8,571830,3,0.9246,31.6,Mechanical Wear,Immediate Action
2023-07-08 18:00:00,Hydraulic_Press_02,Hydraulic Press,26278.2,981.0,Seal Replacement,7.899,78.5,256.6,174.4,38.0,69.4,80.7,139.7,4.531,0.836,302.6,361821,4,0.8398,0.0,Mechanical Wear,Immediate Action
2023-07-08 18:00:00,Cold_Rolling_Mill_02,Cold Rolling Mill,29519.0,842.0,Seal Replacement,7.417,79.8,891.9,163.8,42.1,72.2,81.4,478.9,5.55,0.835,237.5,451185,7,0.8001,6321.1,Electrical Fault,Warning
2023-07-08 20:00:00,Hot_Strip_Mill_03,Hot Strip Mill,16506.3,138.0,Bearing Replacement,4.794,93.9,918.3,179.4,68.6,103.3,80.3,521.6,3.579,0.884,496.2,313613,2,0.3928,20167.2,Normal,Normal
2023-07-08 22:00:00,Rolling_Mill_02,Rolling Mill,13805.5,1913.0,Bearing Replacement,4.283,95.2,989.6,184.1,67.5,99.6,76.8,465.7,1.621,0.861,415.4,154541,2,0.4449,25367.7,Normal,Normal
2023-07-08 22:00:00,Electric_Arc_Furnace_02,Electric Arc Furnace,13703.2,1909.0,Lubrication,4.396,122.7,1344.1,190.2,74.2,97.6,80.9,680.7,3.08,0.909,351.6,203738,3,0.4249,11338.6,Normal,Normal
2023-07-08 23:00:00,Blast_Furnace_Blower_03,Blast Furnace Blower,21599.7,1118.0,Lubrication,6.606,86.4,554.7,181.0,42.1,84.1,81.2,269.0,6.072,0.826,267.3,261680,2,0.6897,10407.9,Lubrication Failure,Normal
2023-07-09 01:00:00,Cold_Rolling_Mill_02,Cold Rolling Mill,20324.3,516.0,Alignment Check,5.3,74.9,857.4,167.8,60.3,97.8,82.2,435.7,2.447,0.844,304.6,360863,3,0.5636,16364.1,Lubrication Failure,Normal
2023-07-09 01:00:00,Continuous_Caster_02,Continuous Caster,4435.9,1889.0,Lubrication,1.563,105.7,611.6,201.5,84.5,118.9,72.5,322.4,2.105,0.917,463.5,81075,0,0.1091,30398.1,Normal,Normal
2023-07-09 02:00:00,Annealing_Furnace_02,Annealing Furnace,23313.1,1583.0,Bearing Replacement,7.186,137.6,441.4,177.3,38.7,88.2,81.2,235.2,3.336,0.824,240.1,393419,3,0.7667,10321.2,Mechanical Wear,Normal
2023-07-09 02:00:00,Hydraulic_Press_02,Hydraulic Press,15417.9,1898.0,Seal Replacement,4.943,74.8,235.2,181.8,53.4,95.4,81.0,123.5,1.842,0.886,348.2,147200,1,0.4703,3924.0,Normal,Warning
2023-07-09 02:00:00,Rolling_Mill_01,Rolling Mill,33365.5,791.0,Electrical Inspection,8.777,99.4,1040.7,162.2,25.7,66.9,86.6,548.1,1.829,0.791,169.6,344733,5,0.949,3898.8,Thermal Degradation,Critical
2023-07-09 03:00:00,Pickling_Line_02,Pickling Line,21326.6,605.0,Seal Replacement,6.199,67.8,320.1,174.8,47.9,88.2,80.4,165.3,0.618,0.867,316.1,350521,5,0.6345,7085.0,Electrical Fault,Warning
2023-07-09 05:00:00,Rolling_Mill_03,Rolling Mill,7778.0,1389.0,Lubrication,2.51,95.4,854.4,191.6,80.6,105.8,74.1,439.6,0.555,0.946,443.2,88177,0,0.2004,33036.0,Normal,Normal
2023-07-09 05:00:00,Continuous_Caster_03,Continuous Caster,16824.6,948.0,Full Overhaul,5.048,99.4,702.1,172.6,65.4,92.3,79.0,369.0,5.275,0.91,335.6,278214,1,0.4958,17740.6,Normal,Normal
2023-07-09 06:00:00,Continuous_Caster_02,Continuous Caster,23671.6,757.0,Electrical Inspection,6.517,111.1,699.2,179.3,40.8,94.9,81.9,366.4,8.626,0.813,273.0,386354,6,0.6906,10114.3,Thermal Degradation,Warning
2023-07-09 07:00:00,Cold_Rolling_Mill_03,Cold Rolling Mill,11394.7,1556.0,Seal Replacement,3.76,72.9,808.1,182.5,68.4,105.9,76.1,399.5,0.151,0.911,384.8,171644,2,0.3673,24939.9,Normal,Normal
2023-07-09 09:00:00,Annealing_Furnace_03,Annealing Furnace,2879.5,479.0,Full Overhaul,0.782,126.4,385.7,197.1,96.3,116.9,76.7,186.4,1.454,0.953,490.6,57186,1,0.033,29097.7,Normal,Normal
2023-07-09 14:00:00,Continuous_Caster_02,Continuous Caster,20461.9,1376.0,Full Overhaul,5.671,103.4,679.9,178.8,56.9,89.4,82.2,353.9,4.863,0.85,290.2,378404,5,0.6024,14876.4,Lubrication Failure,Normal
2023-07-09 15:00:00,Rolling_Mill_01,Rolling Mill,33180.7,775.0,Electrical Inspection,8.966,100.6,985.6,173.2,23.0,73.0,87.2,549.1,0.927,0.813,211.3,313480,3,0.8897,5459.8,Mechanical Wear,Critical
2023-07-09 16:00:00,Hot_Strip_Mill_02,Hot Strip Mill,17029.0,523.0,Lubrication,5.987,102.0,1065.8,176.4,50.4,91.9,81.0,525.7,0.767,0.861,310.3,286083,3,0.5803,21341.3,Electrical Fault,Normal
2023-07-09 16:00:00,Cold_Rolling_Mill_01,Cold Rolling Mill,31723.2,1862.0,Alignment Check,8.123,79.5,916.8,165.6,31.3,73.6,85.9,451.8,3.884,0.837,190.6,576828,4,0.8854,5161.9,Mechanical Wear,Critical
2023-07-09 19:00:00,Electric_Arc_Furnace_02,Electric Arc Furnace,29242.3,496.0,Full Overhaul,7.052,130.2,1454.2,176.9,42.3,87.8,82.7,689.8,8.028,0.854,258.5,539903,5,0.7528,0.0,Bearing Failure,Immediate Action
2023-07-09 21:00:00,Ladle_Crane_03,Ladle Crane,5244.7,774.0,Full Overhaul,3.798,50.0,345.0,191.3,71.3,105.5,78.6,162.4,1.392,0.93,423.4,74325,3,0.2887,46945.9,Normal,Normal
2023-07-09 23:00:00,Ladle_Crane_01,Ladle Crane,24815.1,1242.0,Electrical Inspection,6.392,62.4,383.7,175.0,43.4,81.4,82.4,196.0,0.637,0.833,331.1,453905,4,0.6829,25566.6,Lubrication Failure,Normal
2023-07-09 23:00:00,Cold_Rolling_Mill_02,Cold Rolling Mill,15297.7,122.0,Bearing Replacement,4.484,58.6,848.6,167.9,64.1,105.1,77.3,427.2,1.824,0.882,365.2,279219,2,0.4418,21621.3,Normal,Normal
2023-07-10 03:00:00,Cold_Rolling_Mill_03,Cold Rolling Mill,8833.6,204.0,Electrical Inspection,1.931,62.3,731.5,191.8,88.0,114.0,69.2,383.3,0.549,0.95,447.8,129387,2,0.1676,25785.2,Normal,Normal
2023-07-10 05:00:00,Hot_Strip_Mill_03,Hot Strip Mill,24074.1,1258.0,Alignment Check,6.614,107.5,1066.3,173.4,44.1,87.7,80.5,578.5,2.781,0.848,265.6,348936,4,0.6852,14704.0,Bearing Failure,Normal
2023-07-10 06:00:00,Pickling_Line_03,Pickling Line,26018.9,1182.0,Lubrication,8.328,74.9,330.4,167.7,41.5,69.5,84.1,174.4,0.278,0.852,222.8,400253,4,0.827,599.6,Lubrication Failure,Immediate Action
2023-07-10 06:00:00,Annealing_Furnace_03,Annealing Furnace,6378.4,1205.0,Seal Replacement,2.997,120.5,390.4,195.9,82.1,108.9,75.4,189.9,0.373,0.912,425.8,63063,3,0.2175,24711.3,Normal,Normal
2023-07-10 06:00:00,Ladle_Crane_02,Ladle Crane,32014.1,1186.0,Seal Replacement,7.761,65.7,370.1,160.7,41.2,74.9,82.1,198.8,5.32,0.852,223.3,539976,6,0.8296,18380.9,Lubrication Failure,Normal
2023-07-10 07:00:00,Hydraulic_Press_03,Hydraulic Press,26315.0,1669.0,Alignment Check,6.881,73.6,258.9,166.3,40.6,70.1,78.4,129.3,3.256,0.832,258.2,491690,6,0.7137,0.0,Electrical Fault,Immediate Action
2023-07-10 07:00:00,Rolling_Mill_02,Rolling Mill,32674.8,661.0,Full Overhaul,9.079,109.4,1054.7,165.7,13.6,70.6,91.1,541.2,9.996,0.767,192.6,480968,5,0.9795,7358.2,Thermal Degradation,Warning
2023-07-10 07:00:00,Annealing_Furnace_01,Annealing Furnace,11165.9,351.0,Full Overhaul,3.503,126.2,408.6,191.4,84.5,101.8,77.3,208.6,2.918,0.906,400.9,188056,1,0.3509,22684.4,Normal,Normal
2023-07-10 09:00:00,Hot_Strip_Mill_03,Hot Strip Mill,32882.8,1795.0,Alignment Check,8.331,106.5,1085.3,158.2,26.3,80.5,85.1,584.4,4.154,0.812,185.6,469160,4,0.9152,5130.7,Electrical Fault,Critical
2023-07-10 10:00:00,Hydraulic_Press_02,Hydraulic Press,12961.3,1119.0,Full Overhaul,4.812,71.6,245.3,185.7,70.6,97.6,78.2,118.1,6.044,0.846,376.5,191089,3,0.3902,7464.6,Normal,Normal
2023-07-10 11:00:00,Annealing_Furnace_01,Annealing Furnace,1983.5,1578.0,Seal Replacement,0.589,121.5,391.6,198.8,92.7,115.9,69.9,194.8,0.368,0.941,525.2,29604,0,0.0,29952.4,Normal,Normal
2023-07-10 13:00:00,Blast_Furnace_Blower_01,Blast Furnace Blower,26727.6,384.0,Seal Replacement,6.581,97.3,496.1,168.8,45.4,81.7,84.7,278.5,2.571,0.862,259.4,295810,1,0.6983,3185.6,Lubrication Failure,Critical
2023-07-10 15:00:00,Pickling_Line_03,Pickling Line,24652.4,927.0,Lubrication,5.641,71.5,332.0,170.8,57.7,92.3,79.7,155.6,7.559,0.857,366.6,423623,4,0.5797,2525.8,Electrical Fault,Critical
2023-07-10 16:00:00,Electric_Arc_Furnace_03,Electric Arc Furnace,20967.1,236.0,Alignment Check,7.146,118.3,1360.5,169.7,42.6,93.5,80.2,729.8,1.319,0.879,276.1,272618,3,0.6453,4309.0,Electrical Fault,Warning
2023-07-10 19:00:00,Ladle_Crane_02,Ladle Crane,17197.3,198.0,Bearing Replacement,4.983,50.6,365.2,176.4,60.4,95.7,78.1,187.2,2.632,0.867,391.1,149947,5,0.4861,36605.9,Normal,Normal
2023-07-10 21:00:00,Hot_Strip_Mill_03,Hot Strip Mill,1222.6,908.0,Bearing Replacement,1.097,83.1,895.9,206.4,96.9,115.4,71.2,459.0,0.046,0.936,488.0,16891,0,0.0351,36877.6,Normal,Normal
2023-07-10 22:00:00,Pickling_Line_02,Pickling Line,21898.4,1190.0,Full Overhaul,4.736,65.7,298.5,183.6,55.8,95.5,76.8,161.6,1.173,0.848,347.9,207853,5,0.4722,5877.3,Normal,Warning
2023-07-11 00:00:00,Ladle_Crane_03,Ladle Crane,14647.5,1855.0,Lubrication,4.398,52.6,348.3,184.8,74.8,102.5,79.1,174.2,0.885,0.921,361.2,257659,0,0.416,37062.7,Normal,Normal
2023-07-11 02:00:00,Continuous_Caster_03,Continuous Caster,19651.3,98.0,Bearing Replacement,5.834,109.3,692.7,170.8,39.5,96.4,82.0,371.3,3.554,0.9,362.5,197645,3,0.589,16422.6,Mechanical Wear,Normal
2023-07-11 04:00:00,Cold_Rolling_Mill_02,Cold Rolling Mill,15083.3,745.0,Full Overhaul,3.974,64.5,817.0,193.6,63.2,109.6,74.3,420.3,3.106,0.932,424.4,284109,2,0.3265,21390.9,Normal,Normal
2023-07-11 05:00:00,Pickling_Line_02,Pickling Line,33815.4,1479.0,Bearing Replacement,8.965,72.8,344.8,168.5,23.1,71.0,86.0,184.4,3.219,0.815,207.6,630979,5,0.9684,0.0,Mechanical Wear,Immediate Action
2023-07-11 07:00:00,Electric_Arc_Furnace_01,Electric Arc Furnace,26248.3,1506.0,Seal Replacement,7.171,128.9,1422.8,171.6,45.3,87.7,81.9,751.2,4.411,0.842,247.9,309813,7,0.7267,0.0,Bearing Failure,Immediate Action
2023-07-11 07:00:00,Hydraulic_Press_03,Hydraulic Press,21183.4,608.0,Bearing Replacement,5.78,71.2,241.9,177.1,46.9,92.2,81.3,129.8,3.444,0.833,302.9,395291,2,0.6019,0.0,Lubrication Failure,Immediate Action
2023-07-11 09:00:00,Cold_Rolling_Mill_02,Cold Rolling Mill,32778.5,1901.0,Lubrication,9.483,77.6,958.0,160.7,18.3,69.6,88.6,500.7,4.066,0.766,155.7,386900,10,1.0,4208.4,Electrical Fault,Critical
2023-07-11 09:00:00,Hot_Strip_Mill_01,Hot Strip Mill,20746.8,1177.0,Seal Replacement,6.048,99.6,1080.8,177.9,50.3,91.1,84.8,493.3,2.053,0.867,289.0,256151,6,0.6462,16319.2,Lubrication Failure,Normal
2023-07-11 10:00:00,Hot_Strip_Mill_03,Hot Strip Mill,521.0,501.0,Full Overhaul,2.118,97.5,940.7,185.5,78.7,114.8,75.7,423.1,0.781,0.908,446.6,9674,1,0.1808,36810.2,Normal,Normal
2023-07-11 11:00:00,Ladle_Crane_01,Ladle Crane,1296.8,1190.0,Bearing Replacement,1.456,39.1,307.3,194.7,98.0,122.7,72.0,159.0,0.171,0.942,507.9,16309,0,0.0,48848.5,Normal,Normal
2023-07-11 13:00:00,Hydraulic_Press_01,Hydraulic Press,24611.6,607.0,Alignment Check,6.835,81.7,252.1,167.0,39.8,87.8,81.3,128.9,0.86,0.822,253.6,364086,6,0.7246,0.0,Lubrication Failure,Immediate Action
2023-07-11 14:00:00,Pickling_Line_02,Pickling Line,9840.1,339.0,Seal Replacement,3.747,59.1,310.7,183.4,83.2,112.5,74.4,156.8,0.329,0.923,380.7,193390,0,0.3561,17849.2,Normal,Normal
2023-07-11 14:00:00,Blast_Furnace_Blower_02,Blast Furnace Blower,20320.4,1585.0,Seal Replacement,5.252,85.5,523.5,179.7,54.1,88.6,78.6,264.4,2.836,0.866,324.4,332817,2,0.546,8528.1,Normal,Warning
2023-07-11 17:00:00,Hot_Strip_Mill_03,Hot Strip Mill,7159.5,1326.0,Seal Replacement,3.154,88.0,939.2,193.5,65.4,112.1,77.8,494.2,1.835,0.941,422.1,125715,0,0.2891,29079.5,Normal,Normal
2023-07-11 19:00:00,Rolling_Mill_01,Rolling Mill,17712.0,1744.0,Bearing Replacement,4.257,101.6,947.0,175.4,65.3,98.8,80.7,465.6,1.473,0.921,354.4,302682,2,0.4187,21557.3,Normal,Normal
2023-07-11 19:00:00,Cold_Rolling_Mill_03,Cold Rolling Mill,9531.7,1700.0,Alignment Check,3.378,68.1,822.6,193.0,82.3,106.4,74.4,409.7,1.119,0.913,421.8,128765,3,0.2906,29099.2,Normal,Normal
2023-07-11 23:00:00,Pickling_Line_02,Pickling Line,34147.4,713.0,Bearing Replacement,8.36,68.2,348.7,173.0,28.4,71.7,84.9,170.4,0.177,0.831,181.6,600444,5,0.9113,0.0,Thermal Degradation,Immediate Action
2023-07-11 23:00:00,Blast_Furnace_Blower_02,Blast Furnace Blower,21607.8,225.0,Alignment Check,5.531,91.4,505.9,187.5,51.2,92.0,78.5,263.5,0.379,0.877,295.9,349994,4,0.5883,8464.4,Bearing Failure,Warning
2023-07-12 03:00:00,Hydraulic_Press_02,Hydraulic Press,32771.6,943.0,Full Overhaul,9.212,83.4,247.1,170.9,19.1,70.8,86.4,131.7,0.477,0.794,174.2,655157,7,0.9319,0.0,Mechanical Wear,Immediate Action
2023-07-12 03:00:00,Continuous_Caster_03,Continuous Caster,33582.4,709.0,Seal Replacement,9.616,117.1,725.5,156.6,26.5,69.2,85.3,384.9,3.898,0.77,161.6,300449,10,1.0,890.9,Bearing Failure,Immediate Action
2023-07-12 05:00:00,Continuous_Caster_02,Continuous Caster,7363.0,1267.0,Bearing Replacement,2.72,94.4,646.8,189.3,78.6,102.4,76.8,298.4,2.328,0.891,429.0,132435,1,0.2059,29563.1,Normal,Normal
2023-07-12 07:00:00,Electric_Arc_Furnace_03,Electric Arc Furnace,10960.7,1686.0,Full Overhaul,4.027,113.3,1373.6,177.2,62.7,101.9,76.0,662.7,2.017,0.894,380.8,116215,2,0.3731,14307.9,Normal,Normal
2023-07-12 08:00:00,Pickling_Line_01,Pickling Line,26972.7,1223.0,Full Overhaul,7.314,70.9,340.9,170.4,40.3,76.7,79.6,174.0,1.116,0.82,236.6,418794,2,0.776,1855.6,Thermal Degradation,Critical
2023-07-12 08:00:00,Electric_Arc_Furnace_03,Electric Arc Furnace,30350.1,22.0,Seal Replacement,8.559,126.5,1416.2,166.7,31.4,75.8,84.0,721.4,1.015,0.832,197.5,540407,5,0.8678,0.0,Thermal Degradation,Immediate Action
2023-07-12 11:00:00,Rolling_Mill_02,Rolling Mill,18221.0,1207.0,Full Overhaul,5.272,95.7,956.4,177.9,64.9,94.7,76.4,496.7,0.034,0.89,324.7,287798,0,0.506,22031.8,Normal,Normal
2023-07-12 12:00:00,Rolling_Mill_01,Rolling Mill,34763.6,258.0,Electrical Inspection,9.508,99.1,1069.9,155.4,21.4,65.4,88.6,529.4,0.851,0.798,179.6,392249,8,1.0,4970.9,Lubrication Failure,Critical
2023-07-12 12:00:00,Pickling_Line_02,Pickling Line,503.9,633.0,Lubrication,0.789,57.9,281.8,200.3,98.0,114.3,74.4,143.6,1.056,0.916,518.5,5885,0,0.0209,26291.7,Normal,Normal
2023-07-12 13:00:00,Pickling_Line_02,Pickling Line,10555.8,481.0,Full Overhaul,2.917,61.9,299.9,188.6,83.3,104.5,74.8,146.6,1.347,0.94,414.0,160464,4,0.265,17122.6,Normal,Normal
2023-07-12 15:00:00,Annealing_Furnace_02,Annealing Furnace,21848.3,1006.0,Lubrication,6.315,137.2,428.7,176.3,40.5,84.6,84.7,234.4,0.875,0.83,278.5,412169,4,0.6408,9995.7,Mechanical Wear,Normal
2023-07-12 16:00:00,Ladle_Crane_02,Ladle Crane,16478.2,1575.0,Full Overhaul,4.447,55.2,341.5,189.9,63.3,98.2,77.0,176.5,1.825,0.905,352.0,261738,1,0.4479,32310.9,Normal,Normal
2023-07-12 18:00:00,Ladle_Crane_01,Ladle Crane,4169.4,76.0,Seal Replacement,1.499,55.9,318.1,199.6,87.8,114.6,72.8,157.7,0.635,0.969,480.5,54587,0,0.0935,48148.4,Normal,Normal
2023-07-12 19:00:00,Hydraulic_Press_03,Hydraulic Press,12935.8,115.0,Lubrication,4.456,81.6,224.7,184.1,67.0,103.2,76.3,118.3,1.184,0.885,364.5,237732,1,0.4287,7725.6,Normal,Normal
2023-07-12 23:00:00,Hot_Strip_Mill_03,Hot Strip Mill,988.1,1918.0,Lubrication,0.845,90.5,907.6,200.2,100.0,119.4,68.9,458.8,0.045,0.925,493.4,11446,0,0.0203,38135.4,Normal,Normal
2023-07-12 23:00:00,Hot_Strip_Mill_03,Hot Strip Mill,22531.8,879.0,Lubrication,7.352,104.9,1075.1,164.8,41.4,84.1,84.0,568.1,3.018,0.83,255.7,322669,3,0.7505,15335.7,Electrical Fault,Normal
2023-07-13 01:00:00,Annealing_Furnace_02,Annealing Furnace,30982.1,1752.0,Alignment Check,8.079,131.5,459.5,167.7,38.4,69.9,83.8,230.7,0.606,0.834,224.2,539713,3,0.8469,2292.8,Electrical Fault,Critical
2023-07-13 01:00:00,Hot_Strip_Mill_02,Hot Strip Mill,31256.7,1480.0,Alignment Check,8.44,105.3,1072.0,162.5,29.2,73.0,88.9,585.9,3.551,0.869,194.5,366132,7,0.9298,5565.6,Bearing Failure,Critical
2023-07-13 04:00:00,Blast_Furnace_Blower_02,Blast Furnace Blower,24514.1,763.0,Lubrication,6.146,87.3,549.0,178.3,49.8,86.5,81.9,271.6,1.076,0.855,289.2,255125,2,0.6587,5787.7,Bearing Failure,Warning
2023-07-13 05:00:00,Electric_Arc_Furnace_03,Electric Arc Furnace,16355.4,1096.0,Full Overhaul,4.778,115.5,1326.7,187.1,71.3,89.7,75.6,643.6,1.403,0.884,421.0,259561,1,0.4053,9224.4,Normal,Normal
2023-07-13 08:00:00,Blast_Furnace_Blower_02,Blast Furnace Blower,17969.9,1731.0,Alignment Check,5.235,82.7,505.4,177.0,65.9,90.5,79.0,270.5,2.589,0.869,334.4,286024,1,0.5437,12587.4,Normal,Normal
2023-07-13 12:00:00,Hot_Strip_Mill_02,Hot Strip Mill,4878.5,1199.0,Lubrication,1.797,93.3,945.2,203.0,100.0,118.0,70.4,486.8,1.398,0.933,473.8,93537,0,0.0966,33475.6,Normal,Normal
2023-07-13 13:00:00,Ladle_Crane_03,Ladle Crane,12001.5,377.0,Alignment Check,2.673,43.3,361.2,181.1,80.8,102.8,78.4,171.7,1.533,0.909,453.1,159552,4,0.2296,40997.9,Normal,Normal
2023-07-13 15:00:00,Annealing_Furnace_03,Annealing Furnace,6651.7,1198.0,Seal Replacement,1.442,117.4,392.6,198.5,86.7,103.9,71.2,193.7,0.323,0.951,473.7,92831,0,0.1075,24717.2,Normal,Normal
2023-07-13 15:00:00,Blast_Furnace_Blower_02,Blast Furnace Blower,28759.9,1932.0,Alignment Check,7.277,82.4,528.2,164.6,25.8,77.9,83.5,290.8,0.863,0.859,233.0,436707,2,0.7665,962.1,Lubrication Failure,Immediate Action
2023-07-13 19:00:00,Electric_Arc_Furnace_02,Electric Arc Furnace,18838.6,1817.0,Electrical Inspection,5.091,118.3,1410.0,183.6,54.4,91.0,80.2,648.0,2.362,0.905,322.7,253582,2,0.5341,6222.9,Normal,Warning
2023-07-13 19:00:00,Annealing_Furnace_01,Annealing Furnace,32024.9,1973.0,Seal Replacement,9.15,133.2,469.9,170.4,35.1,74.2,89.1,253.2,3.713,0.789,194.8,304971,12,0.9318,1550.6,Bearing Failure,Immediate Action
2023-07-13 20:00:00,Continuous_Caster_01,Continuous Caster,25499.0,1444.0,Alignment Check,7.21,113.7,715.0,161.6,40.3,74.7,83.4,375.2,6.384,0.865,281.8,249922,6,0.7757,9368.8,Bearing Failure,Warning
2023-07-13 22:00:00,Rolling_Mill_01,Rolling Mill,4339.1,1764.0,Seal Replacement,1.342,94.3,867.6,191.8,97.0,113.5,73.8,430.7,0.964,0.941,480.8,75733,0,0.0786,35357.3,Normal,Normal
2023-07-13 22:00:00,Rolling_Mill_01,Rolling Mill,21337.9,820.0,Full Overhaul,5.641,90.0,1012.3,167.6,56.6,92.8,78.3,474.3,2.588,0.909,293.2,254421,2,0.5934,19477.3,Bearing Failure,Normal
2023-07-13 23:00:00,Cold_Rolling_Mill_01,Cold Rolling Mill,24627.4,683.0,Seal Replacement,8.087,79.3,900.9,172.2,35.5,78.8,80.2,487.2,6.03,0.813,281.8,326127,3,0.791,11125.0,Electrical Fault,Normal
2023-07-14 00:00:00,Hot_Strip_Mill_01,Hot Strip Mill,15901.6,1990.0,Bearing Replacement,4.359,94.9,1044.8,184.8,69.0,102.1,79.0,492.0,1.252,0.886,382.7,181239,0,0.4373,21709.0,Normal,Normal
2023-07-14 01:00:00,Electric_Arc_Furnace_02,Electric Arc Furnace,8590.2,1764.0,Lubrication,3.004,115.8,1226.7,194.3,82.2,104.4,76.1,666.8,0.502,0.941,487.8,95231,1,0.2567,16906.9,Normal,Normal
2023-07-14 02:00:00,Cold_Rolling_Mill_03,Cold Rolling Mill,30720.4,229.0,Seal Replacement,7.758,79.2,918.7,152.9,29.0,70.2,85.3,459.9,0.183,0.821,208.3,609814,12,0.8449,5380.3,Lubrication Failure,Critical
2023-07-14 05:00:00,Hot_Strip_Mill_01,Hot Strip Mill,26027.5,1620.0,Full Overhaul,6.8,110.3,1118.1,166.6,49.5,91.7,77.9,525.6,4.872,0.823,244.1,468370,4,0.7324,10821.7,Thermal Degradation,Warning
2023-07-14 06:00:00,Continuous_Caster_02,Continuous Caster,31505.0,24.0,Alignment Check,8.411,123.1,782.9,166.7,29.5,75.7,83.2,383.7,3.874,0.815,237.0,421840,6,0.9239,3528.6,Lubrication Failure,Critical
2023-07-14 07:00:00,Blast_Furnace_Blower_03,Blast Furnace Blower,28662.3,853.0,Seal Replacement,7.911,96.2,540.3,172.3,25.4,84.1,85.0,267.3,2.628,0.84,229.0,514229,6,0.8518,2592.8,Electrical Fault,Critical
2023-07-14 07:00:00,Annealing_Furnace_02,Annealing Furnace,34664.1,168.0,Full Overhaul,9.197,138.0,471.6,158.4,18.4,69.7,86.6,262.1,3.197,0.803,190.2,558775,3,0.9963,0.0,Bearing Failure,Immediate Action
2023-07-14 12:00:00,Hydraulic_Press_03,Hydraulic Press,6806.8,737.0,Bearing Replacement,2.046,62.5,231.8,194.2,83.5,109.5,76.5,113.2,0.085,0.949,436.6,87886,1,0.1815,14104.0,Normal,Normal
2023-07-14 14:00:00,Hydraulic_Press_01,Hydraulic Press,3127.5,1620.0,Lubrication,1.852,67.8,212.9,200.1,89.5,122.3,74.0,105.3,0.105,0.947,487.8,26070,2,0.0959,16433.7,Normal,Normal
2023-07-14 14:00:00,Rolling_Mill_02,Rolling Mill,11861.4,300.0,Alignment Check,3.283,93.6,901.0,195.6,78.9,112.6,78.9,460.4,3.209,0.866,419.1,224919,1,0.3021,29422.9,Normal,Normal
2023-07-14 14:00:00,Hot_Strip_Mill_03,Hot Strip Mill,4602.2,703.0,Bearing Replacement,1.577,87.8,913.8,187.4,96.8,107.3,76.1,448.5,1.442,0.924,466.2,49345,1,0.1207,32658.4,Normal,Normal
2023-07-14 17:00:00,Continuous_Caster_03,Continuous Caster,18357.2,511.0,Bearing Replacement,5.12,108.9,665.3,177.3,51.2,89.9,81.3,351.7,5.112,0.878,323.4,306508,3,0.5411,15348.7,Normal,Normal
2023-07-14 18:00:00,Blast_Furnace_Blower_03,Blast Furnace Blower,22192.7,260.0,Alignment Check,6.329,87.0,512.5,165.1,43.5,81.3,82.0,258.2,0.36,0.84,263.7,394695,2,0.6834,7084.5,Lubrication Failure,Warning
2023-07-14 19:00:00,Annealing_Furnace_01,Annealing Furnace,31818.0,44.0,Bearing Replacement,8.39,133.6,454.7,165.6,27.7,79.6,87.3,250.6,2.528,0.857,233.9,280797,3,0.8588,480.0,Lubrication Failure,Immediate Action
2023-07-14 19:00:00,Blast_Furnace_Blower_03,Blast Furnace Blower,9147.5,868.0,Lubrication,2.854,80.6,456.4,182.7,75.6,103.6,76.6,243.7,0.074,0.923,444.9,145273,2,0.2525,21777.7,Normal,Normal
2023-07-14 19:00:00,Rolling_Mill_01,Rolling Mill,20282.3,1938.0,Electrical Inspection,5.128,91.2,958.7,180.9,63.0,96.5,80.7,465.8,0.504,0.852,314.8,305070,3,0.5339,19875.4,Normal,Normal
2023-07-14 21:00:00,Hot_Strip_Mill_01,Hot Strip Mill,838.9,1355.0,Bearing Replacement,1.215,85.4,942.9,200.5,88.6,124.0,71.3,433.2,0.006,0.959,504.6,12353,0,0.0017,36986.3,Normal,Normal
2023-07-14 21:00:00,Electric_Arc_Furnace_01,Electric Arc Furnace,12245.7,1050.0,Alignment Check,4.435,119.1,1352.0,180.0,71.9,109.4,78.8,653.3,3.75,0.902,394.0,141543,0,0.3999,11980.2,Normal,Normal
2023-07-14 22:00:00,Blast_Furnace_Blower_03,Blast Furnace Blower,25192.8,1640.0,Lubrication,6.51,90.5,520.4,177.3,45.6,79.9,79.6,267.5,8.637,0.848,266.5,373218,2,0.693,5442.0,Electrical Fault,Warning
2023-07-15 03:00:00,Cold_Rolling_Mill_03,Cold Rolling Mill,26865.8,727.0,Bearing Replacement,7.094,73.8,898.9,170.7,37.3,87.7,82.7,451.4,4.376,0.847,239.8,409711,0,0.7628,10174.9,Bearing Failure,Warning
2023-07-15 03:00:00,Electric_Arc_Furnace_01,Electric Arc Furnace,14622.5,1821.0,Seal Replacement,4.839,118.2,1303.5,186.0,63.5,101.0,77.8,655.3,1.257,0.879,406.8,129843,3,0.3559,10601.2,Normal,Normal
2023-07-15 06:00:00,Blast_Furnace_Blower_03,Blast Furnace Blower,690.2,56.0,Seal Replacement,0.843,79.6,439.9,196.5,98.3,129.6,72.8,228.2,0.093,0.964,524.5,9141,0,0.0,28362.8,Normal,Normal
2023-07-15 09:00:00,Ladle_Crane_02,Ladle Crane,21669.7,1049.0,Seal Replacement,5.214,59.2,341.3,177.3,47.0,98.2,81.4,183.9,0.014,0.873,330.6,393609,4,0.5417,29543.3,Normal,Normal
2023-07-15 10:00:00,Rolling_Mill_02,Rolling Mill,3864.2,24.0,Seal Replacement,1.766,87.7,869.7,193.3,99.3,109.8,74.0,434.1,1.217,0.949,494.7,65653,1,0.1288,37975.5,Normal,Normal
2023-07-15 10:00:00,Continuous_Caster_01,Continuous Caster,2302.0,978.0,Lubrication,1.297,93.3,596.0,192.3,92.7,120.8,71.8,286.1,0.81,0.946,503.8,21758,0,0.0797,33986.6,Normal,Normal
2023-07-15 18:00:00,Hydraulic_Press_02,Hydraulic Press,22793.8,127.0,Bearing Replacement,6.471,75.6,260.8,173.3,47.5,85.6,81.0,127.4,1.252,0.826,325.5,333313,3,0.6681,0.0,Mechanical Wear,Immediate Action
2023-07-15 20:00:00,Continuous_Caster_03,Continuous Caster,11005.8,576.0,Seal Replacement,4.028,96.1,661.5,199.6,79.4,105.3,80.7,319.7,0.486,0.895,402.5,169167,1,0.3345,24452.3,Normal,Normal
2023-07-15 21:00:00,Electric_Arc_Furnace_02,Electric Arc Furnace,12246.3,1150.0,Alignment Check,3.684,119.9,1306.6,184.9,77.2,98.8,74.5,676.7,2.551,0.905,373.5,101172,1,0.3668,12352.8,Normal,Normal
2023-07-15 23:00:00,Continuous_Caster_01,Continuous Caster,17089.6,413.0,Electrical Inspection,4.028,107.2,671.0,180.0,64.4,102.8,82.4,348.0,3.795,0.898,364.5,313861,2,0.412,16942.0,Normal,Normal
2023-07-16 00:00:00,Continuous_Caster_03,Continuous Caster,34252.4,368.0,Alignment Check,8.64,111.9,745.5,156.0,28.0,82.0,87.4,387.4,1.268,0.784,174.1,645043,2,0.9393,2410.0,Electrical Fault,Critical
2023-07-16 05:00:00,Cold_Rolling_Mill_01,Cold Rolling Mill,33793.9,272.0,Lubrication,7.838,78.0,894.4,169.1,18.1,74.2,79.4,457.7,2.696,0.809,203.9,523220,2,0.8534,2815.8,Lubrication Failure,Critical
2023-07-16 06:00:00,Continuous_Caster_03,Continuous Caster,14627.5,1856.0,Full Overhaul,4.113,109.1,658.2,179.0,69.8,96.7,76.9,352.3,0.032,0.89,452.3,290461,2,0.3948,21729.9,Normal,Normal
2023-07-16 07:00:00,Rolling_Mill_02,Rolling Mill,9365.9,1129.0,Seal Replacement,2.765,93.6,888.7,192.9,87.5,105.9,75.9,471.0,3.949,0.932,425.7,108867,3,0.2241,29164.3,Normal,Normal
2023-07-16 08:00:00,Electric_Arc_Furnace_01,Electric Arc Furnace,9480.5,1942.0,Seal Replacement,4.195,117.6,1298.1,188.0,66.7,99.3,74.7,660.8,3.827,0.919,392.6,92548,0,0.3938,15900.8,Normal,Normal
2023-07-16 08:00:00,Hot_Strip_Mill_03,Hot Strip Mill,10660.5,493.0,Electrical Inspection,3.184,93.7,927.3,194.8,78.4,112.3,76.4,494.3,3.645,0.919,420.9,111995,2,0.3027,27668.3,Normal,Normal
2023-07-16 09:00:00,Blast_Furnace_Blower_03,Blast Furnace Blower,18675.4,817.0,Full Overhaul,5.494,83.6,513.2,172.4,60.5,99.5,78.3,272.6,5.31,0.881,313.1,189898,3,0.5727,10575.7,Thermal Degradation,Normal
2023-07-16 09:00:00,Pickling_Line_02,Pickling Line,21279.4,224.0,Full Overhaul,6.62,69.6,331.7,173.8,50.9,89.6,82.5,170.3,0.429,0.89,260.5,178987,6,0.6845,7970.4,Lubrication Failure,Warning
2023-07-16 21:00:00,Cold_Rolling_Mill_01,Cold Rolling Mill,17158.4,1022.0,Electrical Inspection,5.317,70.8,850.5,185.2,57.2,95.7,77.2,449.1,7.295,0.866,340.1,282104,4,0.5313,18576.4,Normal,Normal
2023-07-16 21:00:00,Electric_Arc_Furnace_01,Electric Arc Furnace,14339.0,870.0,Alignment Check,4.038,113.5,1356.3,185.5,75.1,109.2,79.7,665.4,0.831,0.914,419.1,247751,2,0.4047,11001.2,Normal,Normal
2023-07-16 21:00:00,Ladle_Crane_02,Ladle Crane,7473.8,1235.0,Full Overhaul,2.614,47.4,335.1,190.5,85.5,105.6,74.7,167.4,0.704,0.889,454.8,60843,0,0.2131,41700.8,Normal,Normal
2023-07-16 22:00:00,Rolling_Mill_01,Rolling Mill,16939.4,1398.0,Seal Replacement,5.125,87.3,995.2,183.4,49.8,84.8,81.1,463.2,5.356,0.881,330.5,183020,0,0.5272,21627.3,Normal,Normal
2023-07-16 23:00:00,Pickling_Line_03,Pickling Line,12004.5,692.0,Electrical Inspection,3.644,58.0,306.6,188.3,73.2,98.7,75.1,163.7,4.594,0.899,393.3,127458,1,0.3554,16762.5,Normal,Normal
2023-07-17 01:00:00,Hydraulic_Press_03,Hydraulic Press,19001.7,342.0,Electrical Inspection,5.095,77.2,240.7,179.5,54.1,92.6,77.2,127.0,3.564,0.867,318.5,296572,0,0.5285,1225.8,Normal,Critical
2023-07-17 04:00:00,Blast_Furnace_Blower_01,Blast Furnace Blower,22202.6,1010.0,Lubrication,6.545,91.9,517.5,175.2,29.3,91.0,81.7,270.6,4.215,0.85,288.4,369061,0,0.6566,7547.1,Bearing Failure,Warning
2023-07-17 04:00:00,Pickling_Line_01,Pickling Line,23664.1,827.0,Bearing Replacement,6.98,70.5,334.8,173.5,42.7,84.0,85.3,167.8,2.261,0.836,281.4,413040,0,0.7474,4535.2,Lubrication Failure,Warning
2023-07-17 05:00:00,Annealing_Furnace_01,Annealing Furnace,16240.9,933.0,Full Overhaul,3.923,128.1,424.8,182.0,76.5,102.3,74.6,217.4,0.514,0.898,368.2,278438,3,0.3928,16096.8,Normal,Normal
2023-07-17 06:00:00,Cold_Rolling_Mill_03,Cold Rolling Mill,19506.2,68.0,Bearing Replacement,5.504,70.2,839.7,179.0,61.7,95.1,78.6,446.1,4.569,0.865,310.2,322865,4,0.5483,17861.3,Normal,Normal
2023-07-17 07:00:00,Electric_Arc_Furnace_03,Electric Arc Furnace,10041.5,1589.0,Seal Replacement,3.653,123.2,1252.7,187.1,84.8,105.3,76.7,659.0,3.067,0.924,404.9,171964,2,0.2894,14445.7,Normal,Normal
2023-07-17 08:00:00,Rolling_Mill_01,Rolling Mill,946.0,686.0,Lubrication,0.687,83.8,858.5,205.5,99.4,122.8,69.1,417.8,0.612,0.924,526.7,13946,0,0.0068,39726.3,Normal,Normal
2023-07-17 16:00:00,Ladle_Crane_03,Ladle Crane,21913.2,586.0,Alignment Check,5.667,55.6,368.0,174.4,57.2,91.2,75.4,187.1,2.843,0.866,349.7,318877,7,0.6068,28390.6,Bearing Failure,Normal
2023-07-17 21:00:00,Annealing_Furnace_02,Annealing Furnace,8914.6,427.0,Seal Replacement,2.495,124.9,393.4,189.3,82.4,114.8,72.5,203.3,0.673,0.922,423.5,159283,1,0.2338,22908.3,Normal,Normal
2023-07-17 21:00:00,Blast_Furnace_Blower_01,Blast Furnace Blower,23446.5,1166.0,Bearing Replacement,5.481,83.5,516.7,180.9,48.6,93.7,82.3,260.8,0.319,0.86,304.2,359818,2,0.5807,5072.5,Bearing Failure,Warning
2023-07-18 00:00:00,Electric_Arc_Furnace_03,Electric Arc Furnace,26170.6,1178.0,Bearing Replacement,6.057,124.0,1420.0,172.8,44.0,91.4,78.3,762.2,2.913,0.863,305.4,255182,4,0.6496,0.0,Lubrication Failure,Immediate Action
2023-07-18 01:00:00,Cold_Rolling_Mill_03,Cold Rolling Mill,32065.9,862.0,Bearing Replacement,8.423,74.8,911.4,165.1,27.6,89.0,87.2,472.3,2.559,0.785,216.9,589714,6,0.8835,4660.6,Lubrication Failure,Critical
2023-07-18 01:00:00,Cold_Rolling_Mill_01,Cold Rolling Mill,33538.5,1345.0,Lubrication,8.58,77.0,962.0,160.8,31.2,71.6,86.6,478.2,4.623,0.808,174.3,462206,6,0.9382,2811.4,Thermal Degradation,Critical
2023-07-18 05:00:00,Hydraulic_Press_01,Hydraulic Press,467.4,76.0,Lubrication,0.817,62.0,217.3,196.1,100.0,125.0,70.5,103.6,1.512,0.942,548.3,5152,0,0.0,18669.4,Normal,Normal
2023-07-18 05:00:00,Hydraulic_Press_02,Hydraulic Press,34664.1,1605.0,Alignment Check,8.496,76.7,256.7,160.9,21.6,73.6,88.4,129.8,8.624,0.825,176.6,433535,4,0.9392,0.0,Mechanical Wear,Immediate Action
2023-07-18 06:00:00,Annealing_Furnace_01,Annealing Furnace,23937.3,512.0,Alignment Check,6.311,123.8,430.8,170.1,49.9,85.2,79.4,234.6,1.503,0.86,294.3,355179,3,0.6713,9644.7,Lubrication Failure,Normal
2023-07-18 06:00:00,Rolling_Mill_01,Rolling Mill,22559.0,937.0,Bearing Replacement,6.497,93.2,995.0,185.9,44.4,84.6,81.2,484.4,0.101,0.855,277.4,287072,8,0.6961,17309.6,Lubrication Failure,Normal
2023-07-18 07:00:00,Hot_Strip_Mill_02,Hot Strip Mill,630.9,1490.0,Full Overhaul,1.161,95.9,927.3,196.0,90.0,120.7,72.8,465.1,0.207,0.954,489.4,9532,2,0.0663,40003.7,Normal,Normal
2023-07-18 08:00:00,Hot_Strip_Mill_02,Hot Strip Mill,30157.0,348.0,Alignment Check,8.312,108.5,1059.7,161.2,21.2,73.7,84.7,549.4,1.766,0.777,182.8,444266,2,0.9116,6897.3,Mechanical Wear,Warning
2023-07-18 11:00:00,Continuous_Caster_03,Continuous Caster,643.1,1626.0,Full Overhaul,1.23,101.6,632.7,192.3,91.1,123.1,72.0,314.6,2.353,0.941,474.3,7608,1,0.0802,34614.3,Normal,Normal
2023-07-18 11:00:00,Rolling_Mill_03,Rolling Mill,5177.7,1806.0,Alignment Check,1.617,85.0,827.4,200.4,91.1,106.6,73.6,445.1,0.333,0.943,510.5,75713,0,0.0974,33295.8,Normal,Normal
2023-07-18 11:00:00,Ladle_Crane_03,Ladle Crane,29322.8,271.0,Electrical Inspection,7.853,57.4,374.2,171.0,38.5,76.4,85.5,206.4,1.98,0.852,225.8,433612,3,0.8267,19154.9,Thermal Degradation,Normal
2023-07-18 13:00:00,Annealing_Furnace_02,Annealing Furnace,22644.2,797.0,Bearing Replacement,5.655,128.6,449.3,178.8,59.3,95.6,83.3,216.1,6.494,0.864,317.4,415369,2,0.5587,7648.6,Lubrication Failure,Warning
2023-07-18 14:00:00,Ladle_Crane_02,Ladle Crane,15274.6,328.0,Full Overhaul,4.101,49.9,343.0,182.1,68.5,88.1,76.3,173.5,2.923,0.888,357.5,219761,2,0.4134,34259.1,Normal,Normal
2023-07-18 17:00:00,Rolling_Mill_03,Rolling Mill,7106.8,1739.0,Bearing Replacement,2.42,81.7,860.0,192.9,74.7,105.8,74.6,450.6,2.617,0.915,434.4,60756,3,0.2142,36414.7,Normal,Normal
2023-07-18 17:00:00,Blast_Furnace_Blower_02,Blast Furnace Blower,3853.9,1465.0,Bearing Replacement,1.241,66.6,455.9,197.7,100.0,113.3,73.2,216.4,0.437,0.949,493.8,44451,0,0.0249,24792.7,Normal,Normal
2023-07-18 21:00:00,Electric_Arc_Furnace_02,Electric Arc Furnace,15460.5,459.0,Bearing Replacement,5.131,121.1,1344.0,171.2,68.9,87.5,78.5,665.0,6.922,0.873,344.0,256719,3,0.4632,9129.2,Normal,Normal
2023-07-18 22:00:00,Electric_Arc_Furnace_02,Electric Arc Furnace,4403.4,1330.0,Seal Replacement,2.749,120.8,1218.1,194.6,76.7,109.5,72.2,625.8,3.058,0.959,462.3,70396,0,0.2032,19819.6,Normal,Normal
2023-07-19 00:00:00,Ladle_Crane_01,Ladle Crane,17077.0,312.0,Full Overhaul,5.216,57.2,354.3,180.3,58.1,98.7,80.1,190.0,0.707,0.866,313.1,176509,5,0.5491,32495.8,Normal,Normal
2023-07-19 01:00:00,Rolling_Mill_02,Rolling Mill,21920.1,1951.0,Bearing Replacement,7.914,98.5,964.4,169.1,58.0,84.3,79.3,540.6,1.616,0.874,304.2,437936,2,0.6174,17662.1,Electrical Fault,Normal
2023-07-19 04:00:00,Rolling_Mill_03,Rolling Mill,2375.5,132.0,Bearing Replacement,2.124,86.6,807.6,202.7,92.8,107.0,73.4,454.9,2.632,0.953,498.6,30195,0,0.0818,38384.4,Normal,Normal
2023-07-19 04:00:00,Electric_Arc_Furnace_02,Electric Arc Furnace,28975.7,1097.0,Seal Replacement,8.218,134.6,1445.1,170.2,32.6,73.8,88.4,760.4,3.753,0.817,201.2,449443,3,0.8686,0.0,Bearing Failure,Immediate Action
2023-07-19 04:00:00,Blast_Furnace_Blower_03,Blast Furnace Blower,23784.9,301.0,Alignment Check,5.761,88.9,520.9,181.2,50.4,88.8,83.7,259.5,4.576,0.859,311.3,283643,1,0.5938,6074.5,Bearing Failure,Warning
2023-07-19 05:00:00,Cold_Rolling_Mill_03,Cold Rolling Mill,10829.4,1259.0,Full Overhaul,3.511,68.1,848.0,180.5,75.2,116.1,75.8,423.4,1.488,0.911,399.2,206142,1,0.2942,26666.8,Normal,Normal
2023-07-19 06:00:00,Annealing_Furnace_02,Annealing Furnace,10150.5,1289.0,Bearing Replacement,3.255,129.3,411.1,192.9,76.7,110.1,78.4,212.2,2.718,0.909,438.8,133716,0,0.2825,21576.5,Normal,Normal
2023-07-19 08:00:00,Blast_Furnace_Blower_02,Blast Furnace Blower,32034.6,1958.0,Seal Replacement,8.871,95.4,554.7,159.0,32.0,74.9,88.2,296.6,0.87,0.807,226.8,348958,3,0.9205,0.0,Mechanical Wear,Immediate Action
2023-07-19 08:00:00,Hot_Strip_Mill_01,Hot Strip Mill,30385.6,993.0,Full Overhaul,8.19,105.8,1082.6,158.4,31.4,72.3,86.2,602.8,1.889,0.821,198.7,368401,6,0.8875,8142.5,Electrical Fault,Warning
2023-07-19 08:00:00,Rolling_Mill_02,Rolling Mill,13018.2,678.0,Electrical Inspection,3.39,92.6,892.1,185.5,71.7,98.6,79.3,421.0,2.728,0.907,437.2,186968,1,0.2993,25498.9,Normal,Normal
2023-07-19 16:00:00,Continuous_Caster_03,Continuous Caster,2583.3,1420.0,Alignment Check,0.774,92.7,589.5,197.9,96.7,114.9,73.1,300.8,0.569,0.931,493.8,25555,0,0.0248,32256.4,Normal,Normal
2023-07-19 17:00:00,Hydraulic_Press_01,Hydraulic Press,31304.3,1605.0,Alignment Check,9.32,82.5,253.2,162.2,27.5,81.4,85.5,128.0,0.153,0.827,202.5,269584,5,0.8816,0.0,Electrical Fault,Immediate Action
2023-07-19 19:00:00,Cold_Rolling_Mill_03,Cold Rolling Mill,31097.8,1373.0,Seal Replacement,7.563,77.6,909.1,173.9,37.5,76.7,84.5,472.9,6.745,0.843,223.7,399415,2,0.7996,5930.3,Bearing Failure,Warning
2023-07-19 20:00:00,Hydraulic_Press_02,Hydraulic Press,29930.6,1487.0,Bearing Replacement,8.332,89.6,262.4,160.3,25.5,76.5,83.7,133.7,1.156,0.842,263.3,561350,3,0.862,0.0,Bearing Failure,Immediate Action
2023-07-19 21:00:00,Annealing_Furnace_02,Annealing Furnace,29593.3,1385.0,Full Overhaul,8.198,139.5,448.2,169.4,21.5,75.9,86.8,243.5,2.074,0.825,219.3,565980,8,0.8872,1660.7,Mechanical Wear,Critical
2023-07-19 22:00:00,Annealing_Furnace_01,Annealing Furnace,16860.9,348.0,Electrical Inspection,5.613,131.1,427.4,175.8,51.3,108.9,79.8,217.8,3.305,0.866,326.4,303290,0,0.5513,16367.9,Thermal Degradation,Normal
2023-07-20 03:00:00,Ladle_Crane_03,Ladle Crane,6292.4,1621.0,Bearing Replacement,2.216,47.1,336.1,193.1,77.4,107.8,75.3,170.9,0.856,0.901,436.9,63206,1,0.1846,41520.1,Normal,Normal
2023-07-20 04:00:00,Continuous_Caster_02,Continuous Caster,16764.3,1251.0,Lubrication,5.641,104.1,689.8,175.7,46.5,85.7,80.0,357.4,1.548,0.854,303.0,143928,3,0.5733,18446.4,Lubrication Failure,Normal
2023-07-20 08:00:00,Rolling_Mill_02,Rolling Mill,17361.5,783.0,Bearing Replacement,5.153,93.3,940.3,176.2,66.6,86.1,80.3,480.9,0.033,0.885,335.6,248869,0,0.4943,22950.5,Normal,Normal
2023-07-20 10:00:00,Hot_Strip_Mill_01,Hot Strip Mill,17198.6,1326.0,Electrical Inspection,4.18,98.7,986.6,178.7,65.1,95.3,78.9,488.3,0.836,0.872,355.2,277270,5,0.4285,19109.7,Normal,Normal
2023-07-20 11:00:00,Continuous_Caster_02,Continuous Caster,18903.2,1693.0,Seal Replacement,5.199,109.4,676.4,172.0,58.9,104.8,82.0,366.3,0.757,0.826,319.4,300016,3,0.5373,15227.0,Normal,Normal
2023-07-20 13:00:00,Electric_Arc_Furnace_03,Electric Arc Furnace,9092.2,1724.0,Electrical Inspection,2.857,109.9,1232.0,183.0,80.3,110.4,74.6,664.6,0.131,0.931,481.8,102258,1,0.2495,15213.5,Normal,Normal
2023-07-20 14:00:00,Ladle_Crane_03,Ladle Crane,12881.8,668.0,Bearing Replacement,3.97,55.9,342.6,183.4,69.1,107.7,76.7,155.0,0.25,0.891,394.5,155324,3,0.3939,35151.1,Normal,Normal
2023-07-20 15:00:00,Continuous_Caster_01,Continuous Caster,15253.1,236.0,Seal Replacement,4.43,101.7,633.5,188.9,65.5,99.8,80.1,326.6,1.469,0.879,344.2,299130,2,0.4493,16947.4,Normal,Normal
2023-07-20 15:00:00,Electric_Arc_Furnace_03,Electric Arc Furnace,4676.1,447.0,Full Overhaul,1.82,110.1,1282.8,188.7,91.5,111.1,77.5,615.4,0.007,0.918,450.9,61355,1,0.1436,20168.4,Normal,Normal
2023-07-20 18:00:00,Ladle_Crane_02,Ladle Crane,15992.2,1214.0,Seal Replacement,4.872,57.1,365.9,180.7,61.4,98.2,79.0,188.7,0.998,0.878,324.1,252340,1,0.5053,33877.6,Normal,Normal
2023-07-20 20:00:00,Hot_Strip_Mill_01,Hot Strip Mill,28385.4,1033.0,Bearing Replacement,7.778,104.3,1041.0,167.7,50.8,75.9,85.1,520.8,4.902,0.831,249.1,397622,2,0.7895,9506.7,Bearing Failure,Warning
2023-07-20 21:00:00,Pickling_Line_02,Pickling Line,28999.3,989.0,Bearing Replacement,8.544,74.0,330.4,172.2,26.4,80.5,83.1,168.8,3.25,0.812,215.0,529449,4,0.8555,0.0,Electrical Fault,Immediate Action
2023-07-20 23:00:00,Continuous_Caster_03,Continuous Caster,14463.6,607.0,Seal Replacement,4.493,105.1,639.6,185.3,60.5,103.7,77.4,335.6,0.647,0.908,353.7,261100,4,0.4273,18501.7,Normal,Normal
2023-07-21 01:00:00,Electric_Arc_Furnace_02,Electric Arc Furnace,18206.4,151.0,Seal Replacement,4.979,123.7,1323.8,175.7,55.2,98.7,80.0,698.5,1.982,0.846,372.1,287425,4,0.5259,6507.8,Normal,Warning
2023-07-21 03:00:00,Hot_Strip_Mill_03,Hot Strip Mill,1274.4,602.0,Alignment Check,1.244,95.9,914.0,192.7,90.7,117.3,73.1,442.2,0.232,0.909,492.9,24443,0,0.0331,39644.0,Normal,Normal
2023-07-21 06:00:00,Ladle_Crane_03,Ladle Crane,23637.7,1384.0,Seal Replacement,5.928,50.4,396.5,165.9,49.6,95.5,81.6,191.3,0.262,0.878,311.5,248027,2,0.6118,27692.4,Lubrication Failure,Normal
2023-07-21 09:00:00,Annealing_Furnace_03,Annealing Furnace,14220.7,1244.0,Bearing Replacement,4.271,128.7,412.4,180.4,63.7,94.7,77.4,208.3,1.856,0.896,492.2,205328,2,0.3936,18636.0,Normal,Normal
2023-07-21 13:00:00,Ladle_Crane_02,Ladle Crane,15647.2,553.0,Lubrication,4.392,50.8,359.6,193.3,65.4,101.8,75.7,171.2,0.957,0.869,440.1,169202,2,0.4376,32827.9,Normal,Normal
2023-07-21 14:00:00,Electric_Arc_Furnace_01,Electric Arc Furnace,30591.2,1544.0,Alignment Check,7.635,128.4,1447.1,163.5,33.3,79.5,82.0,758.2,0.051,0.808,226.1,282360,3,0.8379,0.0,Lubrication Failure,Immediate Action
2023-07-21 17:00:00,Cold_Rolling_Mill_03,Cold Rolling Mill,16218.0,1918.0,Seal Replacement,4.205,62.3,829.6,174.7,61.8,96.7,80.5,429.3,3.662,0.891,364.9,279996,1,0.3955,17298.1,Normal,Normal
2023-07-21 17:00:00,Pickling_Line_02,Pickling Line,839.6,505.0,Seal Replacement,0.676,55.2,277.6,191.8,100.0,114.5,71.2,145.4,3.319,0.956,550.0,12890,0,0.0,27652.2,Normal,Normal
2023-07-21 21:00:00,Ladle_Crane_02,Ladle Crane,8039.4,1573.0,Full Overhaul,2.873,41.6,347.6,199.7,79.5,109.3,75.0,161.9,1.72,0.939,453.8,74341,1,0.206,44061.0,Normal,Normal
2023-07-21 22:00:00,Pickling_Line_02,Pickling Line,16699.2,1573.0,Electrical Inspection,4.388,63.4,313.7,181.4,62.5,99.8,78.5,160.3,1.057,0.9,391.5,331745,3,0.4101,10083.0,Normal,Normal
2023-07-21 22:00:00,Hot_Strip_Mill_01,Hot Strip Mill,14911.4,1069.0,Full Overhaul,3.685,97.2,980.6,187.7,73.5,98.9,82.0,504.9,2.214,0.889,454.0,134273,2,0.359,21767.4,Normal,Normal
2023-07-22 07:00:00,Electric_Arc_Furnace_03,Electric Arc Furnace,30126.9,20.0,Alignment Check,7.314,122.4,1450.1,171.3,39.5,75.7,82.8,779.9,4.381,0.836,239.9,489481,4,0.7562,0.0,Lubrication Failure,Immediate Action
2023-07-22 11:00:00,Cold_Rolling_Mill_03,Cold Rolling Mill,19020.6,589.0,Lubrication,5.45,69.6,876.0,174.5,55.4,96.3,82.4,422.3,2.988,0.876,312.4,290036,2,0.5582,17145.0,Mechanical Wear,Normal
2023-07-22 16:00:00,Hydraulic_Press_01,Hydraulic Press,24168.3,78.0,Seal Replacement,6.852,78.3,244.3,168.1,35.9,87.9,81.1,128.7,0.144,0.869,246.8,313472,5,0.7394,0.0,Lubrication Failure,Immediate Action
2023-07-22 16:00:00,Electric_Arc_Furnace_03,Electric Arc Furnace,16479.4,817.0,Bearing Replacement,4.672,113.2,1358.4,176.4,56.7,106.9,78.0,683.9,4.801,0.884,429.0,302076,4,0.4716,7909.1,Normal,Normal
2023-07-22 20:00:00,Annealing_Furnace_01,Annealing Furnace,15444.0,1138.0,Lubrication,4.154,123.2,429.9,174.0,70.3,95.6,79.3,201.5,0.487,0.893,373.9,188325,2,0.421,15783.5,Normal,Normal
2023-07-22 20:00:00,Continuous_Caster_01,Continuous Caster,15675.4,875.0,Bearing Replacement,3.718,103.3,665.1,190.0,69.4,101.4,78.9,350.5,0.397,0.883,375.0,280202,1,0.3784,19273.1,Normal,Normal
2023-07-22 21:00:00,Ladle_Crane_02,Ladle Crane,14441.2,1388.0,Seal Replacement,3.155,55.3,351.0,191.9,77.0,109.7,77.3,168.7,0.466,0.902,403.4,218352,1,0.3024,36438.0,Normal,Normal
2023-07-23 01:00:00,Cold_Rolling_Mill_01,Cold Rolling Mill,18896.6,470.0,Alignment Check,5.146,73.9,852.8,178.4,57.7,98.4,80.1,423.1,3.031,0.877,323.7,240179,1,0.5383,17050.2,Normal,Normal
2023-07-23 03:00:00,Electric_Arc_Furnace_03,Electric Arc Furnace,8840.5,156.0,Electrical Inspection,2.91,107.6,1304.8,189.0,80.7,107.7,76.1,646.5,1.241,0.908,412.4,107202,0,0.2834,16050.9,Normal,Normal
2023-07-23 03:00:00,Continuous_Caster_01,Continuous Caster,31197.8,338.0,Bearing Replacement,8.182,117.0,754.9,170.9,31.7,81.1,87.3,366.6,7.714,0.823,206.4,347315,2,0.8497,1955.0,Bearing Failure,Critical
2023-07-23 04:00:00,Cold_Rolling_Mill_03,Cold Rolling Mill,11724.7,535.0,Alignment Check,3.82,73.0,800.0,173.1,67.8,97.3,80.8,427.4,3.231,0.866,403.1,96216,1,0.3878,25211.7,Normal,Normal
2023-07-23 07:00:00,Electric_Arc_Furnace_01,Electric Arc Furnace,5248.6,487.0,Full Overhaul,1.661,109.3,1234.6,198.0,94.3,114.8,73.5,621.0,0.534,0.936,489.2,81086,0,0.1155,19712.9,Normal,Normal
2023-07-23 11:00:00,Pickling_Line_01,Pickling Line,3469.6,1027.0,Full Overhaul,1.966,55.2,284.3,199.0,98.9,108.0,74.2,135.3,0.98,0.953,495.3,46678,1,0.1534,24163.6,Normal,Normal
2023-07-23 14:00:00,Cold_Rolling_Mill_01,Cold Rolling Mill,568.5,1796.0,Bearing Replacement,0.56,57.9,736.5,209.5,93.8,123.4,71.4,348.1,0.225,0.978,514.9,6847,0,0.0,35707.1,Normal,Normal
2023-07-23 14:00:00,Rolling_Mill_02,Rolling Mill,14857.7,713.0,Full Overhaul,3.999,92.2,924.6,193.0,73.9,110.8,75.4,470.2,1.487,0.933,420.3,150152,0,0.2914,24129.8,Normal,Normal
2023-07-23 15:00:00,Electric_Arc_Furnace_02,Electric Arc Furnace,6647.6,169.0,Lubrication,2.658,113.2,1205.8,199.1,83.8,126.3,76.9,622.0,0.616,0.892,450.6,53256,0,0.2212,18040.5,Normal,Normal
2023-07-23 15:00:00,Hydraulic_Press_02,Hydraulic Press,855.5,1640.0,Lubrication,1.004,66.6,202.9,198.9,89.1,127.4,71.7,104.7,1.383,0.97,518.0,13781,0,0.0,19209.0,Normal,Normal
2023-07-23 18:00:00,Continuous_Caster_01,Continuous Caster,18248.7,32.0,Seal Replacement,4.482,98.7,688.4,182.3,70.0,89.2,79.1,343.9,2.129,0.9,368.9,334255,3,0.4443,16038.8,Normal,Normal
2023-07-23 18:00:00,Hot_Strip_Mill_01,Hot Strip Mill,23831.3,1031.0,Bearing Replacement,6.877,99.8,1022.8,167.8,47.6,79.6,83.4,524.9,1.756,0.885,268.5,291185,2,0.705,12292.7,Lubrication Failure,Normal
2023-07-23 19:00:00,Cold_Rolling_Mill_03,Cold Rolling Mill,3092.7,1618.0,Lubrication,1.923,57.4,790.7,195.2,96.6,125.3,66.4,360.4,0.3,0.952,494.8,44826,0,0.0439,30954.1,Normal,Normal
2023-07-23 21:00:00,Electric_Arc_Furnace_02,Electric Arc Furnace,26052.6,1860.0,Lubrication,7.595,127.9,1440.4,169.8,42.7,80.0,84.3,736.1,2.404,0.834,229.5,285696,1,0.8099,0.0,Lubrication Failure,Immediate Action
2023-07-23 21:00:00,Cold_Rolling_Mill_02,Cold Rolling Mill,16186.1,1133.0,Seal Replacement,3.959,64.6,823.2,189.1,71.0,103.2,76.6,428.4,0.103,0.898,444.2,245670,6,0.3918,20295.3,Normal,Normal
2023-07-23 23:00:00,Annealing_Furnace_03,Annealing Furnace,34504.7,60.0,Full Overhaul,9.009,140.5,464.9,163.6,23.4,71.0,88.1,254.7,3.642,0.849,194.9,478082,3,0.9756,0.0,Mechanical Wear,Immediate Action
2023-07-24 01:00:00,Hydraulic_Press_02,Hydraulic Press,23384.9,1884.0,Bearing Replacement,7.018,79.6,239.3,168.5,46.0,85.4,84.0,126.4,1.4,0.857,309.5,373904,3,0.5964,0.0,Electrical Fault,Immediate Action
2023-07-24 01:00:00,Electric_Arc_Furnace_03,Electric Arc Furnace,8644.9,1499.0,Seal Replacement,2.482,118.8,1275.3,193.5,86.9,99.0,75.4,648.6,2.577,0.939,428.0,160063,0,0.2238,16339.7,Normal,Normal
2023-07-24 02:00:00,Hydraulic_Press_01,Hydraulic Press,25107.7,655.0,Full Overhaul,7.841,83.1,251.9,173.9,38.7,74.2,81.4,139.0,5.33,0.819,214.0,443933,4,0.824,0.0,Lubrication Failure,Immediate Action
2023-07-24 10:00:00,Rolling_Mill_03,Rolling Mill,20967.7,1255.0,Lubrication,5.685,90.0,956.0,178.1,52.7,88.7,82.2,492.4,0.143,0.859,337.7,386476,4,0.6047,18312.2,Lubrication Failure,Normal
2023-07-24 12:00:00,Blast_Furnace_Blower_02,Blast Furnace Blower,7491.8,1124.0,Electrical Inspection,2.832,77.0,478.8,187.9,98.5,112.0,74.5,233.0,0.069,0.92,444.5,149556,2,0.182,22440.7,Normal,Normal
2023-07-24 15:00:00,Hot_Strip_Mill_01,Hot Strip Mill,29803.8,1821.0,Electrical Inspection,8.219,106.4,1130.7,164.8,29.3,74.8,89.1,579.9,0.538,0.804,200.2,332226,5,0.8766,8534.2,Thermal Degradation,Warning
2023-07-24 15:00:00,Ladle_Crane_01,Ladle Crane,15016.4,826.0,Alignment Check,4.542,54.2,337.1,190.9,58.5,93.3,80.5,179.2,3.882,0.91,385.3,251053,0,0.4063,37608.4,Normal,Normal
2023-07-24 20:00:00,Continuous_Caster_01,Continuous Caster,33673.0,199.0,Electrical Inspection,9.138,110.0,779.9,164.1,26.4,70.5,83.5,375.8,7.068,0.839,193.0,496201,2,0.9366,1920.5,Bearing Failure,Critical
2023-07-24 21:00:00,Hydraulic_Press_03,Hydraulic Press,25329.2,137.0,Seal Replacement,6.617,84.7,248.1,178.7,45.5,86.1,81.1,124.0,2.302,0.871,279.8,380744,3,0.6909,0.0,Mechanical Wear,Immediate Action
2023-07-24 21:00:00,Hot_Strip_Mill_03,Hot Strip Mill,22595.3,827.0,Bearing Replacement,6.694,102.2,1067.9,182.1,56.1,86.8,85.3,519.2,7.39,0.852,261.9,259262,3,0.6883,16664.1,Bearing Failure,Normal
2023-07-25 00:00:00,Rolling_Mill_02,Rolling Mill,25519.5,1971.0,Alignment Check,7.14,98.5,1045.4,169.5,42.7,81.0,83.3,520.9,3.868,0.867,247.1,464087,2,0.7389,13563.7,Lubrication Failure,Normal
2023-07-25 00:00:00,Hot_Strip_Mill_02,Hot Strip Mill,16785.6,1238.0,Full Overhaul,5.366,100.2,966.8,172.7,54.7,90.6,81.4,536.8,2.189,0.843,321.0,293252,2,0.5507,20848.6,Electrical Fault,Normal
2023-07-25 00:00:00,Electric_Arc_Furnace_01,Electric Arc Furnace,17732.4,1484.0,Seal Replacement,5.108,118.4,1299.5,176.7,52.0,97.9,79.3,692.3,1.487,0.899,357.9,316646,3,0.522,6588.9,Normal,Warning
2023-07-25 00:00:00,Continuous_Caster_01,Continuous Caster,29807.1,1925.0,Alignment Check,8.45,106.6,702.7,172.6,34.8,74.8,89.5,392.9,5.747,0.835,186.3,595061,5,0.928,4476.9,Lubrication Failure,Critical
2023-07-25 00:00:00,Annealing_Furnace_02,Annealing Furnace,23864.4,1326.0,Electrical Inspection,6.717,139.3,433.8,175.6,31.4,82.4,83.0,230.3,0.121,0.864,253.0,279387,1,0.7143,7724.5,Thermal Degradation,Warning
2023-07-25 02:00:00,Hydraulic_Press_03,Hydraulic Press,31189.9,377.0,Bearing Replacement,8.112,85.2,248.7,170.1,19.2,65.7,82.4,134.2,0.664,0.836,197.4,327957,4,0.8844,0.0,Mechanical Wear,Immediate Action
2023-07-25 02:00:00,Ladle_Crane_02,Ladle Crane,34179.5,579.0,Seal Replacement,9.431,63.3,391.1,157.8,18.5,68.5,84.6,206.5,0.521,0.805,254.4,310618,7,1.0,16469.8,Thermal Degradation,Normal
2023-07-25 02:00:00,Annealing_Furnace_01,Annealing Furnace,31413.8,1204.0,Bearing Replacement,9.424,135.2,470.7,165.9,31.6,77.5,86.9,238.2,3.483,0.829,200.6,618747,3,0.8845,0.0,Lubrication Failure,Immediate Action
2023-07-25 04:00:00,Blast_Furnace_Blower_01,Blast Furnace Blower,24537.5,1760.0,Alignment Check,7.032,87.8,526.0,167.8,36.9,80.9,87.6,276.2,7.958,0.843,241.2,199319,3,0.7663,4287.0,Thermal Degradation,Critical
2023-07-25 06:00:00,Ladle_Crane_03,Ladle Crane,17630.3,1015.0,Bearing Replacement,5.628,51.6,365.0,173.3,50.1,90.8,78.4,187.3,1.693,0.862,315.7,190610,3,0.5811,31901.5,Thermal Degradation,Normal
2023-07-25 07:00:00,Ladle_Crane_01,Ladle Crane,5904.3,1727.0,Electrical Inspection,1.524,40.2,327.5,206.2,88.7,109.7,75.0,157.3,1.429,0.93,475.7,69379,1,0.1183,43644.0,Normal,Normal
2023-07-25 12:00:00,Blast_Furnace_Blower_01,Blast Furnace Blower,24717.8,32.0,Seal Replacement,5.9,85.5,507.9,176.5,51.7,92.6,83.0,268.8,0.651,0.842,289.4,289444,1,0.6125,3957.1,Lubrication Failure,Critical
2023-07-25 13:00:00,Electric_Arc_Furnace_01,Electric Arc Furnace,10276.1,1012.0,Full Overhaul,2.646,113.1,1237.4,189.5,77.6,101.1,76.3,618.0,0.156,0.885,414.8,196880,2,0.2514,14149.3,Normal,Normal
2023-07-25 13:00:00,Blast_Furnace_Blower_01,Blast Furnace Blower,9974.9,631.0,Seal Replacement,3.278,86.6,478.8,189.4,75.9,96.9,78.4,241.4,2.736,0.948,397.7,117273,1,0.2933,20811.2,Normal,Normal
2023-07-25 14:00:00,Pickling_Line_03,Pickling Line,8416.2,561.0,Lubrication,2.535,59.5,294.6,191.3,79.9,108.7,71.5,160.4,0.091,0.906,430.1,133912,0,0.2082,20306.6,Normal,Normal
2023-07-25 17:00:00,Hot_Strip_Mill_02,Hot Strip Mill,30641.8,1722.0,Lubrication,8.433,112.1,1135.0,160.7,28.6,73.2,87.6,588.0,1.086,0.804,219.0,607452,4,0.8768,5501.0,Bearing Failure,Critical
2023-07-25 18:00:00,Ladle_Crane_01,Ladle Crane,30392.0,1676.0,Electrical Inspection,7.952,55.9,378.0,171.6,37.2,71.1,80.0,196.0,5.704,0.848,224.0,350337,4,0.8458,20316.2,Lubrication Failure,Normal
2023-07-25 18:00:00,Hydraulic_Press_02,Hydraulic Press,22120.9,1792.0,Full Overhaul,5.903,76.1,237.7,169.9,54.2,94.9,81.9,118.1,3.963,0.92,316.4,435864,4,0.5438,0.0,Normal,Immediate Action
2023-07-25 18:00:00,Ladle_Crane_01,Ladle Crane,16607.0,859.0,Lubrication,5.174,57.1,340.0,181.2,68.1,95.0,84.8,181.4,1.307,0.902,331.3,284840,0,0.4959,32790.7,Normal,Normal
2023-07-25 19:00:00,Pickling_Line_03,Pickling Line,23556.8,1923.0,Electrical Inspection,6.277,68.9,336.4,176.2,50.9,91.0,84.6,169.5,2.241,0.86,264.5,418134,3,0.6746,4361.5,Electrical Fault,Warning
2023-07-25 19:00:00,Continuous_Caster_01,Continuous Caster,21292.3,641.0,Full Overhaul,6.329,109.1,698.5,165.4,50.1,87.9,82.3,339.2,4.074,0.833,270.5,315642,3,0.6748,14498.1,Electrical Fault,Normal
2023-07-25 19:00:00,Cold_Rolling_Mill_02,Cold Rolling Mill,14609.1,1978.0,Lubrication,4.124,67.5,847.3,185.3,66.0,98.1,77.9,416.8,1.83,0.917,359.3,253197,1,0.4254,21202.3,Normal,Normal
2023-07-25 22:00:00,Continuous_Caster_01,Continuous Caster,13349.1,1514.0,Full Overhaul,4.221,98.6,684.7,181.0,61.6,93.2,78.3,351.9,0.804,0.89,392.9,204509,2,0.4205,20586.3,Normal,Normal
2023-07-25 23:00:00,Pickling_Line_01,Pickling Line,13459.5,1309.0,Bearing Replacement,3.634,56.4,307.8,178.1,73.0,97.0,75.0,152.7,4.477,0.865,380.0,185974,3,0.3436,13546.0,Normal,Normal
2023-07-25 23:00:00,Blast_Furnace_Blower_01,Blast Furnace Blower,20660.8,1782.0,Alignment Check,6.54,90.0,519.9,176.6,60.2,87.9,80.7,257.3,0.382,0.853,293.4,377062,2,0.6077,9490.4,Lubrication Failure,Normal
2023-07-26 00:00:00,Pickling_Line_01,Pickling Line,22703.7,1263.0,Alignment Check,6.579,66.1,312.1,177.1,40.7,83.2,79.4,162.1,1.028,0.867,319.9,405234,4,0.6891,4763.9,Bearing Failure,Warning
2023-07-26 01:00:00,Rolling_Mill_01,Rolling Mill,15865.8,840.0,Seal Replacement,5.045,92.9,947.7,196.3,63.0,99.9,77.5,465.4,5.288,0.863,369.8,202312,4,0.4811,23643.8,Normal,Normal
2023-07-26 01:00:00,Ladle_Crane_03,Ladle Crane,33907.3,723.0,Seal Replacement,8.732,61.5,386.9,159.7,18.9,76.1,88.2,214.1,1.943,0.824,207.6,288135,1,0.9575,17548.4,Bearing Failure,Normal
2023-07-26 02:00:00,Pickling_Line_03,Pickling Line,3026.2,281.0,Electrical Inspection,1.434,53.5,277.9,198.3,89.7,106.9,75.2,145.6,1.632,0.916,463.7,57838,0,0.104,25339.1,Normal,Normal
2023-07-26 03:00:00,Electric_Arc_Furnace_01,Electric Arc Furnace,12211.9,961.0,Full Overhaul,4.23,111.8,1244.4,189.5,71.1,95.1,78.5,666.8,2.303,0.877,376.0,212343,0,0.38,13978.2,Normal,Normal
2023-07-26 07:00:00,Ladle_Crane_01,Ladle Crane,14725.7,1579.0,Full Overhaul,4.672,60.8,356.3,181.5,63.4,87.5,79.5,188.5,2.797,0.894,344.8,269384,2,0.4808,33747.0,Normal,Normal
2023-07-26 07:00:00,Electric_Arc_Furnace_03,Electric Arc Furnace,690.6,275.0,Bearing Replacement,1.115,101.8,1168.1,203.7,100.0,116.5,68.5,619.3,0.094,0.937,502.3,5720,0,0.0,23777.6,Normal,Normal
2023-07-26 09:00:00,Annealing_Furnace_03,Annealing Furnace,12837.0,1855.0,Full Overhaul,3.199,129.0,400.4,185.4,78.2,110.1,75.9,207.1,0.183,0.92,392.8,237341,2,0.3109,19339.3,Normal,Normal
2023-07-26 12:00:00,Electric_Arc_Furnace_01,Electric Arc Furnace,9652.5,441.0,Alignment Check,3.063,119.0,1233.0,189.7,83.5,110.1,75.4,654.8,1.639,0.881,426.9,131530,1,0.2342,16711.6,Normal,Normal
2023-07-26 13:00:00,Pickling_Line_02,Pickling Line,17760.7,1921.0,Full Overhaul,5.32,65.9,327.0,173.1,57.2,95.1,76.5,154.6,5.757,0.864,370.6,336110,3,0.5147,9571.6,Normal,Normal
2023-07-26 14:00:00,Cold_Rolling_Mill_03,Cold Rolling Mill,17896.6,224.0,Alignment Check,5.32,69.5,849.0,170.1,54.5,96.7,80.9,416.2,1.569,0.891,324.7,169742,1,0.5529,18157.3,Lubrication Failure,Normal
2023-07-26 14:00:00,Pickling_Line_01,Pickling Line,11840.7,913.0,Full Overhaul,3.661,61.1,294.5,184.6,76.5,102.5,74.3,153.7,1.364,0.916,391.7,193069,3,0.3385,16191.5,Normal,Normal
2023-07-26 14:00:00,Pickling_Line_01,Pickling Line,25443.8,277.0,Bearing Replacement,7.515,71.1,329.5,161.4,34.5,78.6,85.3,171.2,0.726,0.877,262.9,333511,2,0.7583,3666.1,Electrical Fault,Critical
2023-07-26 17:00:00,Pickling_Line_01,Pickling Line,4628.7,1324.0,Bearing Replacement,0.877,59.7,280.6,202.9,94.6,120.8,70.3,139.4,1.355,0.943,530.4,68003,0,0.038,24228.1,Normal,Normal
2023-07-26 23:00:00,Hydraulic_Press_01,Hydraulic Press,26277.1,1622.0,Bearing Replacement,6.728,84.0,259.0,164.5,43.7,88.5,85.6,136.2,4.546,0.863,253.8,433759,0,0.7267,0.0,Thermal Degradation,Immediate Action
2023-07-27 00:00:00,Blast_Furnace_Blower_03,Blast Furnace Blower,3563.1,115.0,Full Overhaul,1.55,79.4,435.2,200.2,79.1,109.7,75.7,236.5,1.205,0.934,463.5,67159,2,0.1124,26702.5,Normal,Normal
2023-07-27 02:00:00,Annealing_Furnace_02,Annealing Furnace,29382.8,1831.0,Full Overhaul,8.287,131.3,467.6,163.4,26.4,73.7,85.2,240.3,4.06,0.838,189.6,547217,7,0.8953,3057.3,Lubrication Failure,Critical
2023-07-27 07:00:00,Blast_Furnace_Blower_03,Blast Furnace Blower,32606.6,77.0,Seal Replacement,9.022,96.3,566.3,162.1,28.0,67.1,83.4,277.9,3.344,0.83,179.0,362056,5,0.9289,0.0,Bearing Failure,Immediate Action
2023-07-27 08:00:00,Electric_Arc_Furnace_03,Electric Arc Furnace,11353.3,1090.0,Full Overhaul,3.866,123.0,1326.9,180.6,80.9,96.1,81.1,712.4,0.505,0.938,395.7,101053,7,0.3927,12968.4,Normal,Normal
2023-07-27 11:00:00,Ladle_Crane_01,Ladle Crane,32422.4,1031.0,Electrical Inspection,9.349,66.5,416.9,161.7,23.9,68.5,89.7,212.2,1.112,0.823,183.1,442140,4,0.9539,15355.3,Lubrication Failure,Normal
2023-07-27 18:00:00,Pickling_Line_03,Pickling Line,27776.0,1611.0,Bearing Replacement,8.186,75.2,347.9,175.2,29.6,81.9,86.5,177.8,9.379,0.818,231.4,314345,4,0.8126,357.1,Bearing Failure,Immediate Action
2023-07-27 19:00:00,Annealing_Furnace_02,Annealing Furnace,32293.0,1164.0,Full Overhaul,8.685,135.4,459.1,159.7,30.0,76.2,88.0,239.1,5.301,0.819,181.6,381350,4,0.9171,0.0,Mechanical Wear,Immediate Action
2023-07-27 19:00:00,Annealing_Furnace_01,Annealing Furnace,23352.8,674.0,Alignment Check,6.853,131.4,440.8,171.6,43.3,92.6,81.9,210.9,6.039,0.835,270.8,373855,5,0.666,9657.8,Mechanical Wear,Normal
2023-07-27 20:00:00,Hydraulic_Press_02,Hydraulic Press,8324.0,1161.0,Bearing Replacement,3.103,75.3,228.2,193.8,72.9,96.1,76.0,118.6,0.252,0.894,415.6,141168,0,0.2544,11864.6,Normal,Normal
2023-07-28 00:00:00,Ladle_Crane_01,Ladle Crane,31318.9,1902.0,Bearing Replacement,8.248,65.4,389.6,158.8,30.1,74.4,88.0,211.3,4.813,0.815,218.2,526230,6,0.8851,20234.9,Bearing Failure,Normal
2023-07-28 00:00:00,Blast_Furnace_Blower_02,Blast Furnace Blower,6530.9,245.0,Electrical Inspection,2.834,78.9,475.8,184.1,87.2,123.4,76.1,241.2,0.392,0.917,439.0,116292,2,0.2422,22387.7,Normal,Normal
2023-07-28 00:00:00,Pickling_Line_03,Pickling Line,7535.8,1313.0,Bearing Replacement,3.001,59.1,315.1,189.4,75.2,109.9,74.2,143.5,2.412,0.904,426.8,64216,3,0.2593,21305.5,Normal,Normal
2023-07-28 02:00:00,Hot_Strip_Mill_02,Hot Strip Mill,10718.2,409.0,Bearing Replacement,2.725,93.9,1012.9,189.4,83.1,111.2,78.0,480.5,0.147,0.884,414.4,129279,2,0.2542,26005.4,Normal,Normal
2023-07-28 02:00:00,Annealing_Furnace_02,Annealing Furnace,18055.3,1945.0,Seal Replacement,4.651,129.3,422.8,180.1,68.1,92.7,83.2,228.4,1.289,0.89,344.2,223980,1,0.4622,14551.6,Normal,Normal
2023-07-28 02:00:00,Hot_Strip_Mill_01,Hot Strip Mill,9560.1,336.0,Bearing Replacement,3.372,96.7,1001.9,192.7,72.3,102.3,75.1,501.5,1.614,0.867,385.6,187231,3,0.333,25819.3,Normal,Normal
2023-07-28 04:00:00,Annealing_Furnace_03,Annealing Furnace,24999.7,1652.0,Seal Replacement,6.815,147.3,451.8,170.3,48.0,77.7,84.2,231.9,0.36,0.813,277.0,389608,5,0.7387,6517.9,Bearing Failure,Warning
2023-07-28 05:00:00,Continuous_Caster_02,Continuous Caster,32424.7,1822.0,Full Overhaul,9.346,110.6,744.4,162.7,22.7,73.6,90.3,381.5,0.417,0.826,202.8,347098,4,0.9224,2148.7,Bearing Failure,Critical
2023-07-28 05:00:00,Continuous_Caster_01,Continuous Caster,3186.5,304.0,Seal Replacement,1.596,89.9,628.0,192.6,91.1,116.3,69.6,303.7,1.473,0.965,512.9,51410,0,0.104,31926.1,Normal,Normal
2023-07-28 10:00:00,Hot_Strip_Mill_03,Hot Strip Mill,33407.5,826.0,Full Overhaul,8.282,105.3,1093.6,168.7,17.3,78.6,83.0,565.1,7.276,0.807,186.2,372475,4,0.8986,6213.5,Lubrication Failure,Warning
2023-07-28 10:00:00,Pickling_Line_03,Pickling Line,32254.2,1534.0,Seal Replacement,7.765,74.2,331.6,167.2,30.1,81.3,83.7,169.5,9.611,0.817,237.4,529665,5,0.8486,0.0,Mechanical Wear,Immediate Action
2023-07-28 11:00:00,Cold_Rolling_Mill_01,Cold Rolling Mill,1984.6,1296.0,Electrical Inspection,1.242,63.8,744.5,194.7,89.3,112.4,69.0,398.2,0.866,0.956,476.6,35352,0,0.0683,35364.0,Normal,Normal
2023-07-28 14:00:00,Continuous_Caster_01,Continuous Caster,12675.2,302.0,Bearing Replacement,3.363,97.2,646.4,187.4,74.8,105.5,76.4,313.9,0.513,0.896,408.4,238327,7,0.3242,23697.6,Normal,Normal
2023-07-28 14:00:00,Hydraulic_Press_01,Hydraulic Press,28478.7,878.0,Electrical Inspection,7.747,80.5,244.3,164.4,36.5,82.5,87.1,131.2,1.41,0.806,223.7,367335,5,0.8494,0.0,Thermal Degradation,Immediate Action
2023-07-28 16:00:00,Blast_Furnace_Blower_01,Blast Furnace Blower,21444.0,485.0,Full Overhaul,6.47,90.1,520.5,169.6,56.9,95.1,76.7,267.3,1.538,0.856,302.6,379228,5,0.5819,7930.6,Bearing Failure,Warning
2023-07-28 17:00:00,Ladle_Crane_01,Ladle Crane,27290.4,676.0,Full Overhaul,6.843,59.3,356.9,181.4,35.4,86.6,84.9,185.0,1.306,0.833,270.3,370627,4,0.7354,22532.7,Mechanical Wear,Normal
2023-07-28 19:00:00,Annealing_Furnace_01,Annealing Furnace,25194.3,1826.0,Lubrication,6.007,128.0,419.8,176.4,49.5,92.3,78.6,220.3,0.171,0.873,298.7,275892,4,0.6065,6118.2,Bearing Failure,Warning
2023-07-28 22:00:00,Hot_Strip_Mill_03,Hot Strip Mill,17437.3,492.0,Alignment Check,5.294,98.0,1058.7,172.6,57.5,94.2,78.8,528.7,1.643,0.851,323.9,292572,5,0.5606,20955.8,Lubrication Failure,Normal
2023-07-28 22:00:00,Cold_Rolling_Mill_01,Cold Rolling Mill,1538.5,752.0,Seal Replacement,1.903,67.2,766.5,191.1,94.3,115.9,72.9,382.9,0.743,0.956,492.3,17745,1,0.0788,34974.5,Normal,Normal
2023-07-29 00:00:00,Continuous_Caster_01,Continuous Caster,20491.0,1035.0,Alignment Check,5.109,103.4,684.1,172.1,55.6,103.3,79.5,345.7,2.728,0.891,363.9,205907,6,0.5107,12877.4,Normal,Normal
2023-07-29 05:00:00,Ladle_Crane_01,Ladle Crane,1795.0,142.0,Seal Replacement,0.821,45.2,323.0,196.3,100.0,124.2,74.0,151.1,0.631,0.931,522.4,16970,0,0.0,46824.5,Normal,Normal
2023-07-29 05:00:00,Rolling_Mill_01,Rolling Mill,21170.1,1778.0,Electrical Inspection,5.844,90.1,1021.5,171.1,57.8,89.8,80.2,477.2,6.778,0.885,321.0,270396,5,0.575,17407.8,Electrical Fault,Normal
2023-07-29 08:00:00,Pickling_Line_02,Pickling Line,28034.3,929.0,Alignment Check,7.99,71.0,349.5,165.0,31.2,69.1,86.1,179.1,2.452,0.779,221.2,475247,4,0.8483,146.0,Lubrication Failure,Immediate Action
2023-07-29 11:00:00,Hot_Strip_Mill_03,Hot Strip Mill,20516.2,720.0,Seal Replacement,5.281,112.5,1071.5,185.8,50.3,102.9,82.5,543.1,2.683,0.849,306.2,364507,4,0.5598,18478.2,Electrical Fault,Normal
2023-07-29 17:00:00,Continuous_Caster_02,Continuous Caster,34896.1,955.0,Alignment Check,9.055,121.9,738.3,157.0,23.0,66.7,87.0,402.6,1.128,0.775,161.8,628670,5,0.9867,0.0,Bearing Failure,Immediate Action
2023-07-29 21:00:00,Electric_Arc_Furnace_03,Electric Arc Furnace,16009.7,1350.0,Electrical Inspection,4.9,121.2,1347.7,196.0,55.1,87.5,84.0,690.0,0.093,0.9,334.9,210304,3,0.507,9639.2,Normal,Normal
2023-07-29 23:00:00,Hot_Strip_Mill_02,Hot Strip Mill,26234.1,1223.0,Seal Replacement,6.651,110.5,1018.6,175.3,50.6,89.9,81.3,555.3,3.047,0.854,260.7,221769,5,0.7001,10711.7,Electrical Fault,Warning
2023-07-30 01:00:00,Rolling_Mill_03,Rolling Mill,23385.7,1155.0,Bearing Replacement,6.045,100.1,1008.8,185.6,36.1,88.3,79.9,479.4,6.833,0.849,281.7,237141,3,0.6341,17476.6,Bearing Failure,Normal
2023-07-30 03:00:00,Ladle_Crane_03,Ladle Crane,34701.0,610.0,Full Overhaul,9.526,74.3,407.0,153.5,18.4,72.8,85.4,199.7,2.428,0.816,164.3,358944,3,1.0,14873.4,Mechanical Wear,Warning
2023-07-30 07:00:00,Rolling_Mill_02,Rolling Mill,24991.3,870.0,Seal Replacement,6.535,101.7,980.5,168.5,39.5,78.7,87.0,508.0,1.862,0.844,291.0,351016,6,0.7,14478.6,Thermal Degradation,Normal
2023-07-30 08:00:00,Rolling_Mill_01,Rolling Mill,5824.7,1395.0,Bearing Replacement,1.609,92.8,861.6,191.9,93.8,118.0,75.5,438.8,0.03,0.978,477.2,110612,1,0.1226,35546.3,Normal,Normal
2023-07-30 11:00:00,Pickling_Line_02,Pickling Line,33447.6,1747.0,Lubrication,9.875,66.4,353.1,160.0,27.9,77.9,89.3,179.1,2.166,0.825,176.9,319872,1,0.991,0.0,Thermal Degradation,Immediate Action
2023-07-30 13:00:00,Cold_Rolling_Mill_03,Cold Rolling Mill,23405.4,273.0,Lubrication,7.3,75.4,875.2,175.6,41.2,85.2,83.8,448.4,2.752,0.876,259.9,196699,1,0.6946,10497.5,Mechanical Wear,Warning
2023-07-30 14:00:00,Hot_Strip_Mill_02,Hot Strip Mill,2170.9,1679.0,Alignment Check,2.89,89.6,904.5,188.2,87.0,111.9,73.4,441.7,1.603,0.913,495.7,17378,2,0.1036,36512.5,Normal,Normal
2023-07-30 17:00:00,Continuous_Caster_02,Continuous Caster,20238.8,927.0,Bearing Replacement,6.056,112.1,694.0,186.0,54.9,96.7,84.8,365.8,5.761,0.829,339.3,395787,1,0.5788,13250.8,Electrical Fault,Normal
2023-07-30 17:00:00,Hot_Strip_Mill_01,Hot Strip Mill,30920.9,1485.0,Alignment Check,7.297,108.0,1068.0,164.7,27.4,84.1,81.9,532.8,1.629,0.818,228.2,552418,4,0.7954,7829.1,Electrical Fault,Warning
2023-07-30 17:00:00,Pickling_Line_01,Pickling Line,23049.1,1594.0,Electrical Inspection,6.285,70.3,322.3,178.3,51.1,83.1,82.1,164.0,3.916,0.893,274.5,433487,2,0.6509,5099.8,Lubrication Failure,Warning
2023-07-30 19:00:00,Electric_Arc_Furnace_03,Electric Arc Furnace,12455.3,1127.0,Lubrication,3.074,120.1,1281.0,189.9,76.0,103.3,76.3,627.9,2.499,0.896,446.9,204316,2,0.2973,11731.5,Normal,Normal
2023-07-30 20:00:00,Rolling_Mill_03,Rolling Mill,28749.7,957.0,Electrical Inspection,6.671,93.8,929.6,177.5,41.3,81.3,81.1,528.3,1.66,0.862,249.8,440678,4,0.7201,10444.5,Mechanical Wear,Warning
2023-07-30 21:00:00,Hydraulic_Press_01,Hydraulic Press,27409.7,1022.0,Electrical Inspection,7.104,73.0,249.8,166.9,34.3,81.7,80.6,129.0,0.39,0.831,234.2,259795,8,0.7694,0.0,Lubrication Failure,Immediate Action
2023-07-30 22:00:00,Blast_Furnace_Blower_01,Blast Furnace Blower,19092.0,1233.0,Lubrication,5.498,85.2,502.5,180.7,45.4,91.2,83.7,266.8,1.647,0.871,316.2,284624,5,0.5506,10248.7,Electrical Fault,Normal
2023-07-31 01:00:00,Ladle_Crane_02,Ladle Crane,5487.2,986.0,Lubrication,2.546,52.7,345.4,188.2,85.9,101.2,77.6,171.7,0.64,0.895,442.4,95969,3,0.2367,44028.2,Normal,Normal
2023-07-31 03:00:00,Ladle_Crane_01,Ladle Crane,8859.4,1112.0,Seal Replacement,2.591,51.4,337.0,195.3,87.7,101.0,75.9,166.1,3.803,0.924,435.7,163297,0,0.1928,42386.4,Normal,Normal
2023-07-31 04:00:00,Blast_Furnace_Blower_03,Blast Furnace Blower,25873.1,1324.0,Full Overhaul,7.089,90.7,527.6,170.3,37.9,79.9,79.9,273.3,1.184,0.843,232.8,477130,2,0.7731,5970.8,Bearing Failure,Warning
2023-07-31 08:00:00,Electric_Arc_Furnace_02,Electric Arc Furnace,28232.3,543.0,Lubrication,6.712,127.0,1394.3,178.6,43.0,79.8,83.7,753.9,2.701,0.84,261.4,328678,6,0.7267,0.0,Lubrication Failure,Immediate Action
2023-07-31 09:00:00,Electric_Arc_Furnace_01,Electric Arc Furnace,9846.4,1430.0,Seal Replacement,3.602,120.2,1309.6,190.9,71.7,106.0,76.7,643.8,1.452,0.896,397.1,101216,1,0.3448,15798.2,Normal,Normal
2023-07-31 09:00:00,Hydraulic_Press_02,Hydraulic Press,12942.7,1941.0,Electrical Inspection,3.488,72.0,227.3,189.0,78.1,98.6,76.0,114.3,1.243,0.9,384.7,126596,3,0.3348,6948.2,Normal,Normal
2023-07-31 10:00:00,Annealing_Furnace_01,Annealing Furnace,2809.4,392.0,Alignment Check,2.413,123.8,382.2,198.4,93.9,104.2,75.8,206.4,0.399,0.941,488.2,44187,1,0.0635,28335.7,Normal,Normal
2023-07-31 10:00:00,Hydraulic_Press_03,Hydraulic Press,24999.8,1837.0,Alignment Check,7.457,81.8,245.9,172.5,44.0,83.6,79.8,125.7,5.76,0.872,282.0,221004,3,0.6982,0.0,Electrical Fault,Immediate Action
2023-07-31 13:00:00,Annealing_Furnace_01,Annealing Furnace,224.9,848.0,Electrical Inspection,0.94,120.7,388.9,190.8,97.2,121.2,69.8,192.6,2.706,0.966,492.8,4147,0,0.0444,31719.6,Normal,Normal
2023-07-31 13:00:00,Rolling_Mill_02,Rolling Mill,1724.3,1832.0,Bearing Replacement,1.379,90.9,807.8,194.3,98.1,129.0,68.7,395.7,0.233,0.978,505.5,30509,0,0.0,36883.5,Normal,Normal
2023-07-31 21:00:00,Rolling_Mill_03,Rolling Mill,251.6,839.0,Bearing Replacement,0.854,80.2,886.1,195.5,99.5,130.0,70.2,420.7,1.466,0.942,502.4,2033,0,0.0,40726.5,Normal,Normal
2023-07-31 21:00:00,Blast_Furnace_Blower_01,Blast Furnace Blower,22621.7,1429.0,Seal Replacement,5.879,93.9,513.0,183.7,50.2,86.6,78.4,265.4,2.026,0.833,297.5,340456,6,0.6143,8745.9,Thermal Degradation,Warning
2023-07-31 22:00:00,Hot_Strip_Mill_03,Hot Strip Mill,10484.4,1500.0,Electrical Inspection,3.276,103.5,1011.2,187.9,75.6,107.8,73.9,491.2,1.754,0.903,433.2,197875,0,0.2453,28751.5,Normal,Normal
2023-07-31 22:00:00,Cold_Rolling_Mill_03,Cold Rolling Mill,14666.8,1115.0,Lubrication,5.4,74.8,875.0,176.2,54.3,88.8,81.8,430.2,3.138,0.859,371.2,228772,2,0.529,21465.4,Normal,Normal
2023-07-31 23:00:00,Rolling_Mill_03,Rolling Mill,31953.3,1403.0,Electrical Inspection,7.222,94.6,1030.9,171.7,36.3,82.9,84.2,522.7,3.836,0.805,227.0,460702,5,0.7838,9496.9,Mechanical Wear,Warning
2023-08-01 01:00:00,Ladle_Crane_01,Ladle Crane,6828.8,1918.0,Alignment Check,2.944,49.2,324.0,184.2,76.1,103.0,74.9,168.7,2.146,0.913,408.0,58868,0,0.2798,41619.2,Normal,Normal
2023-08-01 03:00:00,Pickling_Line_01,Pickling Line,13688.9,578.0,Bearing Replacement,4.191,65.2,299.3,190.4,72.0,96.6,80.2,154.8,4.889,0.898,381.5,221775,2,0.4157,12851.3,Normal,Normal
2023-08-01 04:00:00,Hydraulic_Press_02,Hydraulic Press,32916.9,1860.0,Seal Replacement,8.215,84.1,260.0,151.2,23.1,80.8,87.0,135.2,2.582,0.791,212.9,401388,6,0.9011,0.0,Electrical Fault,Immediate Action
2023-08-01 07:00:00,Blast_Furnace_Blower_01,Blast Furnace Blower,15006.0,505.0,Lubrication,4.265,81.8,489.0,189.1,63.0,93.1,78.5,242.1,2.972,0.86,359.9,211805,2,0.4271,15080.3,Normal,Normal
2023-08-01 09:00:00,Blast_Furnace_Blower_03,Blast Furnace Blower,19458.8,1573.0,Lubrication,5.197,86.5,528.0,188.6,59.6,94.2,82.9,257.5,1.892,0.864,320.8,211545,1,0.5159,9464.7,Normal,Normal
2023-08-01 14:00:00,Hot_Strip_Mill_02,Hot Strip Mill,2903.8,979.0,Bearing Replacement,1.003,95.0,880.0,201.7,100.0,125.1,70.9,451.7,0.107,0.975,515.4,53212,0,0.0,36717.6,Normal,Normal
2023-08-01 15:00:00,Ladle_Crane_02,Ladle Crane,27676.8,144.0,Lubrication,7.26,61.2,388.0,165.2,36.7,86.1,83.0,206.1,2.714,0.795,252.5,416732,1,0.7826,25246.4,Mechanical Wear,Normal
2023-08-01 17:00:00,Blast_Furnace_Blower_01,Blast Furnace Blower,14854.3,69.0,Seal Replacement,4.134,77.9,495.3,188.1,70.8,104.2,78.6,267.0,0.72,0.905,362.5,251667,0,0.4158,15307.0,Normal,Normal
2023-08-01 20:00:00,Pickling_Line_03,Pickling Line,28038.0,1041.0,Electrical Inspection,7.907,79.6,337.6,163.6,34.0,90.2,85.5,177.1,3.572,0.832,244.8,274909,1,0.8181,0.0,Mechanical Wear,Immediate Action
2023-08-01 21:00:00,Hydraulic_Press_01,Hydraulic Press,8957.5,69.0,Bearing Replacement,2.406,65.3,224.9,202.3,79.1,112.2,71.3,111.2,1.231,0.86,435.4,132398,2,0.2073,11334.2,Normal,Normal
2023-08-01 23:00:00,Electric_Arc_Furnace_02,Electric Arc Furnace,14844.5,1893.0,Lubrication,4.288,112.8,1203.1,187.4,69.0,100.1,80.1,698.4,2.121,0.882,368.8,172469,2,0.3854,9416.8,Normal,Normal
2023-08-02 02:00:00,Cold_Rolling_Mill_01,Cold Rolling Mill,27550.6,330.0,Alignment Check,8.536,72.5,893.3,164.7,42.3,76.4,82.3,476.1,2.558,0.821,263.2,228848,5,0.7683,9684.0,Mechanical Wear,Warning
2023-08-02 07:00:00,Continuous_Caster_01,Continuous Caster,34088.3,970.0,Alignment Check,9.53,111.0,755.0,167.1,30.9,70.7,87.2,387.9,2.219,0.823,179.2,570743,3,0.9249,668.7,Thermal Degradation,Immediate Action
2023-08-02 09:00:00,Annealing_Furnace_02,Annealing Furnace,2180.9,755.0,Electrical Inspection,1.839,123.5,377.9,190.1,95.2,103.2,72.2,203.0,0.095,0.921,463.9,43072,0,0.1192,30517.2,Normal,Normal
2023-08-02 10:00:00,Continuous_Caster_03,Continuous Caster,28454.7,1049.0,Full Overhaul,7.912,122.5,740.1,161.8,32.5,78.5,87.5,372.4,6.179,0.813,239.0,476170,1,0.8554,7492.3,Mechanical Wear,Warning
2023-08-02 14:00:00,Ladle_Crane_01,Ladle Crane,10594.0,417.0,Bearing Replacement,2.874,47.0,339.9,192.8,79.2,107.8,78.2,164.3,0.669,0.891,417.9,95437,1,0.2769,40212.9,Normal,Normal
2023-08-02 15:00:00,Electric_Arc_Furnace_01,Electric Arc Furnace,10224.2,26.0,Full Overhaul,3.601,122.4,1260.1,191.4,73.4,103.5,76.3,635.3,1.629,0.884,438.6,183472,1,0.2302,14909.5,Normal,Normal
2023-08-02 15:00:00,Blast_Furnace_Blower_01,Blast Furnace Blower,19320.9,1733.0,Bearing Replacement,5.821,91.0,506.3,173.3,56.6,89.5,82.8,271.6,2.983,0.878,300.8,300632,5,0.5788,12285.8,Mechanical Wear,Normal
2023-08-02 18:00:00,Electric_Arc_Furnace_02,Electric Arc Furnace,21509.2,1143.0,Seal Replacement,5.549,120.1,1427.6,179.2,49.1,90.5,80.5,707.6,2.766,0.851,310.6,213708,3,0.5915,3113.4,Electrical Fault,Critical
2023-08-02 19:00:00,Continuous_Caster_01,Continuous Caster,12447.7,695.0,Bearing Replacement,4.147,103.2,667.4,179.5,67.2,97.6,75.0,340.3,2.239,0.873,365.9,246098,1,0.4288,20345.0,Normal,Normal
2023-08-02 19:00:00,Blast_Furnace_Blower_02,Blast Furnace Blower,11743.2,428.0,Electrical Inspection,4.161,83.6,474.4,182.6,65.6,98.2,77.6,258.3,3.875,0.888,379.6,181824,0,0.3678,16201.3,Normal,Normal
2023-08-03 05:00:00,Continuous_Caster_02,Continuous Caster,1424.0,427.0,Electrical Inspection,1.001,94.3,613.5,206.4,100.0,117.3,75.1,297.0,4.493,0.916,491.1,28174,1,0.0551,34260.6,Normal,Normal
2023-08-03 05:00:00,Rolling_Mill_01,Rolling Mill,5228.9,367.0,Bearing Replacement,1.643,80.4,879.1,198.1,94.8,117.9,75.6,417.0,2.314,0.925,482.6,81372,0,0.1315,34550.5,Normal,Normal
2023-08-03 05:00:00,Continuous_Caster_01,Continuous Caster,32106.0,1205.0,Seal Replacement,9.003,118.7,757.6,163.3,24.1,72.2,84.2,385.3,4.741,0.802,231.8,514479,3,0.9152,2037.8,Electrical Fault,Critical
2023-08-03 11:00:00,Rolling_Mill_03,Rolling Mill,34939.9,1783.0,Full Overhaul,8.386,104.1,1044.7,162.6,21.5,70.9,92.0,563.2,3.817,0.794,193.6,597997,6,0.9249,3723.4,Bearing Failure,Critical
2023-08-03 14:00:00,Blast_Furnace_Blower_03,Blast Furnace Blower,27340.2,796.0,Bearing Replacement,7.039,88.0,550.4,163.4,41.0,79.8,85.6,264.1,0.223,0.833,286.2,482439,4,0.765,3326.7,Bearing Failure,Critical
2023-08-03 17:00:00,Rolling_Mill_01,Rolling Mill,14145.3,105.0,Alignment Check,4.348,91.8,945.7,184.4,68.5,102.1,76.9,481.2,2.0,0.877,365.9,240823,3,0.4028,27811.5,Normal,Normal
2023-08-03 17:00:00,Blast_Furnace_Blower_02,Blast Furnace Blower,10109.8,330.0,Bearing Replacement,3.368,81.0,485.5,190.1,69.0,102.7,75.1,247.3,1.805,0.912,396.2,187444,3,0.3077,19005.1,Normal,Normal
2023-08-03 22:00:00,Annealing_Furnace_03,Annealing Furnace,25908.7,1638.0,Seal Replacement,6.934,137.1,441.8,175.0,55.0,85.1,81.0,245.8,1.443,0.818,277.5,350113,3,0.7389,8348.3,Electrical Fault,Warning
2023-08-03 23:00:00,Continuous_Caster_03,Continuous Caster,33901.1,445.0,Seal Replacement,8.619,110.1,750.6,152.1,20.1,75.4,85.8,390.6,1.701,0.794,238.5,374480,2,0.9359,153.8,Bearing Failure,Immediate Action
2023-08-04 02:00:00,Blast_Furnace_Blower_03,Blast Furnace Blower,15995.9,1470.0,Electrical Inspection,4.299,81.7,523.6,182.5,63.2,99.0,81.3,242.9,1.19,0.887,400.1,204198,1,0.4116,14606.9,Normal,Normal
2023-08-04 02:00:00,Blast_Furnace_Blower_01,Blast Furnace Blower,29050.3,1059.0,Alignment Check,7.342,91.2,561.0,168.4,34.5,81.9,84.6,281.4,3.071,0.817,240.5,553070,6,0.78,1345.7,Lubrication Failure,Immediate Action
2023-08-04 04:00:00,Continuous_Caster_01,Continuous Caster,34129.9,1274.0,Seal Replacement,8.687,106.4,724.4,163.2,18.5,63.4,89.8,388.2,9.285,0.797,196.4,626513,8,0.9625,0.0,Thermal Degradation,Immediate Action
2023-08-04 06:00:00,Electric_Arc_Furnace_01,Electric Arc Furnace,30584.2,1152.0,Electrical Inspection,8.276,127.2,1411.7,164.7,22.9,69.5,88.8,772.1,0.09,0.795,185.8,377643,3,0.9105,0.0,Lubrication Failure,Immediate Action
2023-08-04 06:00:00,Hot_Strip_Mill_02,Hot Strip Mill,8027.5,1904.0,Bearing Replacement,2.346,91.0,952.1,195.2,93.7,110.5,77.5,445.0,1.049,0.909,442.4,104993,0,0.1864,29832.7,Normal,Normal
2023-08-04 07:00:00,Rolling_Mill_02,Rolling Mill,17273.7,1317.0,Seal Replacement,5.134,95.9,933.4,174.0,65.0,99.8,79.4,470.3,2.538,0.879,330.9,267127,1,0.4943,24035.9,Normal,Normal
2023-08-04 07:00:00,Hydraulic_Press_01,Hydraulic Press,380.3,205.0,Alignment Check,1.083,67.7,209.1,198.5,99.3,119.8,75.6,100.5,0.1,0.942,550.0,4385,0,0.0129,18936.7,Normal,Normal
2023-08-04 11:00:00,Hydraulic_Press_01,Hydraulic Press,18644.5,230.0,Seal Replacement,5.827,81.7,253.7,169.5,59.7,88.7,81.0,131.0,0.84,0.846,302.8,229709,1,0.5792,1207.8,Thermal Degradation,Critical
2023-08-04 13:00:00,Continuous_Caster_02,Continuous Caster,7123.6,388.0,Full Overhaul,2.678,91.0,686.2,191.5,74.6,100.5,72.3,319.0,0.459,0.902,454.2,125673,2,0.2042,26699.7,Normal,Normal
2023-08-04 16:00:00,Ladle_Crane_03,Ladle Crane,10035.1,1348.0,Electrical Inspection,2.318,46.8,319.5,206.5,79.2,111.9,76.4,164.3,0.076,0.924,447.8,137607,1,0.2123,39831.4,Normal,Normal
2023-08-04 18:00:00,Annealing_Furnace_03,Annealing Furnace,26803.8,1238.0,Electrical Inspection,8.589,138.2,453.9,168.0,25.7,67.0,85.6,241.6,1.404,0.839,220.1,285232,6,0.8721,5643.9,Thermal Degradation,Warning
2023-08-04 18:00:00,Cold_Rolling_Mill_03,Cold Rolling Mill,16515.1,972.0,Alignment Check,5.584,75.6,818.5,191.9,45.2,92.0,83.8,436.8,2.33,0.837,377.8,220462,6,0.5204,18702.5,Normal,Normal
2023-08-05 00:00:00,Blast_Furnace_Blower_02,Blast Furnace Blower,11175.7,1547.0,Seal Replacement,3.647,77.4,477.5,189.7,74.7,94.3,76.4,252.1,4.596,0.893,382.3,188001,5,0.3435,17030.6,Normal,Normal
2023-08-05 00:00:00,Continuous_Caster_03,Continuous Caster,21829.6,1385.0,Bearing Replacement,5.643,103.7,709.4,170.9,53.9,99.8,78.9,340.4,1.607,0.862,309.0,293497,1,0.5949,13303.0,Electrical Fault,Normal
2023-08-05 01:00:00,Hot_Strip_Mill_03,Hot Strip Mill,26951.9,1309.0,Electrical Inspection,6.686,113.2,1079.7,184.7,46.5,85.2,85.3,536.9,6.284,0.852,265.4,511244,7,0.6989,10143.2,Electrical Fault,Warning
2023-08-05 01:00:00,Blast_Furnace_Blower_02,Blast Furnace Blower,22881.3,117.0,Seal Replacement,6.19,93.0,525.2,173.8,55.6,82.0,78.7,270.3,1.716,0.83,282.7,340127,4,0.6378,6023.4,Mechanical Wear,Warning
2023-08-05 03:00:00,Rolling_Mill_03,Rolling Mill,5569.2,774.0,Alignment Check,1.786,94.7,913.9,198.2,75.6,112.0,74.5,430.8,0.489,0.894,458.0,92204,0,0.1424,34993.8,Normal,Normal
2023-08-05 04:00:00,Pickling_Line_01,Pickling Line,25979.0,942.0,Full Overhaul,7.161,76.9,335.4,173.7,36.4,74.0,82.7,178.6,10.249,0.84,290.5,518593,6,0.751,1527.2,Electrical Fault,Critical
2023-08-05 06:00:00,Ladle_Crane_03,Ladle Crane,21020.1,1047.0,Electrical Inspection,6.073,58.7,358.9,172.6,48.9,97.4,81.5,197.4,0.201,0.87,348.7,187474,2,0.5993,28768.3,Electrical Fault,Normal
2023-08-05 06:00:00,Hydraulic_Press_02,Hydraulic Press,2109.3,670.0,Alignment Check,2.249,68.5,221.0,194.1,90.7,115.9,71.7,110.8,1.198,0.936,462.0,35867,1,0.1479,18762.6,Normal,Normal
2023-08-05 07:00:00,Annealing_Furnace_02,Annealing Furnace,27232.9,896.0,Bearing Replacement,7.417,143.8,455.9,162.2,21.8,77.0,81.6,232.2,3.348,0.816,242.0,457303,2,0.8116,4429.2,Lubrication Failure,Critical
2023-08-05 08:00:00,Pickling_Line_01,Pickling Line,11630.3,118.0,Full Overhaul,3.885,58.1,298.2,186.4,75.2,96.6,77.8,135.6,0.703,0.914,382.5,227852,1,0.3593,16991.2,Normal,Normal
2023-08-05 08:00:00,Rolling_Mill_03,Rolling Mill,13469.5,1122.0,Bearing Replacement,4.251,92.4,937.9,180.5,68.0,91.8,82.0,482.2,4.793,0.879,353.0,125352,0,0.4335,28956.1,Normal,Normal
2023-08-05 08:00:00,Continuous_Caster_03,Continuous Caster,15737.8,1146.0,Bearing Replacement,4.981,105.3,686.0,178.6,62.1,88.3,79.7,359.2,0.048,0.867,361.2,285528,6,0.4578,18284.2,Normal,Normal
2023-08-05 09:00:00,Rolling_Mill_02,Rolling Mill,12181.5,696.0,Bearing Replacement,3.873,91.0,941.6,190.0,66.3,100.0,77.6,499.2,0.749,0.895,392.5,172246,5,0.3708,27246.9,Normal,Normal
2023-08-05 13:00:00,Pickling_Line_02,Pickling Line,11906.2,1145.0,Lubrication,2.917,56.7,303.9,187.5,86.6,109.2,74.4,158.8,3.328,0.902,463.6,126745,1,0.241,15033.2,Normal,Normal
2023-08-05 16:00:00,Ladle_Crane_03,Ladle Crane,28301.9,890.0,Electrical Inspection,7.269,64.3,374.7,169.8,29.4,86.4,82.7,192.8,6.22,0.832,249.6,289729,3,0.7956,22654.3,Mechanical Wear,Normal
2023-08-05 17:00:00,Rolling_Mill_02,Rolling Mill,4445.2,366.0,Bearing Replacement,1.267,85.1,889.0,202.7,100.0,121.2,70.8,432.0,0.119,0.915,517.0,42370,0,0.0571,37144.2,Normal,Normal
2023-08-05 18:00:00,Continuous_Caster_03,Continuous Caster,33973.9,218.0,Lubrication,9.23,114.0,743.0,173.9,31.6,78.7,88.0,397.3,5.093,0.796,215.6,350676,4,0.9117,649.7,Mechanical Wear,Immediate Action
2023-08-05 20:00:00,Hot_Strip_Mill_02,Hot Strip Mill,19467.1,1750.0,Electrical Inspection,6.06,104.5,1064.3,177.2,53.5,91.2,82.2,507.3,2.26,0.864,290.8,371754,3,0.6159,16410.9,Bearing Failure,Normal
2023-08-06 00:00:00,Rolling_Mill_03,Rolling Mill,6484.0,791.0,Lubrication,2.384,80.6,857.9,189.6,98.6,115.0,72.9,445.5,0.589,0.924,487.6,101273,0,0.1314,33948.5,Normal,Normal
2023-08-06 01:00:00,Rolling_Mill_02,Rolling Mill,4679.4,1232.0,Lubrication,1.324,91.3,868.4,197.2,94.7,115.6,74.5,425.7,0.406,0.972,481.0,44436,0,0.0675,34286.2,Normal,Normal
2023-08-06 02:00:00,Pickling_Line_02,Pickling Line,20743.7,170.0,Seal Replacement,6.26,76.4,332.5,185.3,54.1,93.0,79.6,153.7,5.307,0.877,286.0,395368,4,0.6122,6659.4,Lubrication Failure,Warning
2023-08-06 04:00:00,Hydraulic_Press_03,Hydraulic Press,22191.7,822.0,Alignment Check,5.9,82.7,246.8,179.5,49.3,85.4,83.5,127.1,3.078,0.889,298.4,191857,2,0.6306,0.0,Bearing Failure,Immediate Action
2023-08-06 05:00:00,Cold_Rolling_Mill_02,Cold Rolling Mill,1950.6,1415.0,Full Overhaul,1.203,47.2,762.1,197.8,92.2,115.7,71.5,386.8,0.665,0.937,481.7,25180,1,0.078,35379.9,Normal,Normal
2023-08-06 06:00:00,Blast_Furnace_Blower_02,Blast Furnace Blower,8580.8,1938.0,Lubrication,3.369,82.6,494.8,189.6,76.0,104.1,77.3,248.3,1.887,0.882,405.6,145113,2,0.333,22084.8,Normal,Normal
2023-08-06 10:00:00,Pickling_Line_01,Pickling Line,27861.6,1110.0,Bearing Replacement,7.711,64.1,329.7,168.4,32.5,82.4,83.0,168.3,5.136,0.785,216.4,497715,5,0.8247,499.2,Bearing Failure,Immediate Action
2023-08-06 13:00:00,Ladle_Crane_03,Ladle Crane,1831.9,351.0,Full Overhaul,0.62,49.8,326.6,193.6,100.0,117.4,75.0,167.4,0.681,0.945,505.8,33188,0,0.0,47932.2,Normal,Normal
2023-08-06 15:00:00,Annealing_Furnace_02,Annealing Furnace,29942.6,25.0,Alignment Check,8.549,142.8,476.1,164.9,28.2,83.5,88.4,244.4,1.841,0.803,230.2,579155,3,0.9021,789.8,Lubrication Failure,Immediate Action
2023-08-06 21:00:00,Continuous_Caster_01,Continuous Caster,23069.9,708.0,Lubrication,6.708,109.5,705.4,170.6,46.1,100.5,83.2,363.7,3.9,0.852,295.0,258719,3,0.6481,12295.5,Electrical Fault,Normal
2023-08-06 23:00:00,Continuous_Caster_02,Continuous Caster,15261.4,812.0,Alignment Check,4.567,93.3,665.3,179.5,68.1,89.9,78.5,351.4,0.386,0.864,346.3,192137,4,0.4444,20492.2,Normal,Normal
2023-08-06 23:00:00,Electric_Arc_Furnace_01,Electric Arc Furnace,12190.5,997.0,Bearing Replacement,2.83,115.4,1292.4,188.0,69.9,109.1,75.0,661.9,0.422,0.875,415.7,190256,2,0.2656,12363.2,Normal,Normal
2023-08-07 00:00:00,Hydraulic_Press_02,Hydraulic Press,771.8,8.0,Bearing Replacement,1.703,61.5,212.2,187.7,92.7,124.0,73.1,103.8,0.758,0.932,504.5,14293,1,0.0472,19008.4,Normal,Normal
2023-08-07 01:00:00,Electric_Arc_Furnace_03,Electric Arc Furnace,28900.0,1447.0,Lubrication,7.191,125.8,1422.1,168.7,34.3,79.2,82.0,749.1,0.821,0.829,259.0,439615,5,0.7606,0.0,Lubrication Failure,Immediate Action
2023-08-07 02:00:00,Annealing_Furnace_01,Annealing Furnace,5081.0,1310.0,Lubrication,2.343,123.4,405.1,184.7,87.8,114.5,76.4,200.5,2.427,0.884,453.6,57237,1,0.1719,26542.2,Normal,Normal
2023-08-07 03:00:00,Pickling_Line_02,Pickling Line,10903.0,36.0,Lubrication,3.504,64.7,312.6,193.2,76.8,103.2,75.7,151.9,2.081,0.894,409.4,192157,1,0.2754,16869.7,Normal,Normal
2023-08-07 09:00:00,Hot_Strip_Mill_01,Hot Strip Mill,19961.8,667.0,Electrical Inspection,7.031,101.5,1041.6,165.5,44.4,86.6,81.3,542.7,1.291,0.835,309.9,375759,1,0.6064,17937.4,Electrical Fault,Normal
2023-08-07 11:00:00,Ladle_Crane_01,Ladle Crane,8685.1,736.0,Lubrication,2.27,55.4,329.5,184.0,87.7,110.2,75.2,162.3,0.096,0.947,437.6,70352,1,0.1834,42313.2,Normal,Normal
2023-08-07 12:00:00,Hydraulic_Press_03,Hydraulic Press,17450.2,568.0,Full Overhaul,4.57,75.0,226.1,173.8,67.5,93.9,81.4,107.6,1.036,0.886,384.2,140662,2,0.4205,2725.8,Normal,Critical
2023-08-07 14:00:00,Hydraulic_Press_03,Hydraulic Press,28346.1,592.0,Seal Replacement,7.405,78.6,247.0,170.2,37.6,79.7,83.6,128.2,3.234,0.829,254.2,551274,4,0.7828,0.0,Electrical Fault,Immediate Action
2023-08-07 14:00:00,Annealing_Furnace_01,Annealing Furnace,16521.8,867.0,Lubrication,4.826,129.4,451.0,180.6,65.1,90.7,82.9,205.2,1.197,0.86,336.9,242507,2,0.4854,16935.4,Normal,Normal
2023-08-07 15:00:00,Pickling_Line_02,Pickling Line,33219.3,1404.0,Lubrication,8.312,78.0,356.1,172.9,31.3,75.4,87.1,175.3,5.075,0.826,189.1,300943,3,0.8919,0.0,Mechanical Wear,Immediate Action
2023-08-07 15:00:00,Hot_Strip_Mill_01,Hot Strip Mill,29677.8,1352.0,Electrical Inspection,7.993,112.8,1119.0,167.8,30.2,77.4,86.6,535.5,3.387,0.798,201.5,364366,3,0.8581,7238.6,Bearing Failure,Warning
2023-08-07 17:00:00,Ladle_Crane_03,Ladle Crane,11723.1,821.0,Full Overhaul,3.883,41.9,362.6,176.1,71.8,102.1,76.5,178.6,0.466,0.93,378.6,173585,2,0.3787,39810.1,Normal,Normal
2023-08-07 21:00:00,Hot_Strip_Mill_02,Hot Strip Mill,14058.7,1242.0,Bearing Replacement,3.738,91.9,961.1,182.4,80.0,105.5,74.6,493.3,0.938,0.933,386.6,217947,2,0.3355,24204.6,Normal,Normal
2023-08-07 22:00:00,Hot_Strip_Mill_01,Hot Strip Mill,14874.1,140.0,Lubrication,4.286,96.2,1026.2,183.6,64.4,99.6,78.7,507.3,7.495,0.919,359.1,148116,4,0.4352,22454.2,Normal,Normal
2023-08-07 23:00:00,Ladle_Crane_03,Ladle Crane,21953.7,1539.0,Bearing Replacement,6.348,63.7,383.2,175.5,53.9,91.4,79.7,195.0,1.53,0.857,272.2,396935,0,0.6542,27506.5,Thermal Degradation,Normal
2023-08-07 23:00:00,Blast_Furnace_Blower_02,Blast Furnace Blower,10109.2,883.0,Seal Replacement,3.248,85.6,480.2,179.9,87.1,103.1,72.6,254.0,0.554,0.901,414.0,146975,1,0.2792,18744.3,Normal,Normal
2023-08-08 01:00:00,Cold_Rolling_Mill_02,Cold Rolling Mill,33926.8,179.0,Alignment Check,9.372,83.3,904.3,165.9,24.4,76.4,85.5,474.7,6.694,0.798,208.8,485229,7,0.9652,2323.4,Electrical Fault,Critical
2023-08-08 02:00:00,Rolling_Mill_03,Rolling Mill,21343.1,747.0,Lubrication,5.206,100.3,927.7,174.1,51.8,95.1,76.8,497.5,0.854,0.855,333.9,309280,2,0.5394,16903.2,Normal,Normal
2023-08-08 04:00:00,Hot_Strip_Mill_01,Hot Strip Mill,14039.1,1417.0,Alignment Check,4.687,105.3,1006.2,178.9,64.7,98.3,80.3,511.2,2.018,0.895,353.3,122801,2,0.423,24738.4,Normal,Normal
2023-08-08 04:00:00,Hydraulic_Press_03,Hydraulic Press,22610.8,247.0,Seal Replacement,6.889,80.2,241.0,179.4,48.9,84.8,79.5,119.3,2.819,0.837,274.6,384968,1,0.6491,0.0,Lubrication Failure,Immediate Action
2023-08-08 06:00:00,Electric_Arc_Furnace_01,Electric Arc Furnace,13899.6,1630.0,Bearing Replacement,4.253,122.4,1333.3,183.9,67.7,91.8,74.8,694.3,0.042,0.9,372.5,124634,2,0.4047,10054.8,Normal,Normal
2023-08-08 07:00:00,Pickling_Line_02,Pickling Line,28641.1,1416.0,Lubrication,8.776,75.2,342.2,164.8,26.9,68.1,84.7,173.6,0.73,0.798,183.6,388344,3,0.9215,280.6,Bearing Failure,Immediate Action
2023-08-08 08:00:00,Hydraulic_Press_01,Hydraulic Press,19917.6,166.0,Lubrication,5.405,80.4,232.3,180.3,61.4,100.2,81.6,119.4,0.21,0.881,316.1,300134,5,0.5587,1436.2,Thermal Degradation,Critical
2023-08-08 10:00:00,Cold_Rolling_Mill_01,Cold Rolling Mill,1564.8,1957.0,Full Overhaul,1.929,59.3,801.2,189.8,90.9,111.2,72.0,377.0,0.227,0.953,507.9,16489,0,0.0608,34907.5,Normal,Normal
2023-08-08 13:00:00,Blast_Furnace_Blower_02,Blast Furnace Blower,6268.8,1887.0,Full Overhaul,2.903,76.4,463.1,191.5,82.4,104.3,77.3,232.0,1.171,0.908,424.8,86421,0,0.2435,23474.3,Normal,Normal
2023-08-08 17:00:00,Pickling_Line_01,Pickling Line,30288.3,264.0,Lubrication,7.947,69.6,334.8,175.1,35.6,75.6,86.2,171.5,2.862,0.802,205.1,346416,3,0.863,0.0,Thermal Degradation,Immediate Action
2023-08-08 19:00:00,Continuous_Caster_02,Continuous Caster,19745.2,406.0,Seal Replacement,5.146,104.5,679.1,177.8,56.5,93.6,80.6,353.3,3.654,0.841,360.2,326100,5,0.5283,15529.7,Normal,Normal
2023-08-08 19:00:00,Cold_Rolling_Mill_02,Cold Rolling Mill,33267.0,695.0,Electrical Inspection,9.037,82.7,935.2,163.1,17.2,69.4,85.3,466.3,9.137,0.809,185.4,479164,5,0.9704,3420.7,Electrical Fault,Critical
2023-08-09 01:00:00,Blast_Furnace_Blower_02,Blast Furnace Blower,2627.5,1979.0,Seal Replacement,0.927,82.4,433.4,211.1,95.7,121.1,73.5,236.0,3.116,0.926,505.8,23940,1,0.0408,27378.7,Normal,Normal
2023-08-09 03:00:00,Pickling_Line_03,Pickling Line,10404.6,1411.0,Full Overhaul,3.957,59.7,311.9,193.4,66.2,103.3,72.5,149.7,0.12,0.879,376.5,158134,2,0.3572,18347.6,Normal,Normal
2023-08-09 05:00:00,Rolling_Mill_01,Rolling Mill,19429.0,552.0,Electrical Inspection,5.121,94.4,1014.7,182.0,61.9,101.2,82.0,497.5,0.736,0.85,365.8,156073,1,0.5121,19059.3,Normal,Normal
2023-08-09 05:00:00,Annealing_Furnace_01,Annealing Furnace,13459.5,1740.0,Full Overhaul,3.597,126.5,413.9,190.9,75.5,105.0,75.6,200.3,0.279,0.905,421.8,131299,1,0.3222,18822.8,Normal,Normal
2023-08-09 05:00:00,Ladle_Crane_03,Ladle Crane,6854.7,1829.0,Full Overhaul,2.46,59.5,344.1,188.9,78.7,111.6,75.1,175.7,0.873,0.912,436.3,66045,1,0.2216,45416.2,Normal,Normal
2023-08-09 07:00:00,Hydraulic_Press_03,Hydraulic Press,5588.8,221.0,Full Overhaul,2.513,69.5,218.2,204.1,90.2,110.4,75.2,106.2,0.011,0.916,442.7,44998,0,0.1675,13269.2,Normal,Normal
2023-08-09 07:00:00,Cold_Rolling_Mill_03,Cold Rolling Mill,22532.0,1991.0,Alignment Check,6.478,70.6,852.3,169.2,49.9,76.1,78.2,457.4,1.199,0.855,298.0,447386,7,0.6565,12588.8,Electrical Fault,Normal
2023-08-09 08:00:00,Cold_Rolling_Mill_02,Cold Rolling Mill,18816.8,213.0,Bearing Replacement,5.022,67.5,810.5,196.3,60.9,107.6,80.6,444.1,3.006,0.908,375.0,293648,2,0.4754,17960.6,Normal,Normal
2023-08-09 09:00:00,Continuous_Caster_03,Continuous Caster,9688.3,873.0,Electrical Inspection,3.919,100.1,644.1,188.8,69.7,112.7,76.1,328.8,2.804,0.9,395.0,150228,2,0.3161,25262.6,Normal,Normal
2023-08-09 15:00:00,Pickling_Line_01,Pickling Line,16844.0,1640.0,Full Overhaul,5.147,60.6,305.0,177.9,60.5,100.6,79.1,167.9,1.946,0.864,334.6,323382,1,0.5145,9802.8,Normal,Normal
2023-08-09 16:00:00,Hot_Strip_Mill_03,Hot Strip Mill,26126.3,1702.0,Alignment Check,7.552,102.0,1094.0,172.6,36.2,82.8,82.8,574.5,1.89,0.851,276.1,248995,2,0.7635,13070.6,Lubrication Failure,Normal
2023-08-09 18:00:00,Blast_Furnace_Blower_02,Blast Furnace Blower,7264.0,1726.0,Alignment Check,2.665,79.6,471.8,188.4,79.7,107.1,76.3,233.7,0.564,0.927,456.6,60520,1,0.2454,22247.1,Normal,Normal
2023-08-09 20:00:00,Blast_Furnace_Blower_01,Blast Furnace Blower,10322.4,573.0,Seal Replacement,3.092,78.3,494.2,188.5,76.8,107.6,74.8,253.3,1.438,0.892,424.7,167131,0,0.2454,20443.4,Normal,Normal
2023-08-09 22:00:00,Rolling_Mill_01,Rolling Mill,12179.3,1321.0,Full Overhaul,3.137,88.4,921.5,185.1,80.4,106.7,76.8,474.7,0.846,0.928,408.7,187731,1,0.3014,28435.9,Normal,Normal
2023-08-09 23:00:00,Cold_Rolling_Mill_03,Cold Rolling Mill,26160.8,420.0,Lubrication,7.561,78.8,895.1,167.9,30.0,87.4,80.5,445.1,3.128,0.824,245.2,493293,4,0.7345,8939.5,Bearing Failure,Warning
2023-08-10 01:00:00,Hot_Strip_Mill_01,Hot Strip Mill,29657.6,988.0,Electrical Inspection,7.553,99.3,1057.1,158.9,37.3,75.4,83.4,549.5,0.782,0.809,229.8,352285,3,0.8156,9333.0,Bearing Failure,Warning
2023-08-10 03:00:00,Ladle_Crane_03,Ladle Crane,13236.0,1696.0,Alignment Check,3.984,55.4,358.5,175.7,68.5,98.0,78.6,186.6,0.524,0.912,398.3,193642,0,0.4033,37242.0,Normal,Normal
2023-08-10 03:00:00,Continuous_Caster_03,Continuous Caster,10452.1,820.0,Alignment Check,3.429,102.4,658.7,182.4,77.3,101.6,76.7,348.5,0.456,0.921,385.2,154434,2,0.3389,24731.7,Normal,Normal
2023-08-10 04:00:00,Cold_Rolling_Mill_02,Cold Rolling Mill,31141.7,220.0,Seal Replacement,7.826,78.2,866.8,167.2,25.5,80.0,85.5,468.5,6.343,0.815,213.2,345022,4,0.8546,4352.7,Bearing Failure,Critical
2023-08-10 04:00:00,Rolling_Mill_02,Rolling Mill,34977.8,48.0,Alignment Check,8.804,99.2,1085.8,158.1,23.3,77.1,87.6,586.9,4.388,0.815,186.0,430944,8,0.956,3698.9,Mechanical Wear,Critical
2023-08-10 04:00:00,Hydraulic_Press_02,Hydraulic Press,23495.3,1800.0,Lubrication,6.791,77.1,253.0,182.0,40.7,90.7,83.9,134.0,1.259,0.826,251.1,286199,3,0.714,0.0,Lubrication Failure,Immediate Action
2023-08-10 06:00:00,Electric_Arc_Furnace_02,Electric Arc Furnace,34650.3,247.0,Lubrication,9.233,130.4,1453.7,165.6,23.9,74.2,87.5,786.2,2.657,0.817,171.4,628332,6,0.9409,0.0,Lubrication Failure,Immediate Action
2023-08-10 06:00:00,Continuous_Caster_01,Continuous Caster,23132.8,1752.0,Bearing Replacement,6.141,105.8,713.9,170.8,48.4,96.7,77.6,365.3,0.182,0.823,311.5,289304,5,0.6467,12761.4,Electrical Fault,Normal
2023-08-10 07:00:00,Rolling_Mill_01,Rolling Mill,25697.8,188.0,Bearing Replacement,6.385,92.5,984.6,181.7,42.9,86.3,79.9,522.5,5.165,0.867,327.8,397734,3,0.6837,12323.5,Electrical Fault,Normal
2023-08-10 09:00:00,Pickling_Line_02,Pickling Line,13664.1,483.0,Seal Replacement,3.975,61.1,299.8,184.5,70.6,110.8,81.0,146.6,5.408,0.89,402.3,170618,1,0.3608,15571.3,Normal,Normal
2023-08-10 10:00:00,Hot_Strip_Mill_03,Hot Strip Mill,15210.6,1457.0,Alignment Check,3.597,96.4,990.3,184.5,77.5,107.0,79.3,488.0,0.412,0.873,440.3,137177,4,0.3593,24528.6,Normal,Normal
2023-08-10 11:00:00,Electric_Arc_Furnace_01,Electric Arc Furnace,5130.3,349.0,Electrical Inspection,2.959,117.1,1298.7,194.8,90.4,107.8,74.4,637.3,1.467,0.918,429.6,98037,1,0.2107,19388.9,Normal,Normal
2023-08-10 12:00:00,Rolling_Mill_02,Rolling Mill,28814.0,1767.0,Seal Replacement,8.086,107.0,1074.6,164.7,31.3,87.9,86.3,530.4,7.335,0.79,235.0,257721,2,0.8739,12867.9,Bearing Failure,Normal
2023-08-10 12:00:00,Blast_Furnace_Blower_03,Blast Furnace Blower,32594.0,450.0,Alignment Check,8.358,93.4,573.9,164.9,36.1,68.4,84.2,291.1,1.947,0.822,235.4,264689,5,0.8909,0.0,Mechanical Wear,Immediate Action
2023-08-10 13:00:00,Cold_Rolling_Mill_03,Cold Rolling Mill,21858.0,736.0,Lubrication,6.067,74.7,835.7,177.5,41.0,95.2,83.0,450.7,0.507,0.855,280.2,245977,1,0.6477,15359.3,Lubrication Failure,Normal
2023-08-10 14:00:00,Rolling_Mill_02,Rolling Mill,12093.3,1734.0,Bearing Replacement,2.874,94.7,863.5,183.3,82.1,105.3,74.2,470.1,1.159,0.915,425.1,137036,0,0.2737,26923.1,Normal,Normal
2023-08-10 15:00:00,Annealing_Furnace_03,Annealing Furnace,5475.2,686.0,Lubrication,2.575,123.0,392.9,192.0,86.1,101.6,75.6,199.3,3.119,0.912,441.7,62872,1,0.1875,27516.9,Normal,Normal
2023-08-10 18:00:00,Annealing_Furnace_01,Annealing Furnace,9354.0,1177.0,Lubrication,2.564,126.6,390.9,186.4,80.3,121.1,75.0,212.9,0.193,0.887,424.2,164807,0,0.2231,21266.2,Normal,Normal
2023-08-10 18:00:00,Blast_Furnace_Blower_03,Blast Furnace Blower,9013.8,648.0,Bearing Replacement,4.504,75.7,519.2,189.0,77.6,105.9,78.3,248.6,0.938,0.891,422.1,103143,0,0.3184,21960.7,Normal,Normal
2023-08-10 19:00:00,Rolling_Mill_01,Rolling Mill,21512.1,957.0,Alignment Check,6.164,95.6,993.2,167.3,49.6,86.9,86.3,503.2,5.702,0.822,323.2,335001,4,0.6402,20034.2,Thermal Degradation,Normal
2023-08-10 20:00:00,Ladle_Crane_02,Ladle Crane,33081.8,941.0,Bearing Replacement,8.939,70.4,392.1,170.8,22.8,72.6,86.1,209.0,2.962,0.831,177.9,267613,4,0.9269,14713.8,Bearing Failure,Warning
2023-08-10 21:00:00,Rolling_Mill_03,Rolling Mill,1784.7,951.0,Electrical Inspection,1.933,89.7,842.7,195.8,100.0,123.9,68.7,442.1,0.032,0.925,510.2,33390,0,0.0306,40324.0,Normal,Normal
2023-08-10 22:00:00,Cold_Rolling_Mill_02,Cold Rolling Mill,135.7,734.0,Lubrication,0.693,63.6,756.6,197.9,98.9,120.0,72.6,377.9,0.552,0.914,550.0,1508,0,0.0111,36964.3,Normal,Normal
2023-08-11 00:00:00,Hydraulic_Press_03,Hydraulic Press,21046.3,1445.0,Bearing Replacement,5.703,72.6,225.8,177.2,52.0,102.9,80.1,116.3,1.825,0.869,312.1,304132,4,0.5551,0.0,Bearing Failure,Immediate Action
2023-08-11 01:00:00,Pickling_Line_02,Pickling Line,10013.7,686.0,Seal Replacement,3.417,55.8,311.5,181.5,76.7,100.7,72.4,160.0,3.761,0.936,408.0,148401,1,0.3424,17574.7,Normal,Normal
2023-08-11 02:00:00,Annealing_Furnace_02,Annealing Furnace,30831.1,273.0,Lubrication,8.459,134.1,481.1,165.3,19.8,69.5,83.9,229.1,5.005,0.809,197.0,335410,4,0.8962,2165.0,Bearing Failure,Critical
2023-08-11 02:00:00,Continuous_Caster_01,Continuous Caster,11521.0,1195.0,Alignment Check,4.118,103.0,625.7,190.5,78.0,102.9,79.1,318.2,5.406,0.898,369.2,173873,3,0.3774,24238.2,Normal,Normal
2023-08-11 07:00:00,Hot_Strip_Mill_03,Hot Strip Mill,10211.8,556.0,Alignment Check,2.134,95.5,953.8,191.6,91.0,113.7,76.6,475.2,2.611,0.9,464.8,187927,2,0.1693,27915.6,Normal,Normal
2023-08-11 08:00:00,Pickling_Line_02,Pickling Line,9505.9,78.0,Electrical Inspection,2.868,66.8,302.8,187.0,68.8,101.5,78.2,149.2,2.211,0.909,410.3,113820,2,0.2724,19273.6,Normal,Normal
2023-08-11 10:00:00,Continuous_Caster_03,Continuous Caster,5155.4,90.0,Electrical Inspection,2.145,93.4,633.5,196.8,93.3,105.4,77.7,315.7,2.698,0.89,462.3,99005,4,0.1597,28926.9,Normal,Normal
2023-08-11 16:00:00,Rolling_Mill_03,Rolling Mill,20395.4,976.0,Alignment Check,6.135,94.4,987.1,179.6,53.8,86.7,80.2,524.7,0.187,0.828,297.6,220582,2,0.5826,19661.4,Mechanical Wear,Normal
2023-08-11 17:00:00,Pickling_Line_01,Pickling Line,5970.7,1936.0,Lubrication,2.763,65.0,283.1,193.8,76.0,109.6,72.6,149.8,1.278,0.947,442.5,56212,1,0.1717,21319.1,Normal,Normal
2023-08-12 04:00:00,Ladle_Crane_02,Ladle Crane,14919.6,156.0,Full Overhaul,4.398,46.8,351.5,189.7,57.9,95.9,75.0,175.1,4.543,0.882,356.5,181960,2,0.4102,35282.6,Normal,Normal
2023-08-12 04:00:00,Electric_Arc_Furnace_03,Electric Arc Furnace,16187.9,663.0,Lubrication,5.483,122.4,1404.0,179.1,56.8,98.0,80.6,725.1,0.593,0.872,303.5,302893,0,0.5754,9562.8,Lubrication Failure,Normal
2023-08-12 08:00:00,Pickling_Line_01,Pickling Line,815.2,79.0,Seal Replacement,1.414,48.0,268.3,207.5,91.7,117.0,71.3,133.9,0.048,0.983,490.4,8099,0,0.0355,27841.3,Normal,Normal
2023-08-12 10:00:00,Hydraulic_Press_01,Hydraulic Press,686.6,1263.0,Electrical Inspection,1.378,64.1,212.1,197.5,93.6,125.9,70.7,103.3,0.608,0.926,497.9,8918,0,0.0257,19447.2,Normal,Normal
2023-08-12 13:00:00,Continuous_Caster_02,Continuous Caster,18255.4,1157.0,Bearing Replacement,5.469,114.2,695.5,171.6,55.1,80.7,77.2,351.1,2.99,0.875,305.6,282801,8,0.5684,17783.8,Bearing Failure,Normal
2023-08-12 14:00:00,Cold_Rolling_Mill_02,Cold Rolling Mill,24391.6,567.0,Alignment Check,6.247,75.6,867.3,180.2,49.0,89.0,81.3,442.0,0.697,0.826,272.0,433880,2,0.669,12783.6,Lubrication Failure,Normal
2023-08-12 14:00:00,Ladle_Crane_01,Ladle Crane,32980.8,1520.0,Bearing Replacement,8.585,67.9,394.8,156.1,30.8,77.3,83.5,206.8,3.7,0.803,195.5,622050,2,0.8779,19715.2,Lubrication Failure,Normal
2023-08-12 15:00:00,Ladle_Crane_03,Ladle Crane,6351.3,58.0,Alignment Check,3.077,51.7,338.5,186.7,77.3,114.9,74.0,171.4,2.631,0.928,424.5,126404,0,0.2268,45399.9,Normal,Normal
2023-08-12 16:00:00,Electric_Arc_Furnace_03,Electric Arc Furnace,3703.7,251.0,Alignment Check,1.29,113.9,1218.9,191.5,89.1,115.3,76.8,624.0,2.862,0.927,475.4,67197,0,0.0891,21788.6,Normal,Normal
2023-08-12 20:00:00,Hot_Strip_Mill_02,Hot Strip Mill,1917.9,116.0,Lubrication,2.567,85.9,916.1,195.4,84.9,109.2,73.8,469.5,1.242,0.924,468.5,15561,0,0.1228,37147.0,Normal,Normal
2023-08-12 22:00:00,Ladle_Crane_01,Ladle Crane,15317.9,676.0,Bearing Replacement,5.0,63.3,372.4,179.5,60.9,96.2,79.2,190.3,0.762,0.854,330.2,194764,1,0.5026,35047.5,Normal,Normal
2023-08-12 22:00:00,Continuous_Caster_03,Continuous Caster,21847.8,1011.0,Lubrication,6.34,111.7,674.1,185.7,60.3,95.7,81.2,334.3,0.198,0.863,326.3,398746,2,0.5081,12858.2,Normal,Normal
2023-08-13 02:00:00,Hot_Strip_Mill_03,Hot Strip Mill,29435.3,580.0,Full Overhaul,7.856,103.9,1066.9,166.5,34.4,74.6,83.7,535.1,1.442,0.814,224.6,580254,5,0.8446,9553.8,Bearing Failure,Warning
2023-08-13 11:00:00,Electric_Arc_Furnace_01,Electric Arc Furnace,23924.3,630.0,Bearing Replacement,6.996,130.9,1375.7,167.6,41.9,82.3,84.0,751.4,4.878,0.846,250.9,208482,5,0.7374,1643.5,Lubrication Failure,Critical
2023-08-13 12:00:00,Rolling_Mill_03,Rolling Mill,7371.8,1148.0,Alignment Check,1.637,91.7,837.6,193.7,90.7,111.9,75.2,429.1,0.598,0.931,475.5,89038,1,0.1229,32978.6,Normal,Normal
2023-08-13 13:00:00,Hydraulic_Press_03,Hydraulic Press,16215.8,482.0,Seal Replacement,5.281,77.2,226.1,176.0,65.9,104.4,77.3,116.2,0.383,0.877,341.6,256380,2,0.4816,3667.5,Normal,Warning
2023-08-13 14:00:00,Pickling_Line_03,Pickling Line,31871.1,555.0,Alignment Check,8.696,74.7,342.2,165.6,25.0,72.5,85.6,180.6,3.528,0.821,180.5,411289,7,0.9435,0.0,Thermal Degradation,Immediate Action
2023-08-13 16:00:00,Ladle_Crane_01,Ladle Crane,11503.3,1803.0,Seal Replacement,3.776,51.1,344.8,194.4,78.3,103.4,74.0,177.3,2.502,0.925,395.4,113660,1,0.3259,37883.7,Normal,Normal
2023-08-13 17:00:00,Hydraulic_Press_03,Hydraulic Press,17505.7,1455.0,Electrical Inspection,4.756,81.9,234.2,181.1,58.2,94.1,77.3,125.4,0.979,0.827,364.1,328996,0,0.4978,3247.7,Normal,Warning
2023-08-13 19:00:00,Electric_Arc_Furnace_02,Electric Arc Furnace,33553.9,1010.0,Bearing Replacement,9.466,130.5,1469.9,159.9,16.1,68.4,85.5,783.3,3.766,0.835,159.7,390932,4,1.0,0.0,Lubrication Failure,Immediate Action
2023-08-13 22:00:00,Continuous_Caster_03,Continuous Caster,25741.3,1408.0,Lubrication,6.318,110.1,689.3,175.9,53.1,88.3,82.6,360.2,4.669,0.849,287.1,284935,2,0.6607,10451.0,Thermal Degradation,Warning
2023-08-13 22:00:00,Rolling_Mill_03,Rolling Mill,26196.1,883.0,Full Overhaul,7.217,107.4,1035.0,166.1,34.4,76.8,81.7,514.8,4.065,0.875,236.1,389259,3,0.79,12541.6,Bearing Failure,Normal
2023-08-14 01:00:00,Hot_Strip_Mill_01,Hot Strip Mill,8906.5,1825.0,Seal Replacement,2.935,100.2,990.2,188.2,77.3,105.6,76.4,515.1,1.067,0.918,420.8,161530,3,0.2774,28684.0,Normal,Normal
2023-08-14 02:00:00,Blast_Furnace_Blower_01,Blast Furnace Blower,14573.0,353.0,Electrical Inspection,4.657,79.7,527.1,179.9,57.3,88.4,78.7,267.9,3.425,0.885,335.8,199938,5,0.4815,15195.4,Normal,Normal
2023-08-14 02:00:00,Cold_Rolling_Mill_02,Cold Rolling Mill,2973.7,342.0,Lubrication,1.237,58.4,757.9,202.0,100.0,119.3,72.0,353.3,1.115,0.934,489.4,27792,0,0.0376,32371.6,Normal,Normal
2023-08-14 04:00:00,Electric_Arc_Furnace_02,Electric Arc Furnace,21267.8,119.0,Seal Replacement,6.487,120.3,1452.0,170.8,37.8,87.2,83.7,757.0,9.002,0.835,279.3,284468,6,0.6815,5129.2,Lubrication Failure,Warning
2023-08-14 06:00:00,Blast_Furnace_Blower_03,Blast Furnace Blower,3720.2,360.0,Bearing Replacement,0.866,77.5,456.1,187.9,100.0,112.6,75.9,222.4,0.285,0.967,550.0,34181,0,0.0369,26640.2,Normal,Normal
2023-08-14 08:00:00,Electric_Arc_Furnace_03,Electric Arc Furnace,29273.2,441.0,Electrical Inspection,7.558,124.5,1497.7,161.5,25.1,82.2,81.0,773.8,6.938,0.828,219.0,295260,3,0.8199,0.0,Lubrication Failure,Immediate Action
2023-08-14 09:00:00,Cold_Rolling_Mill_03,Cold Rolling Mill,28527.9,1721.0,Electrical Inspection,7.144,73.6,905.2,181.3,37.6,80.5,84.4,466.4,2.795,0.857,235.1,377593,6,0.7569,6968.9,Bearing Failure,Warning
2023-08-14 11:00:00,Rolling_Mill_03,Rolling Mill,18722.8,1017.0,Lubrication,5.361,95.5,972.5,176.3,58.0,98.7,84.6,514.7,0.011,0.849,348.9,175490,4,0.5712,22311.7,Electrical Fault,Normal
2023-08-14 13:00:00,Rolling_Mill_02,Rolling Mill,5026.7,412.0,Electrical Inspection,1.563,88.6,821.7,198.3,100.0,113.7,75.5,454.1,2.18,0.925,465.9,80633,0,0.1055,37603.1,Normal,Normal
2023-08-14 15:00:00,Annealing_Furnace_03,Annealing Furnace,992.7,1703.0,Seal Replacement,1.563,120.7,386.4,196.2,92.0,122.5,74.5,198.4,0.069,0.871,510.6,14420,1,0.0851,31085.0,Normal,Normal
2023-08-14 17:00:00,Rolling_Mill_02,Rolling Mill,27905.1,152.0,Lubrication,6.778,103.1,980.8,171.1,40.3,87.6,79.1,528.1,5.124,0.805,264.9,338182,3,0.7129,11814.6,Mechanical Wear,Warning
2023-08-14 19:00:00,Rolling_Mill_03,Rolling Mill,21044.9,568.0,Seal Replacement,5.695,92.2,963.7,171.3,54.7,85.3,83.2,484.9,1.834,0.868,301.3,208528,2,0.579,18846.4,Lubrication Failure,Normal
2023-08-15 00:00:00,Hot_Strip_Mill_03,Hot Strip Mill,24911.4,1877.0,Seal Replacement,7.428,100.1,1114.1,176.5,44.2,77.3,87.3,614.9,0.389,0.799,224.0,352651,8,0.8011,12721.4,Lubrication Failure,Normal
2023-08-15 00:00:00,Electric_Arc_Furnace_02,Electric Arc Furnace,10702.9,1937.0,Alignment Check,2.837,112.7,1295.6,185.6,79.4,114.9,77.3,631.5,0.428,0.925,421.3,188160,0,0.2678,14295.0,Normal,Normal
2023-08-15 03:00:00,Cold_Rolling_Mill_02,Cold Rolling Mill,17880.9,741.0,Bearing Replacement,5.791,67.2,878.3,173.6,57.4,96.2,82.3,444.6,0.981,0.86,334.3,303821,6,0.5639,17458.7,Thermal Degradation,Normal
2023-08-15 04:00:00,Hot_Strip_Mill_03,Hot Strip Mill,26176.4,1609.0,Electrical Inspection,7.861,105.9,1091.6,170.6,34.2,76.0,85.8,557.5,1.004,0.823,259.3,514873,3,0.7827,10813.0,Bearing Failure,Warning
2023-08-15 08:00:00,Ladle_Crane_01,Ladle Crane,16243.5,312.0,Bearing Replacement,4.104,51.4,342.6,189.9,72.6,102.7,79.3,181.7,1.696,0.881,365.9,227477,1,0.3987,33724.7,Normal,Normal
2023-08-15 11:00:00,Annealing_Furnace_01,Annealing Furnace,21088.3,1782.0,Alignment Check,5.82,127.1,460.2,174.1,43.1,86.2,82.8,217.0,6.306,0.871,310.2,328515,5,0.6131,10989.5,Bearing Failure,Normal
2023-08-15 15:00:00,Rolling_Mill_02,Rolling Mill,27661.5,1585.0,Full Overhaul,8.082,97.1,1029.8,156.0,36.9,75.2,81.8,535.9,7.212,0.844,209.7,302142,5,0.8668,12010.7,Electrical Fault,Normal
2023-08-15 18:00:00,Annealing_Furnace_01,Annealing Furnace,7611.2,1317.0,Full Overhaul,2.808,124.7,410.6,182.9,90.9,117.3,79.9,195.1,0.083,0.876,450.4,131390,1,0.197,25787.5,Normal,Normal
2023-08-15 21:00:00,Hydraulic_Press_02,Hydraulic Press,2400.9,1675.0,Bearing Replacement,1.143,69.3,222.1,206.4,100.0,120.8,74.4,99.1,0.217,0.952,490.8,33614,0,0.0341,17848.4,Normal,Normal
2023-08-15 23:00:00,Pickling_Line_01,Pickling Line,18660.6,1125.0,Full Overhaul,5.758,63.2,307.0,178.4,62.7,86.6,82.1,160.7,4.149,0.878,319.0,255118,4,0.5496,9963.0,Normal,Normal
2023-08-16 00:00:00,Rolling_Mill_01,Rolling Mill,2268.2,665.0,Full Overhaul,1.079,85.7,859.1,204.5,93.0,117.8,73.5,462.5,0.759,0.944,483.7,26278,0,0.0541,38654.6,Normal,Normal
2023-08-16 02:00:00,Continuous_Caster_01,Continuous Caster,26852.8,1330.0,Alignment Check,6.759,106.3,716.4,173.5,51.9,91.2,78.5,355.8,4.868,0.847,271.6,317377,3,0.6924,8257.0,Electrical Fault,Warning
2023-08-16 03:00:00,Electric_Arc_Furnace_02,Electric Arc Furnace,25200.5,1328.0,Bearing Replacement,6.843,123.6,1402.6,167.4,48.9,86.5,78.0,738.2,0.83,0.849,253.1,264355,3,0.7089,0.0,Thermal Degradation,Immediate Action
2023-08-16 04:00:00,Rolling_Mill_01,Rolling Mill,30871.8,1160.0,Alignment Check,8.045,109.2,1102.1,167.6,27.8,77.0,85.9,543.3,2.982,0.846,202.6,597249,6,0.8578,8096.0,Lubrication Failure,Warning
2023-08-16 06:00:00,Hot_Strip_Mill_01,Hot Strip Mill,2445.2,107.0,Bearing Replacement,0.74,88.2,916.7,202.5,85.4,120.2,73.5,453.4,0.014,0.918,514.3,20693,0,0.0,35174.8,Normal,Normal
2023-08-16 06:00:00,Electric_Arc_Furnace_02,Electric Arc Furnace,22420.7,1575.0,Bearing Replacement,6.113,132.7,1399.8,176.0,50.3,85.7,81.4,735.5,9.896,0.856,286.0,243389,3,0.6339,3071.3,Bearing Failure,Critical
2023-08-16 07:00:00,Pickling_Line_01,Pickling Line,8935.0,1278.0,Full Overhaul,3.393,58.4,314.6,189.5,71.2,91.5,75.5,156.3,2.062,0.908,406.7,116789,0,0.2735,18527.6,Normal,Normal
2023-08-16 09:00:00,Electric_Arc_Furnace_02,Electric Arc Furnace,28296.8,1154.0,Electrical Inspection,7.421,126.3,1368.3,168.5,46.0,84.2,82.2,742.7,4.367,0.822,287.9,555252,3,0.7268,0.0,Lubrication Failure,Immediate Action
2023-08-16 14:00:00,Hydraulic_Press_02,Hydraulic Press,5932.9,441.0,Alignment Check,2.294,69.6,218.1,197.5,91.6,104.6,74.6,118.2,1.094,0.897,434.2,49624,1,0.2068,13267.7,Normal,Normal
2023-08-16 15:00:00,Cold_Rolling_Mill_02,Cold Rolling Mill,24477.0,174.0,Seal Replacement,7.152,77.8,869.6,169.6,43.9,76.6,82.4,447.4,2.223,0.831,254.0,271671,2,0.7529,13379.6,Lubrication Failure,Normal
2023-08-16 15:00:00,Rolling_Mill_03,Rolling Mill,27331.1,940.0,Seal Replacement,7.045,98.1,1005.9,173.9,45.7,87.6,80.1,528.7,0.38,0.846,264.5,300828,1,0.6816,14636.9,Lubrication Failure,Normal
2023-08-16 22:00:00,Rolling_Mill_03,Rolling Mill,11620.9,508.0,Electrical Inspection,3.916,92.2,976.0,179.2,63.1,101.2,75.5,481.7,3.75,0.877,388.0,167225,0,0.3968,28112.4,Normal,Normal
2023-08-16 23:00:00,Blast_Furnace_Blower_03,Blast Furnace Blower,11348.2,1545.0,Bearing Replacement,3.366,83.1,471.7,181.9,77.8,103.2,77.8,242.0,0.954,0.931,404.1,193802,1,0.3184,20258.5,Normal,Normal
2023-08-17 04:00:00,Continuous_Caster_03,Continuous Caster,19567.3,981.0,Lubrication,5.738,108.2,666.5,171.5,41.4,88.9,82.4,355.0,5.416,0.855,339.9,253770,1,0.6129,14499.9,Lubrication Failure,Normal
2023-08-17 08:00:00,Annealing_Furnace_01,Annealing Furnace,30158.9,1923.0,Lubrication,8.256,136.2,468.3,158.2,29.9,71.5,79.7,255.3,5.121,0.839,205.4,360263,3,0.9082,2795.4,Electrical Fault,Critical
2023-08-17 09:00:00,Electric_Arc_Furnace_01,Electric Arc Furnace,7914.3,1912.0,Bearing Replacement,2.511,113.6,1295.1,183.1,83.2,103.4,73.9,626.2,0.664,0.914,526.0,90376,1,0.1539,17098.3,Normal,Normal
2023-08-17 09:00:00,Cold_Rolling_Mill_03,Cold Rolling Mill,32949.9,1763.0,Seal Replacement,8.317,78.5,900.8,160.9,31.9,74.6,85.0,490.3,3.225,0.849,218.9,626408,8,0.8988,1099.2,Thermal Degradation,Immediate Action
2023-08-17 13:00:00,Rolling_Mill_02,Rolling Mill,21009.2,1260.0,Lubrication,6.638,87.6,968.8,180.4,49.5,88.9,83.1,516.7,3.787,0.829,276.8,405215,2,0.681,18233.5,Bearing Failure,Normal
2023-08-17 15:00:00,Blast_Furnace_Blower_02,Blast Furnace Blower,34725.2,1197.0,Electrical Inspection,8.451,93.4,576.0,160.7,22.8,68.0,86.9,300.2,1.946,0.825,179.6,519375,3,0.9301,0.0,Electrical Fault,Immediate Action
2023-08-17 16:00:00,Cold_Rolling_Mill_03,Cold Rolling Mill,3227.5,436.0,Lubrication,1.444,65.8,766.3,189.3,95.8,111.9,75.0,385.5,0.492,0.965,469.7,59932,0,0.1103,33613.8,Normal,Normal
2023-08-17 18:00:00,Rolling_Mill_02,Rolling Mill,4517.0,1435.0,Electrical Inspection,1.939,85.1,885.6,199.9,83.9,114.8,72.7,454.6,1.137,0.933,477.5,89673,1,0.0913,34910.5,Normal,Normal
2023-08-17 19:00:00,Continuous_Caster_01,Continuous Caster,28949.8,1829.0,Lubrication,7.403,107.7,742.2,168.1,36.7,80.0,82.3,366.8,0.731,0.822,275.2,428151,2,0.7819,5763.4,Lubrication Failure,Warning
2023-08-17 20:00:00,Annealing_Furnace_01,Annealing Furnace,30280.0,627.0,Seal Replacement,7.852,134.3,468.0,163.6,34.8,76.8,81.5,241.2,2.375,0.824,203.5,350425,6,0.8642,2239.4,Lubrication Failure,Critical
2023-08-17 22:00:00,Continuous_Caster_01,Continuous Caster,25021.1,821.0,Alignment Check,7.106,106.1,695.6,169.9,37.0,77.4,80.2,356.3,4.73,0.824,254.1,384029,5,0.7533,9882.6,Thermal Degradation,Warning
2023-08-17 22:00:00,Electric_Arc_Furnace_03,Electric Arc Furnace,15646.5,1687.0,Bearing Replacement,6.693,122.4,1368.2,171.7,58.6,92.5,80.1,672.2,0.34,0.868,330.8,188266,3,0.5566,9719.6,Electrical Fault,Normal
2023-08-17 23:00:00,Electric_Arc_Furnace_01,Electric Arc Furnace,30377.7,1910.0,Lubrication,7.623,127.3,1425.4,167.6,39.2,81.6,82.8,747.9,2.45,0.819,218.4,381943,4,0.8153,0.0,Lubrication Failure,Immediate Action
2023-08-18 01:00:00,Hydraulic_Press_01,Hydraulic Press,1605.2,797.0,Alignment Check,1.264,66.7,215.1,199.3,100.0,114.9,70.1,106.4,0.665,0.966,486.8,22663,0,0.0556,18958.4,Normal,Normal
2023-08-18 03:00:00,Ladle_Crane_03,Ladle Crane,20130.9,1545.0,Lubrication,4.601,49.3,370.5,181.1,55.6,99.4,81.9,172.9,3.187,0.854,337.9,216538,3,0.4822,29406.4,Normal,Normal
2023-08-18 03:00:00,Hydraulic_Press_01,Hydraulic Press,29886.5,1619.0,Alignment Check,7.052,83.6,245.9,169.6,40.1,83.6,80.6,129.5,1.242,0.871,244.5,595446,4,0.7412,0.0,Electrical Fault,Immediate Action
2023-08-18 05:00:00,Electric_Arc_Furnace_01,Electric Arc Furnace,13995.6,1423.0,Alignment Check,4.269,123.2,1301.2,183.7,68.3,101.4,76.4,677.7,2.317,0.867,387.8,144205,2,0.4083,10708.6,Normal,Normal
2023-08-18 09:00:00,Electric_Arc_Furnace_02,Electric Arc Furnace,10653.2,765.0,Alignment Check,3.497,117.8,1319.5,185.8,73.7,107.8,78.2,639.6,0.158,0.916,388.5,202072,2,0.3401,14756.9,Normal,Normal
2023-08-18 10:00:00,Cold_Rolling_Mill_02,Cold Rolling Mill,27870.2,312.0,Bearing Replacement,8.321,77.6,896.8,157.6,34.1,78.5,87.4,488.8,0.448,0.849,209.2,513561,4,0.8743,7968.6,Mechanical Wear,Warning
2023-08-18 11:00:00,Hot_Strip_Mill_03,Hot Strip Mill,11819.0,200.0,Electrical Inspection,3.671,95.1,992.1,195.5,69.4,106.0,75.9,499.2,3.614,0.882,402.0,209487,2,0.3563,25607.9,Normal,Normal
2023-08-18 13:00:00,Hydraulic_Press_02,Hydraulic Press,210.8,187.0,Alignment Check,0.933,63.3,204.9,202.8,100.0,127.4,75.1,101.2,1.988,0.964,550.0,4056,0,0.0063,19036.3,Normal,Normal
2023-08-18 14:00:00,Hydraulic_Press_01,Hydraulic Press,33589.1,1539.0,Lubrication,8.56,82.1,261.1,163.0,22.6,66.7,85.6,138.0,2.885,0.806,218.2,593476,5,0.9427,0.0,Electrical Fault,Immediate Action
2023-08-18 19:00:00,Continuous_Caster_03,Continuous Caster,20765.1,762.0,Full Overhaul,6.502,110.4,687.2,174.1,44.8,85.9,83.6,332.6,0.844,0.825,287.9,253965,3,0.6197,14474.2,Bearing Failure,Normal
2023-08-18 19:00:00,Hydraulic_Press_02,Hydraulic Press,28701.2,761.0,Electrical Inspection,7.588,82.5,250.6,168.8,38.1,79.4,83.5,122.0,2.421,0.84,279.2,288013,5,0.7592,0.0,Thermal Degradation,Immediate Action
2023-08-18 21:00:00,Ladle_Crane_02,Ladle Crane,28903.0,404.0,Electrical Inspection,7.28,53.0,391.1,169.8,37.9,86.9,81.2,189.1,3.349,0.822,260.3,405960,5,0.7919,20813.0,Lubrication Failure,Normal
2023-08-18 22:00:00,Hydraulic_Press_03,Hydraulic Press,2417.7,429.0,Electrical Inspection,1.421,59.3,209.9,206.6,93.3,119.3,70.4,106.4,1.193,0.962,497.1,19500,0,0.01,16925.9,Normal,Normal
2023-08-18 23:00:00,Rolling_Mill_02,Rolling Mill,6063.0,762.0,Alignment Check,1.994,84.6,891.6,190.7,86.7,109.1,74.0,454.5,1.362,0.932,491.7,117543,2,0.147,33782.4,Normal,Normal
2023-08-19 00:00:00,Hydraulic_Press_01,Hydraulic Press,10958.1,424.0,Alignment Check,3.216,68.7,220.2,190.3,71.7,101.2,78.3,110.2,3.985,0.942,418.4,200248,1,0.2769,10077.2,Normal,Normal
2023-08-19 00:00:00,Pickling_Line_02,Pickling Line,11292.4,1268.0,Full Overhaul,3.456,62.4,295.2,180.6,80.9,109.5,77.3,154.1,2.787,0.909,405.2,201600,2,0.283,16851.8,Normal,Normal
2023-08-19 01:00:00,Cold_Rolling_Mill_01,Cold Rolling Mill,23091.6,1703.0,Full Overhaul,5.862,70.4,843.0,179.0,48.9,90.3,83.9,466.4,1.1,0.86,387.6,283742,1,0.6278,11200.3,Bearing Failure,Normal
2023-08-19 02:00:00,Cold_Rolling_Mill_01,Cold Rolling Mill,21847.3,1357.0,Seal Replacement,5.951,74.4,867.6,176.3,37.3,80.9,80.1,437.7,1.17,0.866,285.3,204880,3,0.6348,14510.3,Electrical Fault,Normal
2023-08-19 03:00:00,Continuous_Caster_02,Continuous Caster,17361.2,593.0,Seal Replacement,5.359,112.6,689.2,177.1,60.4,89.0,77.2,333.7,4.105,0.917,308.3,287039,1,0.5595,19016.2,Lubrication Failure,Normal
2023-08-19 09:00:00,Cold_Rolling_Mill_01,Cold Rolling Mill,7473.1,644.0,Seal Replacement,2.632,62.2,801.4,180.1,75.9,98.7,76.6,435.9,0.419,0.932,424.0,117907,2,0.2279,27032.1,Normal,Normal
2023-08-19 13:00:00,Rolling_Mill_02,Rolling Mill,13431.2,1232.0,Bearing Replacement,3.646,88.4,968.7,182.9,84.9,106.4,78.2,474.1,1.352,0.889,390.7,240139,1,0.3551,25314.2,Normal,Normal
2023-08-19 14:00:00,Ladle_Crane_01,Ladle Crane,19071.4,1236.0,Alignment Check,5.529,51.8,369.9,172.6,51.2,91.8,80.2,179.5,5.524,0.862,305.5,269161,3,0.5668,31316.1,Bearing Failure,Normal
2023-08-19 18:00:00,Annealing_Furnace_01,Annealing Furnace,16432.7,1502.0,Full Overhaul,4.599,125.4,420.2,176.4,59.1,95.4,78.1,213.2,1.197,0.849,348.4,161311,4,0.475,15483.7,Normal,Normal
2023-08-19 19:00:00,Rolling_Mill_02,Rolling Mill,4542.5,1872.0,Bearing Replacement,2.019,90.0,938.7,185.2,89.7,105.9,73.2,399.9,0.263,0.917,478.3,80915,1,0.1382,36910.9,Normal,Normal
2023-08-19 20:00:00,Hydraulic_Press_03,Hydraulic Press,22767.9,451.0,Bearing Replacement,6.037,81.0,239.1,172.2,36.0,84.3,80.2,121.0,6.668,0.813,332.1,374021,5,0.6494,0.0,Bearing Failure,Immediate Action
2023-08-19 20:00:00,Ladle_Crane_02,Ladle Crane,2649.5,580.0,Full Overhaul,2.011,50.7,334.9,202.6,89.2,115.0,75.1,168.6,3.039,0.937,452.5,51653,1,0.162,48588.7,Normal,Normal
2023-08-19 23:00:00,Hot_Strip_Mill_03,Hot Strip Mill,13299.0,1441.0,Full Overhaul,3.831,93.5,1016.6,188.1,72.7,99.3,79.0,507.0,2.472,0.865,439.8,120718,1,0.3849,26443.0,Normal,Normal
2023-08-20 00:00:00,Hydraulic_Press_02,Hydraulic Press,24880.0,241.0,Seal Replacement,6.696,77.1,249.4,173.0,49.9,83.2,84.8,119.3,0.754,0.843,351.1,374227,1,0.6828,0.0,Lubrication Failure,Immediate Action
2023-08-20 07:00:00,Pickling_Line_03,Pickling Line,798.8,483.0,Lubrication,1.145,53.5,262.5,202.8,100.0,128.3,72.0,142.5,1.606,0.937,517.7,12491,0,0.0,27829.2,Normal,Normal
2023-08-20 08:00:00,Electric_Arc_Furnace_03,Electric Arc Furnace,19992.4,461.0,Alignment Check,5.763,129.2,1409.3,186.3,51.2,81.1,81.9,701.3,0.277,0.854,291.5,399823,4,0.6163,4707.0,Lubrication Failure,Warning
2023-08-20 08:00:00,Blast_Furnace_Blower_03,Blast Furnace Blower,11774.8,426.0,Bearing Replacement,3.317,81.7,473.8,183.9,70.2,102.9,72.8,246.8,2.073,0.928,441.4,211822,0,0.2771,16231.5,Normal,Normal
2023-08-20 11:00:00,Pickling_Line_02,Pickling Line,408.2,1409.0,Full Overhaul,1.854,57.0,279.2,192.9,96.1,111.8,73.4,151.3,0.72,0.945,473.3,4797,1,0.0795,27991.9,Normal,Normal
2023-08-20 11:00:00,Cold_Rolling_Mill_01,Cold Rolling Mill,6744.4,386.0,Full Overhaul,2.418,63.0,730.4,193.7,92.0,117.9,74.7,397.6,2.222,0.919,477.7,92219,1,0.0969,29903.0,Normal,Normal
2023-08-20 11:00:00,Blast_Furnace_Blower_03,Blast Furnace Blower,32939.0,1720.0,Alignment Check,9.26,93.3,564.6,152.9,17.9,71.3,85.4,292.4,3.054,0.746,170.1,404822,4,1.0,0.0,Thermal Degradation,Immediate Action
2023-08-20 14:00:00,Rolling_Mill_03,Rolling Mill,18288.1,1124.0,Seal Replacement,5.399,97.9,958.0,179.1,49.8,91.5,83.3,490.7,0.138,0.862,382.8,347733,1,0.5624,21167.2,Lubrication Failure,Normal
2023-08-20 14:00:00,Cold_Rolling_Mill_03,Cold Rolling Mill,34903.2,1037.0,Seal Replacement,8.906,77.6,940.5,159.5,24.4,65.7,85.0,470.9,4.675,0.812,182.4,498749,3,0.9753,423.9,Lubrication Failure,Immediate Action
2023-08-20 15:00:00,Blast_Furnace_Blower_03,Blast Furnace Blower,18416.1,776.0,Bearing Replacement,4.797,90.5,493.1,183.6,59.3,96.8,79.8,245.9,0.249,0.862,334.2,346619,1,0.4887,12312.9,Normal,Normal
2023-08-20 16:00:00,Hydraulic_Press_01,Hydraulic Press,19083.4,470.0,Lubrication,5.943,73.7,264.4,179.9,42.0,80.3,81.5,120.5,0.277,0.873,326.0,235552,4,0.6068,0.0,Lubrication Failure,Immediate Action
2023-08-20 16:00:00,Hydraulic_Press_03,Hydraulic Press,13775.3,321.0,Lubrication,4.812,75.4,232.8,187.3,60.2,94.1,77.5,123.5,1.687,0.878,352.2,139916,1,0.4836,6288.7,Normal,Normal
2023-08-20 16:00:00,Electric_Arc_Furnace_02,Electric Arc Furnace,10920.4,393.0,Electrical Inspection,3.209,118.3,1326.2,192.4,73.6,103.0,75.9,644.4,1.02,0.931,441.5,158326,1,0.2813,12324.8,Normal,Normal
2023-08-20 19:00:00,Cold_Rolling_Mill_01,Cold Rolling Mill,8878.9,1873.0,Electrical Inspection,2.915,65.3,828.7,186.8,81.8,110.2,76.4,381.3,2.974,0.923,424.9,176208,1,0.2827,27530.9,Normal,Normal
2023-08-20 21:00:00,Blast_Furnace_Blower_01,Blast Furnace Blower,12085.4,1241.0,Seal Replacement,3.885,83.4,507.5,181.7,67.6,103.1,78.1,246.1,0.068,0.891,370.5,187827,2,0.3943,18027.2,Normal,Normal
2023-08-20 21:00:00,Hot_Strip_Mill_01,Hot Strip Mill,16148.8,971.0,Alignment Check,5.804,99.0,987.4,175.4,59.4,98.2,76.3,538.0,2.791,0.874,330.4,139852,1,0.4915,21268.7,Normal,Normal
2023-08-21 02:00:00,Hot_Strip_Mill_01,Hot Strip Mill,6800.5,51.0,Alignment Check,3.788,90.3,996.2,192.4,85.8,110.9,75.7,470.4,0.291,0.883,454.6,57159,1,0.197,32827.7,Normal,Normal
2023-08-21 05:00:00,Hydraulic_Press_01,Hydraulic Press,7948.1,1892.0,Bearing Replacement,2.676,76.1,222.7,193.5,91.8,115.9,77.1,105.5,0.491,0.885,431.9,104564,2,0.2076,10478.0,Normal,Normal
2023-08-21 06:00:00,Rolling_Mill_01,Rolling Mill,9576.9,1500.0,Electrical Inspection,3.033,89.3,921.2,181.0,79.0,109.5,78.1,467.0,1.845,0.883,400.7,80906,2,0.2875,30401.3,Normal,Normal
2023-08-21 09:00:00,Continuous_Caster_01,Continuous Caster,15779.2,371.0,Bearing Replacement,4.365,96.7,650.6,191.9,68.3,97.4,78.7,333.2,1.512,0.904,385.6,146032,1,0.3465,20478.3,Normal,Normal
2023-08-21 10:00:00,Continuous_Caster_01,Continuous Caster,22883.2,823.0,Lubrication,6.699,106.5,708.2,171.3,34.5,81.7,80.9,356.8,3.819,0.853,255.3,389959,4,0.7208,12252.1,Electrical Fault,Normal
2023-08-21 10:00:00,Blast_Furnace_Blower_01,Blast Furnace Blower,29979.5,1262.0,Seal Replacement,7.45,95.7,537.4,167.3,45.0,84.5,84.9,280.0,5.549,0.824,328.0,512624,4,0.7712,1250.0,Mechanical Wear,Immediate Action
2023-08-21 11:00:00,Blast_Furnace_Blower_02,Blast Furnace Blower,10120.9,351.0,Bearing Replacement,2.638,89.1,457.1,185.0,68.0,108.8,72.7,244.3,2.994,0.932,430.0,103398,2,0.2472,19473.6,Normal,Normal
2023-08-21 12:00:00,Hot_Strip_Mill_02,Hot Strip Mill,6512.1,974.0,Alignment Check,2.252,94.9,945.0,200.3,86.4,111.4,74.2,473.8,0.598,0.957,532.9,118607,0,0.1692,31297.3,Normal,Normal
2023-08-21 13:00:00,Continuous_Caster_02,Continuous Caster,13321.8,1422.0,Lubrication,3.738,104.8,664.0,189.3,85.3,105.2,74.7,345.6,1.228,0.915,413.9,134641,4,0.3307,22973.1,Normal,Normal
2023-08-21 14:00:00,Blast_Furnace_Blower_01,Blast Furnace Blower,31314.0,298.0,Lubrication,8.214,99.2,536.6,170.8,24.0,68.5,86.5,283.9,0.479,0.833,220.2,537689,5,0.8383,0.0,Lubrication Failure,Immediate Action
2023-08-21 15:00:00,Hydraulic_Press_01,Hydraulic Press,444.1,499.0,Bearing Replacement,1.605,62.8,213.7,196.1,87.8,117.9,73.4,107.3,1.811,0.925,477.6,6763,1,0.0832,20995.4,Normal,Normal
2023-08-21 17:00:00,Hydraulic_Press_02,Hydraulic Press,16752.9,1395.0,Electrical Inspection,5.447,83.4,246.2,181.9,51.5,95.9,79.7,123.4,0.294,0.848,310.7,285482,4,0.5561,3367.3,Bearing Failure,Warning
2023-08-21 17:00:00,Cold_Rolling_Mill_02,Cold Rolling Mill,23757.6,985.0,Bearing Replacement,7.804,76.9,855.8,177.3,39.5,87.2,79.6,463.4,0.198,0.809,236.1,434237,2,0.7686,12353.4,Electrical Fault,Normal
2023-08-21 18:00:00,Cold_Rolling_Mill_02,Cold Rolling Mill,5720.5,1123.0,Electrical Inspection,2.584,67.5,823.6,198.4,83.0,123.0,72.2,404.3,1.043,0.949,467.7,45786,2,0.2052,29781.2,Normal,Normal
2023-08-21 20:00:00,Continuous_Caster_01,Continuous Caster,11303.7,424.0,Full Overhaul,4.431,102.8,670.9,188.0,66.4,100.0,77.6,339.4,2.901,0.88,353.9,98668,3,0.4462,23482.1,Normal,Normal
2023-08-22 00:00:00,Hydraulic_Press_01,Hydraulic Press,7950.8,1647.0,Alignment Check,2.321,70.7,223.5,188.3,85.7,108.6,74.5,118.0,3.417,0.94,437.2,66675,1,0.2138,12696.1,Normal,Normal
2023-08-22 01:00:00,Continuous_Caster_03,Continuous Caster,30736.3,1042.0,Lubrication,8.235,119.7,734.3,166.6,36.7,84.7,86.2,365.3,0.153,0.776,218.2,553327,4,0.8601,4263.4,Bearing Failure,Critical
2023-08-22 02:00:00,Blast_Furnace_Blower_01,Blast Furnace Blower,16917.4,223.0,Full Overhaul,5.225,85.3,514.5,187.3,53.4,91.4,81.1,265.2,3.109,0.862,331.8,256318,0,0.4839,12356.1,Normal,Normal
2023-08-22 04:00:00,Hot_Strip_Mill_03,Hot Strip Mill,19752.0,453.0,Electrical Inspection,5.962,99.0,1049.8,177.0,55.5,85.9,78.7,526.6,1.585,0.833,290.3,387455,4,0.6358,17819.3,Lubrication Failure,Normal
2023-08-22 07:00:00,Hydraulic_Press_03,Hydraulic Press,17394.9,665.0,Lubrication,5.429,72.1,241.1,184.1,54.3,98.4,76.9,123.4,8.514,0.9,325.4,210138,3,0.5003,2330.3,Normal,Critical
2023-08-22 07:00:00,Hydraulic_Press_02,Hydraulic Press,723.8,487.0,Bearing Replacement,0.605,63.1,212.4,192.7,94.1,124.4,71.4,105.4,1.603,0.942,524.4,8141,0,0.0,18676.3,Normal,Normal
2023-08-22 07:00:00,Cold_Rolling_Mill_02,Cold Rolling Mill,22422.6,1392.0,Bearing Replacement,6.734,70.9,901.8,171.4,46.1,79.5,82.1,474.0,1.776,0.859,272.9,227508,5,0.727,12775.5,Bearing Failure,Normal
2023-08-22 07:00:00,Continuous_Caster_02,Continuous Caster,20819.7,1936.0,Lubrication,5.814,109.9,712.0,170.1,56.8,88.4,80.8,356.5,1.693,0.851,281.9,263615,1,0.6241,14085.5,Thermal Degradation,Normal
2023-08-22 10:00:00,Rolling_Mill_03,Rolling Mill,11781.8,930.0,Seal Replacement,3.155,91.0,932.7,183.0,77.2,102.4,78.3,462.1,0.566,0.924,398.4,214225,0,0.303,27711.1,Normal,Normal
2023-08-22 11:00:00,Blast_Furnace_Blower_01,Blast Furnace Blower,6517.2,321.0,Bearing Replacement,2.523,76.4,466.4,183.4,84.2,109.8,73.5,230.7,0.867,0.915,450.4,72940,0,0.2374,24532.4,Normal,Normal
2023-08-22 14:00:00,Annealing_Furnace_03,Annealing Furnace,23837.0,465.0,Lubrication,6.185,134.8,420.5,176.1,53.4,88.7,83.6,237.6,3.806,0.843,277.9,228862,1,0.6563,8209.5,Lubrication Failure,Warning
2023-08-22 14:00:00,Hydraulic_Press_01,Hydraulic Press,2079.0,1393.0,Electrical Inspection,1.423,64.9,212.9,205.2,92.5,118.6,70.2,107.5,0.248,0.955,524.5,24939,0,0.0642,19397.8,Normal,Normal
2023-08-22 15:00:00,Pickling_Line_01,Pickling Line,19776.7,1708.0,Bearing Replacement,6.367,69.8,336.0,166.8,56.9,89.8,83.8,167.0,1.313,0.853,324.8,347532,3,0.5774,7581.6,Mechanical Wear,Warning
2023-08-22 17:00:00,Electric_Arc_Furnace_02,Electric Arc Furnace,7451.0,124.0,Full Overhaul,3.191,116.2,1314.9,188.9,78.6,101.2,76.5,687.2,1.501,0.908,398.6,95435,1,0.3033,17913.1,Normal,Normal
2023-08-22 19:00:00,Continuous_Caster_02,Continuous Caster,11810.4,1189.0,Alignment Check,4.316,102.0,637.6,193.7,68.1,97.7,78.8,320.0,0.69,0.865,370.4,123603,0,0.3716,23872.6,Normal,Normal
2023-08-22 19:00:00,Blast_Furnace_Blower_01,Blast Furnace Blower,33214.7,1186.0,Seal Replacement,9.023,94.2,571.7,157.1,17.3,77.4,85.4,289.3,3.215,0.781,195.7,510902,5,0.993,0.0,Mechanical Wear,Immediate Action
2023-08-22 23:00:00,Pickling_Line_01,Pickling Line,32326.1,1569.0,Bearing Replacement,8.117,76.2,332.6,169.0,24.1,80.8,87.9,170.7,6.199,0.8,228.1,349389,5,0.8821,0.0,Bearing Failure,Immediate Action
2023-08-22 23:00:00,Hydraulic_Press_02,Hydraulic Press,11450.2,765.0,Seal Replacement,3.922,77.5,230.4,187.7,65.2,101.6,82.0,112.6,0.985,0.897,402.1,101956,0,0.335,8186.1,Normal,Normal
2023-08-23 00:00:00,Continuous_Caster_02,Continuous Caster,14665.4,999.0,Full Overhaul,4.186,97.9,664.4,189.7,62.4,98.3,78.3,359.3,0.675,0.912,351.9,261600,4,0.4311,20762.2,Normal,Normal
2023-08-23 02:00:00,Hydraulic_Press_03,Hydraulic Press,33703.9,286.0,Full Overhaul,10.448,83.0,260.8,160.9,22.6,81.3,89.6,134.6,9.482,0.826,150.9,547899,3,1.0,0.0,Mechanical Wear,Immediate Action
2023-08-23 02:00:00,Pickling_Line_02,Pickling Line,943.5,1258.0,Lubrication,1.29,56.4,287.6,188.9,100.0,112.6,77.3,131.7,1.648,0.921,525.5,8478,0,0.0526,25566.7,Normal,Normal
2023-08-23 06:00:00,Rolling_Mill_02,Rolling Mill,10791.4,1201.0,Alignment Check,3.67,81.9,910.5,188.2,80.0,102.0,75.5,436.9,3.372,0.906,408.8,114139,0,0.2808,30781.1,Normal,Normal
2023-08-23 06:00:00,Hydraulic_Press_03,Hydraulic Press,23350.1,1986.0,Seal Replacement,6.118,79.6,249.6,175.2,42.1,86.5,82.0,134.1,7.093,0.885,295.7,251679,8,0.6462,0.0,Electrical Fault,Immediate Action
2023-08-23 10:00:00,Annealing_Furnace_03,Annealing Furnace,31190.9,439.0,Bearing Replacement,8.991,135.8,483.1,155.6,20.6,76.2,84.8,247.0,0.249,0.813,199.6,355008,8,0.9621,408.6,Lubrication Failure,Immediate Action
2023-08-23 12:00:00,Cold_Rolling_Mill_03,Cold Rolling Mill,9048.6,1213.0,Full Overhaul,2.808,61.7,821.1,181.3,86.7,108.8,74.7,414.5,3.019,0.914,421.2,144046,1,0.2319,27187.2,Normal,Normal
2023-08-23 13:00:00,Pickling_Line_01,Pickling Line,32573.7,1144.0,Bearing Replacement,8.944,70.6,369.8,156.3,22.3,76.7,85.3,171.5,0.296,0.802,187.3,325115,4,0.9206,0.0,Thermal Degradation,Immediate Action
2023-08-23 14:00:00,Continuous_Caster_03,Continuous Caster,20834.8,647.0,Lubrication,6.566,110.8,667.1,185.1,64.4,101.2,79.2,361.3,0.94,0.875,337.6,196203,2,0.5382,15576.6,Normal,Normal
2023-08-23 17:00:00,Electric_Arc_Furnace_03,Electric Arc Furnace,28055.2,1529.0,Bearing Replacement,7.23,128.2,1421.7,162.7,40.4,69.9,86.2,711.2,6.649,0.843,225.9,396942,2,0.7877,0.0,Mechanical Wear,Immediate Action
2023-08-23 18:00:00,Cold_Rolling_Mill_03,Cold Rolling Mill,13962.5,744.0,Bearing Replacement,4.391,66.6,820.7,197.1,64.9,90.4,74.6,418.9,3.893,0.883,379.7,166490,3,0.4226,21405.3,Normal,Normal
2023-08-23 18:00:00,Ladle_Crane_01,Ladle Crane,7505.1,1319.0,Alignment Check,2.32,46.7,317.4,199.2,74.5,106.9,75.0,171.5,0.689,0.951,472.6,80034,0,0.1996,44691.3,Normal,Normal
2023-08-23 20:00:00,Pickling_Line_02,Pickling Line,31902.1,791.0,Full Overhaul,8.759,73.9,346.3,168.1,32.0,73.5,85.6,178.4,3.059,0.83,212.2,321864,6,0.9127,0.0,Electrical Fault,Immediate Action
2023-08-23 21:00:00,Annealing_Furnace_02,Annealing Furnace,32666.4,1587.0,Alignment Check,8.364,143.9,462.1,157.2,33.2,69.6,84.2,241.4,0.799,0.842,199.0,363713,2,0.8757,0.0,Mechanical Wear,Immediate Action
2023-08-24 01:00:00,Pickling_Line_03,Pickling Line,17465.4,1996.0,Full Overhaul,5.174,63.4,322.7,188.2,64.7,103.0,80.7,155.4,5.456,0.889,371.6,147786,2,0.4712,10755.7,Normal,Normal
2023-08-24 03:00:00,Blast_Furnace_Blower_01,Blast Furnace Blower,326.7,1376.0,Full Overhaul,1.612,69.9,475.4,192.8,100.0,114.8,75.3,230.9,0.137,0.934,482.9,3836,0,0.1159,30712.6,Normal,Normal
2023-08-24 05:00:00,Continuous_Caster_02,Continuous Caster,3931.4,1564.0,Electrical Inspection,1.459,97.8,623.9,186.6,86.9,121.1,73.7,296.5,0.99,0.949,490.5,49531,1,0.1056,31027.8,Normal,Normal
2023-08-24 06:00:00,Rolling_Mill_01,Rolling Mill,20098.7,115.0,Lubrication,5.542,97.9,982.8,177.6,60.2,89.9,81.5,524.3,4.405,0.878,320.2,215231,1,0.5924,21084.5,Thermal Degradation,Normal
2023-08-24 08:00:00,Electric_Arc_Furnace_01,Electric Arc Furnace,929.8,1785.0,Full Overhaul,0.589,111.5,1179.9,202.3,99.1,119.5,71.9,597.2,0.275,0.939,512.0,14638,0,0.0,23913.8,Normal,Normal
2023-08-24 09:00:00,Cold_Rolling_Mill_03,Cold Rolling Mill,13952.2,1666.0,Electrical Inspection,4.048,67.9,829.7,180.0,69.2,94.8,79.3,404.4,0.41,0.884,405.8,255406,2,0.4012,22705.6,Normal,Normal
2023-08-24 09:00:00,Annealing_Furnace_02,Annealing Furnace,10687.6,277.0,Lubrication,3.857,126.4,412.1,185.3,78.2,105.3,79.5,220.1,1.487,0.897,400.5,180257,2,0.2918,20402.2,Normal,Normal
2023-08-24 10:00:00,Hot_Strip_Mill_03,Hot Strip Mill,25030.8,1234.0,Alignment Check,7.249,101.5,1072.6,168.3,42.6,87.3,85.7,545.4,1.337,0.865,294.2,259888,5,0.7702,14188.6,Electrical Fault,Normal
2023-08-24 20:00:00,Electric_Arc_Furnace_01,Electric Arc Furnace,2039.7,1729.0,Lubrication,1.687,116.6,1232.6,194.5,87.6,117.3,78.1,638.1,1.897,0.961,461.3,19515,0,0.1109,22453.3,Normal,Normal
2023-08-24 20:00:00,Cold_Rolling_Mill_03,Cold Rolling Mill,17156.7,1259.0,Seal Replacement,5.795,68.9,856.0,181.8,68.1,95.8,81.9,429.0,0.055,0.879,337.4,327564,0,0.5481,19339.3,Normal,Normal
2023-08-24 20:00:00,Cold_Rolling_Mill_03,Cold Rolling Mill,20311.1,1765.0,Full Overhaul,6.116,70.7,864.3,175.3,47.7,88.4,77.1,441.9,0.174,0.905,299.6,273243,3,0.5843,14083.4,Electrical Fault,Normal
2023-08-24 23:00:00,Hot_Strip_Mill_03,Hot Strip Mill,21643.5,1421.0,Seal Replacement,6.848,106.0,1086.4,179.4,40.6,79.3,84.1,559.5,7.069,0.83,249.2,397581,4,0.7204,16384.8,Lubrication Failure,Normal
2023-08-25 02:00:00,Continuous_Caster_02,Continuous Caster,14240.0,880.0,Electrical Inspection,4.336,104.8,620.0,183.7,73.5,94.6,77.2,337.7,0.532,0.896,357.4,225285,0,0.447,20957.5,Normal,Normal
2023-08-25 04:00:00,Electric_Arc_Furnace_01,Electric Arc Furnace,10722.4,1915.0,Electrical Inspection,2.591,121.0,1280.5,182.3,87.1,110.6,78.1,654.8,0.108,0.895,432.2,179733,1,0.2349,13766.6,Normal,Normal
2023-08-25 05:00:00,Continuous_Caster_01,Continuous Caster,23919.0,1845.0,Electrical Inspection,7.148,115.4,718.8,175.4,37.4,76.6,82.9,382.2,1.305,0.814,255.9,247280,6,0.7605,10965.7,Bearing Failure,Normal
2023-08-25 06:00:00,Hot_Strip_Mill_02,Hot Strip Mill,29680.2,133.0,Alignment Check,8.123,105.0,1113.7,161.9,35.6,76.5,82.1,547.5,1.73,0.798,221.4,519908,2,0.8477,8618.6,Electrical Fault,Warning
2023-08-25 08:00:00,Rolling_Mill_03,Rolling Mill,24307.3,321.0,Bearing Replacement,7.26,107.9,1007.1,175.7,34.5,78.5,83.9,491.8,1.702,0.802,237.6,312091,2,0.7514,16368.7,Lubrication Failure,Normal
2023-08-25 09:00:00,Hot_Strip_Mill_02,Hot Strip Mill,32630.4,1158.0,Lubrication,8.286,111.4,1041.3,166.5,25.6,71.2,84.6,561.1,3.098,0.815,196.7,405802,5,0.8797,5483.8,Bearing Failure,Critical
2023-08-25 11:00:00,Hydraulic_Press_01,Hydraulic Press,25132.5,1237.0,Bearing Replacement,7.21,79.8,236.1,167.3,41.0,88.6,83.6,131.3,2.631,0.841,275.1,386841,4,0.7145,0.0,Bearing Failure,Immediate Action
2023-08-25 12:00:00,Ladle_Crane_02,Ladle Crane,26785.2,1799.0,Alignment Check,7.811,58.4,364.3,165.8,42.9,80.2,84.7,195.2,7.588,0.855,276.1,303295,3,0.8028,24952.2,Bearing Failure,Normal
2023-08-25 13:00:00,Cold_Rolling_Mill_03,Cold Rolling Mill,5959.8,310.0,Full Overhaul,3.258,63.4,807.0,195.0,74.9,116.1,75.5,413.0,1.592,0.922,465.2,66965,2,0.1825,30007.1,Normal,Normal
2023-08-25 15:00:00,Cold_Rolling_Mill_02,Cold Rolling Mill,14741.9,757.0,Alignment Check,4.677,60.6,795.2,184.8,71.3,97.6,79.0,430.4,4.605,0.887,440.0,131815,1,0.4137,19821.3,Normal,Normal
2023-08-25 16:00:00,Pickling_Line_02,Pickling Line,17028.4,1955.0,Seal Replacement,3.656,64.4,316.5,190.2,68.9,106.9,79.2,158.9,1.416,0.93,375.4,217209,2,0.3636,10562.4,Normal,Normal
2023-08-25 18:00:00,Annealing_Furnace_02,Annealing Furnace,18546.0,1817.0,Electrical Inspection,4.749,131.6,423.3,180.8,64.4,92.0,79.0,212.6,1.699,0.878,341.0,207133,2,0.481,13278.2,Normal,Normal
2023-08-25 18:00:00,Cold_Rolling_Mill_03,Cold Rolling Mill,9044.6,1720.0,Bearing Replacement,2.4,59.2,783.2,193.3,85.4,112.5,75.7,398.0,0.247,0.937,486.1,138578,1,0.2214,24547.9,Normal,Normal
2023-08-25 20:00:00,Hydraulic_Press_03,Hydraulic Press,10248.6,63.0,Alignment Check,2.486,67.1,231.5,192.5,83.9,115.2,74.5,110.4,0.808,0.902,446.5,192042,1,0.1997,10592.4,Normal,Normal
2023-08-25 21:00:00,Continuous_Caster_01,Continuous Caster,24093.8,440.0,Seal Replacement,6.359,108.6,703.0,172.9,44.0,83.5,81.1,359.0,4.426,0.827,346.4,474732,3,0.6529,11736.7,Thermal Degradation,Normal
2023-08-26 02:00:00,Rolling_Mill_02,Rolling Mill,16513.1,926.0,Alignment Check,5.394,93.8,935.2,180.0,51.5,98.5,79.9,496.8,2.608,0.86,314.2,160931,3,0.5647,23587.1,Electrical Fault,Normal
2023-08-26 04:00:00,Cold_Rolling_Mill_02,Cold Rolling Mill,16112.4,1747.0,Electrical Inspection,5.495,67.5,849.9,181.4,57.0,101.5,81.5,434.8,9.583,0.908,326.2,230447,3,0.5182,19102.0,Normal,Normal
2023-08-26 04:00:00,Hot_Strip_Mill_01,Hot Strip Mill,34429.1,893.0,Lubrication,8.626,111.8,1137.8,163.6,16.5,74.4,88.8,571.5,1.914,0.787,201.6,400105,4,0.9419,3710.3,Bearing Failure,Critical
2023-08-26 05:00:00,Hydraulic_Press_01,Hydraulic Press,13796.3,321.0,Electrical Inspection,4.355,69.8,225.8,196.9,71.3,101.3,79.1,114.9,0.743,0.856,396.7,175524,2,0.3648,7482.4,Normal,Normal
2023-08-26 06:00:00,Blast_Furnace_Blower_02,Blast Furnace Blower,11219.3,1787.0,Lubrication,3.549,78.0,473.5,191.8,69.0,113.0,77.6,240.8,2.249,0.893,387.9,150437,2,0.3584,18645.4,Normal,Normal
2023-08-26 06:00:00,Rolling_Mill_03,Rolling Mill,31326.7,136.0,Full Overhaul,8.333,106.7,990.7,160.1,25.7,67.2,86.2,538.4,1.276,0.82,231.0,392516,6,0.9153,6894.9,Bearing Failure,Warning
2023-08-26 06:00:00,Hot_Strip_Mill_03,Hot Strip Mill,12744.1,1226.0,Electrical Inspection,3.537,93.1,1024.6,188.5,69.7,98.1,77.6,515.3,1.749,0.87,383.3,169765,0,0.3348,26951.9,Normal,Normal
2023-08-26 07:00:00,Blast_Furnace_Blower_03,Blast Furnace Blower,17435.7,991.0,Full Overhaul,4.464,79.8,525.6,181.5,66.7,90.0,79.4,270.0,3.428,0.906,353.9,214190,3,0.4626,14551.6,Normal,Normal
2023-08-26 07:00:00,Hydraulic_Press_02,Hydraulic Press,21040.5,1960.0,Bearing Replacement,5.37,76.4,234.6,166.4,60.5,87.7,79.4,122.4,4.329,0.888,319.0,187789,5,0.5713,0.0,Mechanical Wear,Immediate Action
2023-08-26 08:00:00,Cold_Rolling_Mill_02,Cold Rolling Mill,6410.6,152.0,Lubrication,2.892,73.6,772.6,191.0,87.9,110.3,74.1,414.8,0.316,0.9,430.4,81165,5,0.2372,30161.9,Normal,Normal
2023-08-26 10:00:00,Hydraulic_Press_02,Hydraulic Press,18978.9,805.0,Full Overhaul,5.821,74.6,239.3,172.2,52.6,77.0,81.5,122.2,4.687,0.852,301.2,376957,2,0.6185,85.9,Electrical Fault,Immediate Action
2023-08-26 17:00:00,Continuous_Caster_03,Continuous Caster,9685.2,437.0,Alignment Check,3.018,96.5,617.3,187.2,79.5,104.1,73.8,308.7,3.347,0.931,425.9,130764,2,0.2319,24975.5,Normal,Normal
2023-08-26 20:00:00,Ladle_Crane_01,Ladle Crane,25599.2,234.0,Lubrication,6.759,63.9,386.7,172.1,35.4,83.0,81.3,206.3,1.695,0.835,250.6,318520,5,0.7256,22056.6,Thermal Degradation,Normal
2023-08-26 22:00:00,Cold_Rolling_Mill_03,Cold Rolling Mill,29155.2,1447.0,Seal Replacement,7.645,72.0,896.9,164.4,45.1,86.8,83.2,454.3,2.153,0.806,216.2,499559,3,0.8394,5589.9,Electrical Fault,Warning
2023-08-27 06:00:00,Ladle_Crane_01,Ladle Crane,25046.9,127.0,Full Overhaul,7.018,63.5,365.1,164.0,52.4,83.0,85.0,194.0,7.223,0.831,258.1,467929,5,0.7062,23566.0,Thermal Degradation,Normal
2023-08-27 08:00:00,Blast_Furnace_Blower_03,Blast Furnace Blower,24952.9,1162.0,Alignment Check,7.494,92.9,540.4,169.8,33.6,78.5,84.3,285.4,2.993,0.808,222.6,320608,5,0.8083,7488.1,Mechanical Wear,Warning
2023-08-27 08:00:00,Hot_Strip_Mill_02,Hot Strip Mill,17985.4,1901.0,Bearing Replacement,5.078,103.7,989.4,197.5,62.8,101.1,79.6,497.7,2.926,0.86,326.0,221613,0,0.5063,19905.1,Normal,Normal
2023-08-27 08:00:00,Electric_Arc_Furnace_01,Electric Arc Furnace,25585.5,1829.0,Electrical Inspection,7.382,124.2,1426.4,167.5,41.5,79.4,86.8,778.9,2.319,0.862,272.7,408060,5,0.7875,0.0,Bearing Failure,Immediate Action
2023-08-27 10:00:00,Hot_Strip_Mill_02,Hot Strip Mill,14851.8,1240.0,Full Overhaul,4.631,102.0,983.2,182.0,61.9,88.4,80.7,524.9,5.37,0.884,361.6,193402,1,0.4844,24440.8,Normal,Normal
2023-08-27 12:00:00,Pickling_Line_03,Pickling Line,22837.0,1817.0,Alignment Check,5.893,65.6,321.6,169.6,55.1,91.3,79.5,166.0,0.049,0.862,285.8,211006,3,0.6182,6133.6,Lubrication Failure,Warning
2023-08-27 16:00:00,Blast_Furnace_Blower_03,Blast Furnace Blower,9140.5,1144.0,Full Overhaul,2.967,78.7,477.5,183.2,69.4,97.7,76.2,259.0,2.558,0.875,439.3,132051,1,0.2645,21312.8,Normal,Normal
2023-08-27 18:00:00,Blast_Furnace_Blower_03,Blast Furnace Blower,2534.5,416.0,Seal Replacement,0.704,73.4,477.8,194.4,95.1,119.0,76.3,229.0,1.681,0.961,509.0,25915,0,0.0236,27713.9,Normal,Normal
2023-08-27 18:00:00,Rolling_Mill_01,Rolling Mill,14530.2,717.0,Lubrication,4.119,98.2,964.1,185.6,68.4,104.8,77.8,477.5,0.419,0.885,373.9,232730,2,0.3956,26896.7,Normal,Normal
2023-08-27 19:00:00,Rolling_Mill_02,Rolling Mill,16216.1,978.0,Alignment Check,5.479,95.2,962.1,173.6,49.8,92.5,79.4,475.4,0.955,0.908,363.5,277271,3,0.5069,20926.5,Normal,Normal
2023-08-27 21:00:00,Hydraulic_Press_01,Hydraulic Press,9048.6,1413.0,Electrical Inspection,2.876,78.2,222.3,196.3,70.9,103.7,75.9,113.3,1.1,0.898,415.4,136223,1,0.2708,10578.1,Normal,Normal
2023-08-28 01:00:00,Hot_Strip_Mill_01,Hot Strip Mill,25497.1,931.0,Alignment Check,8.374,107.6,1079.1,160.8,30.0,83.4,84.0,573.6,3.0,0.83,214.4,289184,4,0.8341,10952.0,Electrical Fault,Warning
2023-08-28 02:00:00,Hydraulic_Press_02,Hydraulic Press,2666.9,1895.0,Electrical Inspection,0.659,64.6,211.6,203.4,99.2,118.7,73.1,109.1,0.716,0.963,510.4,47589,0,0.0151,16202.5,Normal,Normal
2023-08-28 02:00:00,Rolling_Mill_01,Rolling Mill,7873.9,1194.0,Seal Replacement,2.922,88.6,876.0,192.4,89.7,106.5,76.0,465.7,0.148,0.93,438.2,82067,2,0.2233,31203.6,Normal,Normal
2023-08-28 03:00:00,Ladle_Crane_01,Ladle Crane,26224.9,1083.0,Lubrication,7.204,56.7,374.3,178.6,39.8,84.6,78.8,184.2,0.94,0.829,249.2,278599,2,0.724,22053.4,Bearing Failure,Normal
2023-08-28 05:00:00,Hot_Strip_Mill_03,Hot Strip Mill,15355.6,1551.0,Bearing Replacement,4.184,99.4,988.4,177.6,75.6,106.7,79.5,506.4,1.863,0.866,382.7,148061,1,0.4229,24005.7,Normal,Normal
2023-08-28 14:00:00,Annealing_Furnace_02,Annealing Furnace,24714.4,412.0,Lubrication,7.47,133.8,447.0,187.0,39.7,81.3,80.7,224.4,1.858,0.853,261.5,422991,8,0.7082,7373.6,Electrical Fault,Warning
2023-08-28 16:00:00,Hydraulic_Press_01,Hydraulic Press,19905.3,1016.0,Electrical Inspection,5.208,73.2,239.1,179.6,56.6,92.8,81.4,115.7,3.401,0.868,315.5,289322,3,0.5349,0.0,Normal,Immediate Action
2023-08-28 17:00:00,Blast_Furnace_Blower_02,Blast Furnace Blower,33279.9,34.0,Bearing Replacement,9.035,94.7,572.2,166.0,12.7,59.9,87.1,287.1,9.882,0.825,152.5,310055,4,0.9987,0.0,Mechanical Wear,Immediate Action
2023-08-28 18:00:00,Cold_Rolling_Mill_03,Cold Rolling Mill,20963.1,883.0,Electrical Inspection,6.604,71.7,899.5,174.5,42.9,91.7,82.6,445.8,1.34,0.855,276.4,316350,5,0.6865,13943.8,Electrical Fault,Normal
2023-08-28 19:00:00,Pickling_Line_02,Pickling Line,5092.8,755.0,Electrical Inspection,2.904,57.9,304.5,189.3,73.1,114.6,74.9,155.5,0.031,0.928,417.3,91497,0,0.2713,22276.8,Normal,Normal
2023-08-28 19:00:00,Ladle_Crane_02,Ladle Crane,12415.4,1598.0,Full Overhaul,4.796,56.3,370.7,179.2,83.0,100.2,77.3,180.5,0.676,0.867,359.1,166641,3,0.4244,38175.2,Normal,Normal
2023-08-28 19:00:00,Hydraulic_Press_01,Hydraulic Press,618.9,306.0,Alignment Check,2.206,66.1,213.4,194.7,90.5,115.9,72.4,101.0,1.005,0.961,509.4,11326,0,0.0,19418.4,Normal,Normal
2023-08-28 20:00:00,Rolling_Mill_02,Rolling Mill,32369.7,936.0,Alignment Check,8.7,101.9,1047.1,158.8,27.0,74.1,87.5,552.4,2.935,0.832,204.4,622527,5,0.9343,7891.1,Mechanical Wear,Warning
2023-08-29 09:00:00,Blast_Furnace_Blower_02,Blast Furnace Blower,3730.0,64.0,Seal Replacement,1.183,72.9,457.4,197.7,91.5,122.9,72.1,226.2,0.502,0.942,477.1,41773,1,0.076,26631.8,Normal,Normal
2023-08-29 13:00:00,Annealing_Furnace_03,Annealing Furnace,13631.0,67.0,Full Overhaul,3.753,131.8,424.7,190.0,70.0,107.3,75.3,216.9,6.245,0.891,376.2,201355,1,0.3608,18211.3,Normal,Normal
2023-08-29 20:00:00,Pickling_Line_01,Pickling Line,7990.9,524.0,Lubrication,2.532,52.2,292.8,197.9,82.6,111.3,76.2,145.4,3.166,0.923,466.4,149393,0,0.2129,19404.7,Normal,Normal
2023-08-29 20:00:00,Blast_Furnace_Blower_02,Blast Furnace Blower,29650.6,1400.0,Full Overhaul,7.997,89.7,553.2,173.6,35.3,65.3,85.9,297.8,4.512,0.801,229.3,454154,7,0.8687,352.2,Lubrication Failure,Immediate Action
2023-08-29 21:00:00,Hot_Strip_Mill_02,Hot Strip Mill,10869.0,1510.0,Alignment Check,3.157,98.6,978.7,188.2,79.4,93.4,76.3,492.8,1.608,0.861,402.4,143772,3,0.2892,26972.0,Normal,Normal
2023-08-29 22:00:00,Electric_Arc_Furnace_03,Electric Arc Furnace,34717.1,1987.0,Lubrication,9.655,127.2,1407.4,158.4,22.2,77.1,87.3,798.6,4.333,0.746,170.6,526153,3,0.9879,0.0,Bearing Failure,Immediate Action
2023-08-29 23:00:00,Hydraulic_Press_01,Hydraulic Press,4576.9,1292.0,Seal Replacement,1.951,69.8,221.2,183.9,93.2,116.3,74.8,107.4,0.276,0.927,492.0,51699,0,0.1079,14707.9,Normal,Normal
2023-08-29 23:00:00,Hot_Strip_Mill_02,Hot Strip Mill,1447.7,1567.0,Lubrication,0.708,87.3,859.7,191.3,100.0,121.9,72.2,441.6,1.619,0.925,515.7,24557,0,0.0,36251.6,Normal,Normal
2023-08-30 01:00:00,Pickling_Line_02,Pickling Line,7939.9,1402.0,Bearing Replacement,2.368,50.1,298.2,191.3,77.1,107.4,76.8,149.2,0.902,0.948,435.8,77143,2,0.2062,19918.1,Normal,Normal
2023-08-30 04:00:00,Pickling_Line_03,Pickling Line,28407.6,801.0,Electrical Inspection,8.45,71.3,313.5,173.9,34.0,77.5,85.2,173.4,0.791,0.83,217.9,291901,4,0.8099,0.0,Thermal Degradation,Immediate Action
2023-08-30 07:00:00,Electric_Arc_Furnace_01,Electric Arc Furnace,30760.3,1930.0,Full Overhaul,7.381,123.9,1344.3,168.4,38.9,78.7,85.9,735.8,0.847,0.842,222.0,514543,7,0.8061,0.0,Mechanical Wear,Immediate Action
2023-08-30 07:00:00,Cold_Rolling_Mill_01,Cold Rolling Mill,2593.7,1235.0,Seal Replacement,1.254,59.0,793.5,199.8,92.4,114.9,76.1,361.7,2.328,0.94,484.6,24210,0,0.0576,33286.5,Normal,Normal
2023-08-30 11:00:00,Continuous_Caster_02,Continuous Caster,1232.9,38.0,Seal Replacement,1.176,99.8,615.4,193.9,99.8,120.6,73.3,295.0,1.996,0.933,503.9,14648,0,0.0245,33256.2,Normal,Normal
2023-08-30 12:00:00,Ladle_Crane_03,Ladle Crane,26085.0,696.0,Full Overhaul,7.418,60.0,393.6,167.6,45.1,85.7,83.2,189.1,2.564,0.829,249.9,469660,3,0.7545,23107.5,Bearing Failure,Normal
2023-08-30 14:00:00,Rolling_Mill_01,Rolling Mill,4754.0,282.0,Alignment Check,2.315,84.5,869.1,197.6,80.1,104.9,72.0,422.2,0.19,0.905,432.6,88528,2,0.2058,34724.6,Normal,Normal
2023-08-30 15:00:00,Pickling_Line_02,Pickling Line,4741.7,471.0,Bearing Replacement,1.763,51.7,284.0,197.0,94.7,117.5,71.4,146.6,1.359,0.909,462.0,93011,1,0.1304,24162.3,Normal,Normal
2023-08-30 17:00:00,Continuous_Caster_02,Continuous Caster,880.6,1132.0,Electrical Inspection,0.794,94.8,632.8,197.7,99.5,120.6,72.7,290.8,0.974,0.964,530.7,13472,0,0.0,33124.2,Normal,Normal
2023-08-30 22:00:00,Blast_Furnace_Blower_02,Blast Furnace Blower,1838.3,879.0,Seal Replacement,1.116,70.7,462.2,201.0,95.6,116.5,72.4,240.0,0.386,0.936,480.2,19977,1,0.0591,28243.6,Normal,Normal
2023-08-30 23:00:00,Electric_Arc_Furnace_01,Electric Arc Furnace,9302.3,902.0,Lubrication,2.78,119.4,1272.1,191.4,85.8,109.7,74.5,624.3,0.981,0.898,446.6,148674,1,0.2303,14754.2,Normal,Normal
2023-08-31 00:00:00,Blast_Furnace_Blower_02,Blast Furnace Blower,2368.7,862.0,Bearing Replacement,0.906,71.2,451.3,204.2,100.0,113.1,73.6,219.2,1.794,0.949,550.0,24323,0,0.0309,28319.6,Normal,Normal
2023-08-31 02:00:00,Annealing_Furnace_01,Annealing Furnace,12973.9,399.0,Electrical Inspection,3.655,127.1,394.1,188.2,57.9,99.0,78.8,218.1,3.896,0.915,404.1,141246,0,0.3559,18511.4,Normal,Normal
2023-08-31 02:00:00,Pickling_Line_02,Pickling Line,29163.8,213.0,Full Overhaul,7.396,63.4,346.0,166.1,26.2,67.9,84.8,177.1,4.38,0.812,271.2,558335,4,0.8073,0.0,Mechanical Wear,Immediate Action
2023-08-31 03:00:00,Ladle_Crane_02,Ladle Crane,11488.6,868.0,Seal Replacement,2.849,42.9,323.0,187.9,80.7,107.9,75.3,179.5,0.31,0.928,409.9,93252,1,0.275,38834.6,Normal,Normal
2023-08-31 04:00:00,Rolling_Mill_01,Rolling Mill,25501.4,538.0,Electrical Inspection,7.028,98.2,1016.4,165.0,42.9,84.6,86.5,510.5,3.131,0.847,268.1,372132,2,0.7044,11545.7,Lubrication Failure,Warning
2023-08-31 08:00:00,Electric_Arc_Furnace_01,Electric Arc Furnace,3377.5,617.0,Seal Replacement,1.716,125.2,1238.8,187.1,82.4,113.2,73.6,582.4,1.462,0.951,469.0,29383,0,0.1193,20647.9,Normal,Normal
2023-08-31 10:00:00,Rolling_Mill_03,Rolling Mill,26266.4,124.0,Electrical Inspection,6.557,97.2,1037.6,173.8,42.9,81.2,80.5,510.2,0.521,0.812,280.9,244347,3,0.7074,14274.7,Thermal Degradation,Normal
2023-08-31 10:00:00,Cold_Rolling_Mill_01,Cold Rolling Mill,23112.2,212.0,Electrical Inspection,6.378,71.0,880.9,171.3,43.7,85.9,83.8,458.8,2.877,0.878,274.5,246680,4,0.6624,13277.6,Lubrication Failure,Normal
2023-08-31 10:00:00,Pickling_Line_03,Pickling Line,11154.5,1554.0,Lubrication,2.927,63.1,293.9,196.0,70.0,108.6,75.6,156.4,0.799,0.884,406.7,136612,3,0.2691,17697.8,Normal,Normal
2023-08-31 11:00:00,Pickling_Line_03,Pickling Line,4855.2,1405.0,Alignment Check,1.911,62.0,285.3,192.7,94.7,114.0,74.3,155.0,0.146,0.915,475.1,40856,0,0.1449,23261.9,Normal,Normal
2023-08-31 12:00:00,Hot_Strip_Mill_02,Hot Strip Mill,31436.1,1264.0,Lubrication,7.793,106.6,1090.4,169.3,28.5,82.8,89.7,574.3,11.491,0.815,219.6,385602,4,0.8488,9311.7,Bearing Failure,Warning
2023-08-31 14:00:00,Continuous_Caster_02,Continuous Caster,8565.9,91.0,Full Overhaul,2.745,94.0,630.2,197.6,85.2,100.6,77.0,318.2,0.996,0.925,503.0,121143,1,0.1999,26950.0,Normal,Normal
2023-08-31 15:00:00,Cold_Rolling_Mill_02,Cold Rolling Mill,12424.5,1658.0,Bearing Replacement,4.573,65.5,803.7,183.9,73.4,102.4,76.7,420.7,0.895,0.907,426.1,219683,0,0.3264,22447.4,Normal,Normal
2023-08-31 19:00:00,Cold_Rolling_Mill_03,Cold Rolling Mill,33261.3,1149.0,Electrical Inspection,8.824,70.9,928.2,160.9,35.9,70.8,86.7,463.3,3.247,0.856,200.9,400986,6,0.9017,3845.3,Thermal Degradation,Critical
2023-08-31 21:00:00,Blast_Furnace_Blower_02,Blast Furnace Blower,20289.0,1439.0,Alignment Check,5.696,83.1,525.5,192.6,59.6,96.3,80.1,265.6,0.757,0.82,346.0,238019,3,0.5847,9134.0,Lubrication Failure,Normal
2023-08-31 22:00:00,Annealing_Furnace_02,Annealing Furnace,12865.4,1172.0,Seal Replacement,3.79,128.6,412.2,181.5,63.9,104.4,78.7,199.9,3.042,0.901,393.1,104681,0,0.3522,18454.7,Normal,Normal
2023-08-31 23:00:00,Continuous_Caster_01,Continuous Caster,11584.8,608.0,Electrical Inspection,3.052,98.7,652.5,187.3,73.7,110.0,75.0,326.7,2.813,0.887,418.4,199114,2,0.2729,22983.2,Normal,Normal
2023-08-31 23:00:00,Electric_Arc_Furnace_02,Electric Arc Furnace,33241.1,486.0,Full Overhaul,9.888,127.4,1522.6,157.2,19.0,73.6,90.9,784.1,7.481,0.819,186.3,512034,6,1.0,0.0,Mechanical Wear,Immediate Action
2023-09-01 03:00:00,Ladle_Crane_02,Ladle Crane,3411.0,1995.0,Full Overhaul,2.123,51.9,336.2,188.8,84.6,120.8,74.9,168.8,1.043,0.918,478.6,27435,0,0.155,44744.8,Normal,Normal
2023-09-01 07:00:00,Cold_Rolling_Mill_02,Cold Rolling Mill,34890.0,1614.0,Full Overhaul,9.298,78.0,971.4,150.4,23.9,71.6,87.8,485.2,3.062,0.824,161.8,281495,1,1.0,1712.0,Lubrication Failure,Immediate Action
2023-09-01 07:00:00,Electric_Arc_Furnace_03,Electric Arc Furnace,9447.8,1677.0,Full Overhaul,3.798,118.9,1361.6,186.7,73.4,98.5,76.4,638.9,0.753,0.868,396.4,173767,3,0.3445,15458.2,Normal,Normal
2023-09-01 08:00:00,Cold_Rolling_Mill_01,Cold Rolling Mill,29808.9,518.0,Full Overhaul,8.622,76.0,913.4,160.1,30.3,76.2,84.9,509.0,7.784,0.822,182.6,337752,2,0.9195,4721.3,Lubrication Failure,Critical
2023-09-01 12:00:00,Blast_Furnace_Blower_01,Blast Furnace Blower,5877.4,1564.0,Seal Replacement,2.079,81.6,462.4,196.4,76.8,110.6,74.6,226.3,0.145,0.956,468.0,84113,0,0.1466,24049.7,Normal,Normal
2023-09-01 13:00:00,Cold_Rolling_Mill_01,Cold Rolling Mill,25624.3,686.0,Lubrication,6.513,78.5,889.7,169.4,51.7,88.8,80.7,432.3,10.374,0.809,300.4,407620,4,0.6617,11449.1,Lubrication Failure,Normal
2023-09-01 18:00:00,Hydraulic_Press_01,Hydraulic Press,18403.3,659.0,Lubrication,5.403,67.5,236.8,185.6,60.7,94.2,81.8,120.9,3.093,0.861,354.9,289599,4,0.5184,2570.1,Normal,Critical
2023-09-01 19:00:00,Cold_Rolling_Mill_01,Cold Rolling Mill,34333.6,628.0,Alignment Check,8.153,73.7,922.4,164.5,37.5,71.5,84.9,472.3,2.205,0.85,220.6,505095,5,0.8821,0.0,Lubrication Failure,Immediate Action
2023-09-01 22:00:00,Ladle_Crane_02,Ladle Crane,19393.8,218.0,Seal Replacement,5.901,55.8,355.7,172.3,50.0,89.6,80.6,189.5,1.983,0.872,294.7,201838,5,0.5871,29438.7,Lubrication Failure,Normal
2023-09-02 00:00:00,Annealing_Furnace_02,Annealing Furnace,973.0,208.0,Full Overhaul,0.832,118.0,380.3,195.2,100.0,109.7,70.7,197.6,0.098,0.95,541.5,16628,0,0.0354,29789.2,Normal,Normal
2023-09-02 10:00:00,Continuous_Caster_02,Continuous Caster,21175.3,1386.0,Seal Replacement,6.015,109.9,687.8,175.7,55.5,89.5,79.0,340.1,3.351,0.883,299.9,313953,4,0.5751,14195.9,Lubrication Failure,Normal
2023-09-02 11:00:00,Continuous_Caster_02,Continuous Caster,5171.5,1013.0,Full Overhaul,1.668,98.4,602.3,201.8,90.6,112.9,72.9,327.0,2.364,0.91,480.9,61358,1,0.1253,28349.1,Normal,Normal
2023-09-02 12:00:00,Hydraulic_Press_03,Hydraulic Press,27969.1,1621.0,Alignment Check,7.013,76.2,238.9,167.2,37.7,76.2,82.3,127.2,4.785,0.829,272.7,456118,6,0.748,0.0,Thermal Degradation,Immediate Action
2023-09-02 13:00:00,Pickling_Line_01,Pickling Line,29994.2,1569.0,Full Overhaul,8.259,77.8,350.6,157.7,31.1,74.9,82.8,167.2,1.06,0.818,229.8,294349,3,0.8554,0.0,Thermal Degradation,Immediate Action
2023-09-02 16:00:00,Blast_Furnace_Blower_02,Blast Furnace Blower,16925.1,686.0,Bearing Replacement,4.493,89.3,478.0,191.3,60.4,107.9,80.2,258.3,9.367,0.89,377.7,209895,5,0.434,13811.2,Normal,Normal
2023-09-02 17:00:00,Ladle_Crane_01,Ladle Crane,27434.4,267.0,Lubrication,7.258,55.3,397.6,159.7,35.5,83.5,86.6,196.5,5.719,0.823,231.4,284706,4,0.782,21489.6,Lubrication Failure,Normal
2023-09-02 18:00:00,Hot_Strip_Mill_01,Hot Strip Mill,13848.7,1602.0,Alignment Check,4.08,102.1,1006.2,181.3,65.7,93.9,76.6,529.3,1.37,0.871,373.7,187022,1,0.4179,25411.1,Normal,Normal
2023-09-02 18:00:00,Electric_Arc_Furnace_03,Electric Arc Furnace,17273.5,1092.0,Electrical Inspection,5.92,123.9,1368.9,169.8,56.5,91.6,78.1,715.4,0.193,0.88,328.7,253028,0,0.526,7384.0,Normal,Warning
2023-09-02 18:00:00,Continuous_Caster_03,Continuous Caster,5164.4,557.0,Seal Replacement,1.981,95.9,645.1,205.2,83.8,105.2,74.2,316.7,3.194,0.887,444.0,63659,0,0.1652,29148.6,Normal,Normal
2023-09-02 19:00:00,Hydraulic_Press_01,Hydraulic Press,21435.0,892.0,Alignment Check,5.58,82.6,246.1,173.9,51.4,94.4,81.4,120.1,4.993,0.864,325.7,318347,3,0.5975,0.0,Bearing Failure,Immediate Action
2023-09-02 20:00:00,Hot_Strip_Mill_02,Hot Strip Mill,1652.3,1188.0,Full Overhaul,1.425,101.3,904.4,201.6,94.4,112.4,73.3,417.7,0.163,0.941,484.4,19224,0,0.0694,36787.9,Normal,Normal
2023-09-02 21:00:00,Blast_Furnace_Blower_02,Blast Furnace Blower,26349.1,1107.0,Electrical Inspection,7.242,91.9,530.4,173.1,39.1,79.6,80.3,273.0,3.133,0.823,268.9,239256,2,0.7596,2810.8,Electrical Fault,Critical
2023-09-03 02:00:00,Blast_Furnace_Blower_02,Blast Furnace Blower,2861.6,430.0,Bearing Replacement,1.65,81.9,457.3,206.2,93.5,120.4,69.1,225.6,1.885,0.92,483.1,26826,0,0.0881,26760.9,Normal,Normal
2023-09-03 02:00:00,Annealing_Furnace_01,Annealing Furnace,23010.9,878.0,Alignment Check,6.047,142.8,441.5,168.2,51.4,91.3,81.3,222.8,0.492,0.901,318.7,284350,5,0.6061,9695.8,Electrical Fault,Normal
2023-09-03 04:00:00,Blast_Furnace_Blower_03,Blast Furnace Blower,744.2,1327.0,Lubrication,1.097,74.9,441.0,191.4,98.6,119.1,73.5,210.9,0.215,0.982,505.1,9700,0,0.0,27891.9,Normal,Normal
2023-09-03 12:00:00,Rolling_Mill_02,Rolling Mill,29132.9,100.0,Full Overhaul,8.45,98.8,1016.7,171.4,34.5,77.9,87.1,525.9,2.518,0.823,233.1,485074,4,0.8453,10533.8,Lubrication Failure,Warning
2023-09-03 18:00:00,Electric_Arc_Furnace_03,Electric Arc Furnace,6197.0,1202.0,Electrical Inspection,2.659,115.0,1332.5,203.3,90.0,106.3,73.8,617.8,2.891,0.939,434.3,71277,0,0.2014,18706.4,Normal,Normal
2023-09-03 21:00:00,Hot_Strip_Mill_03,Hot Strip Mill,18090.9,1799.0,Bearing Replacement,4.709,106.1,1017.7,186.7,59.5,103.4,81.6,497.0,3.088,0.889,331.6,298892,2,0.4858,19866.5,Normal,Normal
2023-09-03 22:00:00,Rolling_Mill_03,Rolling Mill,9226.1,1828.0,Lubrication,3.426,98.7,888.9,190.8,71.5,98.7,76.3,437.1,0.37,0.917,418.0,141184,2,0.3223,30650.1,Normal,Normal
2023-09-04 00:00:00,Hot_Strip_Mill_02,Hot Strip Mill,25320.4,1702.0,Electrical Inspection,7.898,107.3,1110.8,172.6,35.2,80.3,82.2,554.6,0.252,0.828,238.5,289014,4,0.8341,13314.2,Thermal Degradation,Normal
2023-09-04 00:00:00,Continuous_Caster_01,Continuous Caster,11315.2,440.0,Seal Replacement,4.226,102.6,656.6,176.8,67.7,102.5,81.8,350.8,6.047,0.905,358.5,223012,1,0.411,23210.3,Normal,Normal
2023-09-04 02:00:00,Hydraulic_Press_03,Hydraulic Press,25388.9,1718.0,Full Overhaul,6.604,74.1,243.6,170.4,38.2,92.6,79.5,125.9,3.076,0.864,261.9,284539,3,0.7121,0.0,Bearing Failure,Immediate Action
2023-09-04 02:00:00,Continuous_Caster_01,Continuous Caster,10042.0,222.0,Bearing Replacement,3.022,100.6,683.7,189.6,75.0,105.9,75.6,301.2,0.886,0.928,407.8,144201,2,0.2653,25304.3,Normal,Normal
2023-09-04 05:00:00,Electric_Arc_Furnace_02,Electric Arc Furnace,26361.3,646.0,Electrical Inspection,7.889,121.1,1440.4,167.8,33.6,75.1,82.6,781.6,1.518,0.793,248.2,476999,4,0.7925,0.0,Bearing Failure,Immediate Action
2023-09-04 07:00:00,Blast_Furnace_Blower_03,Blast Furnace Blower,1168.1,794.0,Seal Replacement,1.235,72.5,446.7,200.0,89.4,118.4,73.8,213.5,0.39,0.941,506.6,12389,0,0.0673,29306.9,Normal,Normal
2023-09-04 07:00:00,Blast_Furnace_Blower_03,Blast Furnace Blower,9987.6,412.0,Electrical Inspection,2.784,80.5,468.0,190.7,83.8,104.0,77.4,239.5,2.409,0.954,441.8,88034,3,0.2297,20266.3,Normal,Normal
2023-09-04 08:00:00,Annealing_Furnace_01,Annealing Furnace,17502.3,1748.0,Bearing Replacement,4.935,124.6,428.0,178.3,64.8,92.0,75.7,213.0,0.906,0.891,344.2,242741,5,0.488,14411.6,Normal,Normal
2023-09-04 13:00:00,Annealing_Furnace_02,Annealing Furnace,1672.6,1472.0,Full Overhaul,1.329,123.0,389.3,191.0,89.5,109.3,72.0,189.8,2.629,0.916,474.6,25782,0,0.0809,29109.2,Normal,Normal
2023-09-04 14:00:00,Hydraulic_Press_03,Hydraulic Press,32715.3,1855.0,Alignment Check,8.199,78.7,246.4,157.6,29.1,74.0,83.8,135.6,0.078,0.817,191.8,303824,7,0.8975,0.0,Lubrication Failure,Immediate Action
2023-09-04 14:00:00,Pickling_Line_02,Pickling Line,6592.6,1429.0,Lubrication,1.97,61.7,294.0,193.5,81.7,108.8,76.1,142.9,4.07,0.895,537.3,62652,0,0.1435,22547.4,Normal,Normal
2023-09-04 15:00:00,Hot_Strip_Mill_03,Hot Strip Mill,34191.5,1522.0,Lubrication,8.788,106.6,1083.0,161.6,24.4,67.3,83.1,576.0,9.811,0.766,205.0,307110,2,0.9472,3398.8,Electrical Fault,Critical
2023-09-04 16:00:00,Ladle_Crane_01,Ladle Crane,25917.3,856.0,Lubrication,7.106,53.6,375.8,172.8,53.9,81.2,81.9,200.1,6.711,0.849,249.4,411807,5,0.7205,24767.3,Electrical Fault,Normal
2023-09-05 01:00:00,Cold_Rolling_Mill_03,Cold Rolling Mill,8901.8,266.0,Bearing Replacement,2.422,65.9,771.0,189.7,89.3,114.6,73.4,429.5,1.509,0.923,442.7,170989,0,0.1759,26506.8,Normal,Normal
2023-09-05 02:00:00,Continuous_Caster_01,Continuous Caster,9192.1,1656.0,Alignment Check,3.16,95.0,625.2,191.8,70.6,106.5,78.0,335.1,0.105,0.89,419.2,175528,0,0.2973,25051.7,Normal,Normal
2023-09-05 02:00:00,Ladle_Crane_03,Ladle Crane,22638.1,1427.0,Alignment Check,5.721,60.0,372.4,180.7,46.4,93.6,81.3,193.4,3.084,0.884,287.3,400741,3,0.6101,27444.9,Bearing Failure,Normal
2023-09-05 03:00:00,Annealing_Furnace_03,Annealing Furnace,4204.2,1211.0,Lubrication,2.09,123.8,397.6,192.3,91.2,117.2,72.5,195.0,0.494,0.926,454.6,52512,1,0.1302,30490.9,Normal,Normal
2023-09-05 06:00:00,Blast_Furnace_Blower_02,Blast Furnace Blower,33196.0,1490.0,Full Overhaul,8.695,102.7,580.5,160.0,23.5,73.2,88.2,296.9,8.126,0.791,185.5,493158,2,0.9532,0.0,Thermal Degradation,Immediate Action
2023-09-05 07:00:00,Rolling_Mill_02,Rolling Mill,7946.0,1510.0,Bearing Replacement,2.016,95.2,905.5,196.6,85.3,109.6,74.7,451.4,1.227,0.946,460.7,158907,2,0.1764,33788.7,Normal,Normal
2023-09-05 10:00:00,Electric_Arc_Furnace_01,Electric Arc Furnace,17401.1,908.0,Alignment Check,5.167,127.3,1344.2,174.4,63.7,91.3,78.2,690.5,5.891,0.866,364.3,157302,2,0.5016,6910.7,Normal,Warning
2023-09-05 10:00:00,Pickling_Line_01,Pickling Line,34987.3,1485.0,Electrical Inspection,8.423,68.5,347.8,158.5,27.4,74.3,82.9,175.1,3.468,0.819,205.7,629749,7,0.9113,0.0,Lubrication Failure,Immediate Action
2023-09-05 11:00:00,Cold_Rolling_Mill_03,Cold Rolling Mill,27022.9,1069.0,Alignment Check,7.373,72.9,951.8,168.2,49.2,77.1,82.3,452.3,0.92,0.808,245.0,216883,1,0.7503,10096.9,Lubrication Failure,Warning
2023-09-05 11:00:00,Hot_Strip_Mill_01,Hot Strip Mill,176.2,1606.0,Alignment Check,1.945,87.3,897.2,198.8,100.0,122.8,76.4,466.4,1.186,0.943,492.1,2222,0,0.0278,34583.7,Normal,Normal
2023-09-05 13:00:00,Hydraulic_Press_01,Hydraulic Press,31117.2,1858.0,Electrical Inspection,8.465,81.6,256.6,160.1,20.6,77.2,85.6,128.3,1.69,0.792,184.8,259000,2,0.9297,0.0,Bearing Failure,Immediate Action
2023-09-05 16:00:00,Rolling_Mill_02,Rolling Mill,9523.1,1032.0,Bearing Replacement,2.051,87.3,910.9,196.1,83.7,113.3,72.0,445.4,1.437,0.939,446.3,163188,0,0.1702,31794.4,Normal,Normal
2023-09-05 23:00:00,Ladle_Crane_02,Ladle Crane,23411.0,1386.0,Full Overhaul,6.369,66.8,357.2,166.9,35.6,86.1,81.6,196.7,0.302,0.822,333.5,358286,0,0.6573,26816.2,Electrical Fault,Normal
2023-09-06 01:00:00,Ladle_Crane_01,Ladle Crane,28241.8,1015.0,Bearing Replacement,8.302,50.9,388.0,167.9,32.3,78.3,86.3,208.7,0.74,0.844,203.8,450379,4,0.859,24247.3,Bearing Failure,Normal
2023-09-06 01:00:00,Electric_Arc_Furnace_03,Electric Arc Furnace,5828.8,834.0,Bearing Replacement,2.606,122.2,1275.2,187.8,78.3,112.6,75.4,636.5,3.279,0.938,440.6,111247,0,0.2384,18101.8,Normal,Normal
2023-09-06 04:00:00,Pickling_Line_02,Pickling Line,16913.3,1177.0,Lubrication,4.99,65.0,318.8,179.1,50.8,94.8,81.1,169.6,2.317,0.858,370.6,140666,1,0.5185,11943.7,Normal,Normal
2023-09-06 04:00:00,Hot_Strip_Mill_03,Hot Strip Mill,10993.0,889.0,Full Overhaul,3.185,92.9,972.6,190.1,74.7,112.9,77.3,482.7,2.442,0.932,409.1,106357,1,0.2636,28660.9,Normal,Normal
2023-09-06 04:00:00,Blast_Furnace_Blower_02,Blast Furnace Blower,17334.9,295.0,Bearing Replacement,5.357,86.7,526.4,182.4,51.7,91.6,81.8,272.4,2.495,0.883,328.6,205769,2,0.5529,12523.2,Thermal Degradation,Normal
2023-09-06 04:00:00,Hot_Strip_Mill_02,Hot Strip Mill,15543.6,1562.0,Electrical Inspection,3.654,100.4,968.4,193.8,71.7,96.2,79.5,511.0,0.469,0.894,427.7,308115,0,0.3525,24281.2,Normal,Normal
2023-09-06 06:00:00,Blast_Furnace_Blower_03,Blast Furnace Blower,11182.3,1416.0,Full Overhaul,4.022,84.2,483.8,185.7,75.0,109.3,78.9,241.4,0.072,0.917,401.0,206337,3,0.2921,20180.3,Normal,Normal
2023-09-06 07:00:00,Annealing_Furnace_01,Annealing Furnace,12690.1,1769.0,Full Overhaul,4.114,131.8,413.9,170.7,70.9,108.5,80.2,202.8,3.846,0.906,364.5,145541,4,0.3999,20246.4,Normal,Normal
2023-09-06 09:00:00,Blast_Furnace_Blower_02,Blast Furnace Blower,23459.7,323.0,Electrical Inspection,6.143,84.7,495.3,174.5,44.5,93.5,79.6,262.3,4.044,0.838,297.8,197170,3,0.6522,7163.1,Lubrication Failure,Warning
2023-09-06 14:00:00,Annealing_Furnace_03,Annealing Furnace,22177.5,829.0,Alignment Check,5.375,134.3,439.5,183.2,58.3,85.7,78.3,221.0,1.77,0.886,317.0,336313,7,0.5617,11134.0,Lubrication Failure,Normal
2023-09-06 16:00:00,Electric_Arc_Furnace_02,Electric Arc Furnace,8206.1,455.0,Lubrication,2.251,111.8,1296.1,187.1,80.1,115.4,76.3,655.8,0.483,0.93,458.2,105138,0,0.2054,16835.5,Normal,Normal
2023-09-06 17:00:00,Hydraulic_Press_01,Hydraulic Press,31422.2,1097.0,Seal Replacement,8.714,82.8,258.5,158.9,26.0,75.7,84.1,128.3,16.952,0.832,179.9,579733,1,0.9248,0.0,Thermal Degradation,Immediate Action
2023-09-06 20:00:00,Annealing_Furnace_01,Annealing Furnace,17867.0,480.0,Lubrication,4.393,132.3,417.8,175.4,61.0,84.1,80.6,227.5,1.545,0.907,347.4,270568,2,0.4568,13474.6,Normal,Normal
2023-09-06 20:00:00,Annealing_Furnace_02,Annealing Furnace,30211.3,409.0,Bearing Replacement,8.106,142.1,443.0,166.8,39.4,83.3,82.4,238.2,4.783,0.837,244.1,278658,2,0.8421,1785.2,Bearing Failure,Critical
2023-09-06 21:00:00,Hot_Strip_Mill_03,Hot Strip Mill,15220.5,243.0,Electrical Inspection,3.921,91.0,970.7,181.5,71.4,105.0,76.7,493.9,4.364,0.901,384.8,265999,3,0.3713,23380.3,Normal,Normal
2023-09-06 22:00:00,Pickling_Line_01,Pickling Line,13252.3,1130.0,Alignment Check,3.831,62.3,299.8,184.3,74.2,104.8,78.5,156.8,1.682,0.89,384.1,243738,1,0.3382,14913.0,Normal,Normal
2023-09-07 00:00:00,Cold_Rolling_Mill_02,Cold Rolling Mill,24783.7,1602.0,Bearing Replacement,6.313,75.0,886.4,173.9,48.0,88.8,83.2,450.4,0.674,0.846,275.1,219554,2,0.6672,12573.9,Electrical Fault,Normal
2023-09-07 03:00:00,Hydraulic_Press_03,Hydraulic Press,23541.1,251.0,Electrical Inspection,6.631,79.6,238.6,182.3,46.5,79.4,82.6,127.2,2.491,0.836,263.5,409444,5,0.7013,0.0,Bearing Failure,Immediate Action
2023-09-07 06:00:00,Cold_Rolling_Mill_02,Cold Rolling Mill,6946.7,1587.0,Bearing Replacement,2.154,53.5,779.2,192.6,86.9,112.5,76.4,379.8,0.994,0.916,505.6,121896,2,0.1787,28231.8,Normal,Normal
2023-09-07 07:00:00,Cold_Rolling_Mill_03,Cold Rolling Mill,23533.9,1930.0,Electrical Inspection,6.202,67.7,869.7,175.6,42.3,90.4,82.9,431.3,0.646,0.87,305.4,262214,2,0.6575,13808.6,Bearing Failure,Normal
2023-09-07 08:00:00,Ladle_Crane_03,Ladle Crane,8909.8,956.0,Electrical Inspection,2.79,42.8,354.2,189.8,78.3,115.5,77.4,172.5,2.652,0.912,415.2,103466,1,0.2456,41185.2,Normal,Normal
2023-09-07 09:00:00,Cold_Rolling_Mill_01,Cold Rolling Mill,747.7,1070.0,Electrical Inspection,0.966,58.4,768.0,199.6,99.0,120.0,70.0,388.6,0.687,0.946,489.8,14241,0,0.0484,34397.8,Normal,Normal
2023-09-07 12:00:00,Pickling_Line_03,Pickling Line,14437.2,216.0,Alignment Check,3.902,60.5,297.8,192.5,72.9,93.4,77.3,159.5,0.117,0.894,360.5,257229,3,0.3993,15115.8,Normal,Normal
2023-09-07 12:00:00,Electric_Arc_Furnace_02,Electric Arc Furnace,24502.4,1524.0,Bearing Replacement,6.896,125.2,1403.7,171.5,45.0,86.4,82.7,743.9,2.112,0.801,248.5,380557,6,0.7319,1539.4,Lubrication Failure,Critical
2023-09-07 12:00:00,Hot_Strip_Mill_02,Hot Strip Mill,22603.3,1502.0,Seal Replacement,6.619,100.3,1076.9,180.1,46.7,89.1,78.5,545.6,6.301,0.862,290.9,189090,6,0.6195,16453.2,Thermal Degradation,Normal
2023-09-07 15:00:00,Cold_Rolling_Mill_03,Cold Rolling Mill,18446.4,1657.0,Lubrication,5.307,64.2,839.7,176.9,52.9,95.8,78.4,435.2,2.264,0.87,334.8,362469,5,0.5592,17185.4,Mechanical Wear,Normal
2023-09-07 15:00:00,Rolling_Mill_03,Rolling Mill,33156.2,219.0,Bearing Replacement,8.708,98.3,997.5,161.7,28.7,74.6,83.7,529.9,4.113,0.777,183.6,428656,4,0.9125,6266.8,Electrical Fault,Warning
2023-09-07 17:00:00,Annealing_Furnace_02,Annealing Furnace,20872.5,1133.0,Seal Replacement,5.379,127.6,452.1,189.1,55.5,98.5,80.6,229.3,0.99,0.854,305.4,355374,5,0.569,10084.4,Lubrication Failure,Normal
2023-09-07 17:00:00,Hydraulic_Press_03,Hydraulic Press,23060.1,1005.0,Lubrication,6.467,82.3,247.6,180.9,40.2,81.9,85.6,124.0,2.215,0.815,279.5,384720,1,0.6909,0.0,Lubrication Failure,Immediate Action
2023-09-07 18:00:00,Pickling_Line_02,Pickling Line,2330.5,1655.0,Bearing Replacement,1.004,57.5,280.9,200.2,95.6,121.1,73.2,141.7,0.71,0.932,506.6,29879,0,0.0379,25345.0,Normal,Normal
2023-09-07 21:00:00,Blast_Furnace_Blower_01,Blast Furnace Blower,5893.2,271.0,Lubrication,2.897,81.8,487.1,199.1,75.3,110.1,75.2,219.6,1.382,0.92,471.7,79213,1,0.1808,24721.5,Normal,Normal
2023-09-08 01:00:00,Hot_Strip_Mill_02,Hot Strip Mill,10603.2,1290.0,Seal Replacement,2.465,96.3,934.7,199.2,80.1,115.5,72.5,507.4,4.302,0.918,424.6,163823,2,0.224,26337.3,Normal,Normal
2023-09-08 03:00:00,Ladle_Crane_03,Ladle Crane,18924.3,1790.0,Electrical Inspection,6.114,59.7,361.3,176.1,60.6,88.5,84.0,184.5,0.109,0.858,305.5,190932,2,0.5699,30080.7,Lubrication Failure,Normal
2023-09-08 04:00:00,Blast_Furnace_Blower_03,Blast Furnace Blower,27203.0,1105.0,Alignment Check,7.401,84.9,551.1,174.2,29.1,82.5,83.9,259.9,4.997,0.829,273.3,383002,3,0.7672,4324.0,Electrical Fault,Critical
2023-09-08 07:00:00,Electric_Arc_Furnace_03,Electric Arc Furnace,11311.3,1732.0,Full Overhaul,3.754,122.2,1282.3,187.2,68.2,102.0,79.4,694.6,1.01,0.893,401.7,136067,0,0.3435,11490.5,Normal,Normal
2023-09-08 08:00:00,Hot_Strip_Mill_03,Hot Strip Mill,12537.7,1767.0,Lubrication,4.406,102.5,980.1,184.5,64.6,105.3,77.3,505.2,4.035,0.863,356.7,112971,2,0.4142,26009.8,Normal,Normal
2023-09-08 09:00:00,Cold_Rolling_Mill_03,Cold Rolling Mill,9039.7,506.0,Bearing Replacement,2.563,63.3,796.8,194.4,70.0,110.3,77.0,401.5,0.849,0.901,417.4,94067,0,0.2416,25566.7,Normal,Normal
2023-09-08 09:00:00,Electric_Arc_Furnace_01,Electric Arc Furnace,8985.9,1760.0,Full Overhaul,2.062,117.5,1266.3,201.6,75.6,101.9,71.9,672.4,2.139,0.938,452.2,125965,0,0.1801,15410.2,Normal,Normal
2023-09-08 09:00:00,Hydraulic_Press_03,Hydraulic Press,33215.3,1365.0,Lubrication,8.535,88.5,263.5,165.6,35.8,68.6,86.6,132.5,2.467,0.836,202.0,627499,6,0.9309,0.0,Lubrication Failure,Immediate Action
2023-09-08 10:00:00,Cold_Rolling_Mill_03,Cold Rolling Mill,22277.5,1721.0,Lubrication,6.449,73.7,875.9,176.9,47.2,73.6,83.9,474.7,6.038,0.843,276.6,408297,2,0.6972,13799.8,Bearing Failure,Normal
2023-09-08 14:00:00,Hydraulic_Press_03,Hydraulic Press,5541.0,529.0,Full Overhaul,3.235,70.5,208.2,198.0,91.7,115.0,77.9,104.9,0.293,0.934,464.3,105346,0,0.1668,16053.3,Normal,Normal
2023-09-08 16:00:00,Blast_Furnace_Blower_02,Blast Furnace Blower,25306.5,757.0,Electrical Inspection,6.454,86.3,530.1,179.9,48.2,72.8,86.1,274.1,4.556,0.842,282.5,276691,4,0.6698,5257.7,Lubrication Failure,Warning
2023-09-08 17:00:00,Electric_Arc_Furnace_02,Electric Arc Furnace,25298.5,1206.0,Bearing Replacement,6.762,129.5,1421.3,174.6,45.8,87.1,84.3,735.8,5.032,0.831,293.0,453391,3,0.7131,0.0,Lubrication Failure,Immediate Action
2023-09-08 19:00:00,Blast_Furnace_Blower_02,Blast Furnace Blower,23359.8,1508.0,Bearing Replacement,6.842,87.0,530.2,173.7,43.1,83.9,80.0,278.3,4.296,0.833,303.3,283161,1,0.6918,7142.2,Bearing Failure,Warning
2023-09-08 22:00:00,Electric_Arc_Furnace_02,Electric Arc Furnace,4801.7,1965.0,Electrical Inspection,2.744,113.9,1212.1,193.2,94.7,119.6,73.0,599.9,0.617,0.974,472.8,93861,1,0.1309,21045.7,Normal,Normal
2023-09-09 02:00:00,Blast_Furnace_Blower_01,Blast Furnace Blower,14338.9,137.0,Seal Replacement,4.849,82.9,469.9,187.4,75.0,95.3,77.1,237.8,2.27,0.87,385.6,159547,1,0.402,16130.8,Normal,Normal
2023-09-09 04:00:00,Pickling_Line_02,Pickling Line,3825.8,1083.0,Lubrication,1.598,54.1,284.9,195.3,90.7,113.9,75.5,155.9,1.032,0.951,486.6,45837,0,0.0736,23993.3,Normal,Normal
2023-09-09 04:00:00,Ladle_Crane_03,Ladle Crane,28600.1,1096.0,Seal Replacement,7.319,53.9,373.7,169.3,35.9,81.5,83.8,204.2,4.864,0.808,231.4,231964,5,0.7855,18863.4,Lubrication Failure,Normal
2023-09-09 06:00:00,Ladle_Crane_02,Ladle Crane,22965.5,1812.0,Alignment Check,6.192,61.9,378.7,168.4,43.7,81.2,82.6,190.6,5.604,0.895,286.7,437949,2,0.6673,26550.8,Lubrication Failure,Normal
2023-09-09 07:00:00,Pickling_Line_01,Pickling Line,17801.4,472.0,Full Overhaul,5.064,65.5,323.6,189.5,56.9,93.0,84.1,165.4,6.861,0.889,347.1,273531,4,0.5332,11599.4,Normal,Normal
2023-09-09 08:00:00,Pickling_Line_01,Pickling Line,12071.2,319.0,Bearing Replacement,3.358,69.1,290.6,181.3,76.8,98.3,76.8,150.7,3.84,0.904,388.4,141789,1,0.3362,15259.5,Normal,Normal
2023-09-09 09:00:00,Ladle_Crane_02,Ladle Crane,6530.3,965.0,Full Overhaul,1.877,53.1,326.2,196.6,86.2,114.8,72.4,168.3,2.19,0.959,463.0,63524,0,0.1619,42852.0,Normal,Normal
2023-09-09 09:00:00,Annealing_Furnace_01,Annealing Furnace,3815.0,1452.0,Lubrication,2.575,127.7,413.4,190.5,79.5,116.2,75.3,192.3,2.517,0.933,468.1,60081,0,0.1468,29138.5,Normal,Normal
2023-09-09 09:00:00,Pickling_Line_01,Pickling Line,33926.5,1944.0,Bearing Replacement,9.344,76.9,342.6,155.4,29.0,77.6,84.4,179.0,3.051,0.824,218.4,310468,4,0.9481,0.0,Lubrication Failure,Immediate Action
2023-09-09 10:00:00,Hydraulic_Press_01,Hydraulic Press,7067.7,1144.0,Full Overhaul,2.67,72.3,222.6,194.0,78.9,104.0,73.7,106.7,0.292,0.942,452.7,68855,0,0.2164,12146.3,Normal,Normal
2023-09-09 11:00:00,Hydraulic_Press_02,Hydraulic Press,2189.6,1451.0,Bearing Replacement,1.647,67.4,220.2,204.2,94.9,120.0,73.3,115.1,0.13,0.933,502.1,30815,2,0.0892,17745.2,Normal,Normal
2023-09-09 11:00:00,Electric_Arc_Furnace_01,Electric Arc Furnace,33662.2,557.0,Bearing Replacement,8.354,131.3,1477.6,160.5,30.6,67.5,89.9,758.6,7.048,0.815,202.4,322679,4,0.8986,0.0,Mechanical Wear,Immediate Action
2023-09-09 14:00:00,Hot_Strip_Mill_03,Hot Strip Mill,19258.4,1353.0,Bearing Replacement,5.318,99.4,1054.8,180.9,53.3,85.8,79.7,513.1,0.284,0.869,331.0,175053,0,0.5572,18771.8,Thermal Degradation,Normal
2023-09-09 14:00:00,Rolling_Mill_02,Rolling Mill,27903.3,485.0,Seal Replacement,6.867,88.5,1014.6,182.8,42.4,88.3,83.2,493.2,4.433,0.83,273.8,455560,6,0.6624,13814.2,Mechanical Wear,Normal
2023-09-09 15:00:00,Hydraulic_Press_02,Hydraulic Press,1627.4,991.0,Alignment Check,0.949,68.7,220.6,210.1,94.3,111.3,72.2,113.2,0.723,0.937,502.9,22025,0,0.0414,19265.2,Normal,Normal
2023-09-09 16:00:00,Electric_Arc_Furnace_03,Electric Arc Furnace,13997.5,647.0,Electrical Inspection,4.127,113.0,1310.5,183.4,61.9,103.3,81.0,709.2,0.455,0.906,390.0,120044,5,0.4168,10781.2,Normal,Normal
2023-09-09 16:00:00,Cold_Rolling_Mill_03,Cold Rolling Mill,19886.4,93.0,Full Overhaul,5.98,74.9,865.9,175.0,60.2,95.9,81.3,442.3,8.816,0.851,312.7,170946,6,0.5972,15111.7,Bearing Failure,Normal
2023-09-09 17:00:00,Cold_Rolling_Mill_02,Cold Rolling Mill,27041.6,1564.0,Bearing Replacement,8.02,78.3,872.7,168.4,29.5,90.6,85.7,469.7,1.718,0.805,219.2,527999,4,0.8126,9668.7,Mechanical Wear,Warning
2023-09-09 19:00:00,Annealing_Furnace_03,Annealing Furnace,1441.1,136.0,Lubrication,1.315,123.2,390.4,201.6,96.3,114.9,73.0,198.1,0.983,0.957,487.4,12465,0,0.0587,29082.8,Normal,Normal
2023-09-09 23:00:00,Hot_Strip_Mill_03,Hot Strip Mill,14119.0,637.0,Alignment Check,4.007,101.8,1018.3,184.4,68.8,103.8,77.1,505.0,1.417,0.901,399.7,188253,0,0.3763,23626.7,Normal,Normal
2023-09-10 00:00:00,Electric_Arc_Furnace_03,Electric Arc Furnace,27987.7,341.0,Seal Replacement,6.674,124.0,1390.1,174.7,40.1,84.4,85.9,701.5,4.095,0.812,258.5,354647,6,0.7227,0.0,Lubrication Failure,Immediate Action
2023-09-10 01:00:00,Cold_Rolling_Mill_01,Cold Rolling Mill,18342.1,1255.0,Seal Replacement,5.166,64.5,835.2,178.9,53.1,93.0,83.5,454.2,3.485,0.884,327.8,257442,4,0.5297,16985.8,Normal,Normal
2023-09-10 06:00:00,Pickling_Line_02,Pickling Line,19296.4,1488.0,Alignment Check,5.613,64.6,317.2,173.6,53.9,98.5,80.8,165.8,4.223,0.877,318.0,358241,3,0.5753,9197.7,Bearing Failure,Normal
2023-09-10 06:00:00,Pickling_Line_03,Pickling Line,3491.0,220.0,Electrical Inspection,0.705,53.3,273.3,202.1,98.2,118.0,74.0,137.2,0.283,0.938,521.8,56247,0,0.0119,24004.8,Normal,Normal
2023-09-10 07:00:00,Ladle_Crane_03,Ladle Crane,4718.3,1046.0,Electrical Inspection,2.456,47.6,333.8,191.3,94.3,112.5,76.5,167.4,3.481,0.926,452.5,81815,1,0.155,44364.8,Normal,Normal
2023-09-10 10:00:00,Electric_Arc_Furnace_01,Electric Arc Furnace,23727.3,1363.0,Seal Replacement,6.845,124.1,1386.5,168.1,41.0,88.7,80.8,731.8,7.223,0.829,301.1,311867,0,0.6823,1830.9,Bearing Failure,Critical
2023-09-10 11:00:00,Pickling_Line_01,Pickling Line,23659.1,1980.0,Seal Replacement,6.295,67.2,316.0,174.1,44.9,92.0,81.5,165.4,4.582,0.886,278.8,349668,5,0.6577,5490.0,Lubrication Failure,Warning
2023-09-10 12:00:00,Ladle_Crane_02,Ladle Crane,34270.7,436.0,Full Overhaul,9.125,66.6,392.0,156.3,26.4,66.7,88.5,202.8,2.523,0.798,156.0,302232,3,1.0,14663.2,Thermal Degradation,Warning
2023-09-10 17:00:00,Continuous_Caster_02,Continuous Caster,24947.2,147.0,Seal Replacement,6.927,104.6,730.8,170.6,41.5,90.2,83.1,350.3,3.945,0.845,279.4,221169,3,0.699,8780.9,Bearing Failure,Warning
2023-09-10 17:00:00,Hydraulic_Press_02,Hydraulic Press,17314.2,516.0,Seal Replacement,4.626,76.0,235.8,186.1,58.2,99.6,77.9,119.0,1.342,0.882,341.7,319185,2,0.4777,2663.4,Normal,Critical
2023-09-11 01:00:00,Rolling_Mill_01,Rolling Mill,30020.7,1121.0,Bearing Replacement,7.273,97.8,1055.7,165.6,38.7,80.7,82.7,544.5,5.562,0.841,236.2,422823,3,0.7942,10539.5,Thermal Degradation,Warning
2023-09-11 06:00:00,Pickling_Line_03,Pickling Line,3746.1,1266.0,Electrical Inspection,1.596,56.7,284.4,189.2,90.6,111.8,75.5,142.0,0.701,0.939,463.5,34867,1,0.1273,23648.5,Normal,Normal
2023-09-11 07:00:00,Rolling_Mill_03,Rolling Mill,15780.4,757.0,Full Overhaul,3.789,85.4,895.0,187.8,67.6,107.7,75.9,464.6,2.732,0.894,403.5,140427,1,0.3856,26212.4,Normal,Normal
2023-09-11 07:00:00,Pickling_Line_01,Pickling Line,10120.1,868.0,Seal Replacement,2.868,63.9,295.6,195.6,80.0,114.1,75.1,149.1,0.38,0.905,424.6,192630,1,0.2549,17756.5,Normal,Normal
2023-09-11 07:00:00,Cold_Rolling_Mill_01,Cold Rolling Mill,3751.9,1096.0,Full Overhaul,1.693,61.4,811.4,192.9,92.0,108.8,72.3,384.3,0.493,0.937,455.9,37695,0,0.13,31460.4,Normal,Normal
2023-09-11 08:00:00,Pickling_Line_02,Pickling Line,26746.2,311.0,Electrical Inspection,7.276,71.5,313.4,176.8,40.3,75.4,84.4,173.2,3.553,0.849,236.6,352499,1,0.7558,2876.4,Lubrication Failure,Critical
2023-09-11 10:00:00,Hydraulic_Press_02,Hydraulic Press,17926.6,1924.0,Seal Replacement,5.898,73.7,230.4,179.3,55.1,90.3,83.3,123.3,3.575,0.873,299.9,311778,2,0.5976,2833.3,Thermal Degradation,Critical
2023-09-11 13:00:00,Hydraulic_Press_03,Hydraulic Press,19531.2,1346.0,Bearing Replacement,5.73,74.5,239.0,184.0,52.0,84.8,75.8,121.3,0.587,0.873,304.8,359496,1,0.5877,32.3,Electrical Fault,Immediate Action
2023-09-11 13:00:00,Blast_Furnace_Blower_01,Blast Furnace Blower,14452.8,1042.0,Alignment Check,4.46,80.1,514.9,177.5,58.8,94.0,76.7,256.8,1.091,0.887,343.1,265524,2,0.4505,16507.6,Normal,Normal
2023-09-11 17:00:00,Ladle_Crane_03,Ladle Crane,16165.8,1464.0,Seal Replacement,5.359,55.7,350.4,171.1,62.5,89.0,78.9,189.9,4.311,0.891,361.7,300698,5,0.5046,32850.5,Normal,Normal
2023-09-11 19:00:00,Electric_Arc_Furnace_03,Electric Arc Furnace,4149.0,198.0,Electrical Inspection,1.776,114.4,1238.1,198.7,90.1,119.6,75.4,635.2,1.729,0.909,476.9,40676,0,0.1065,21426.7,Normal,Normal
2023-09-11 21:00:00,Annealing_Furnace_01,Annealing Furnace,23584.8,1573.0,Full Overhaul,6.097,128.9,440.8,174.4,46.7,83.9,78.9,224.2,0.009,0.824,289.3,309890,2,0.6473,10121.4,Bearing Failure,Normal
2023-09-11 22:00:00,Continuous_Caster_02,Continuous Caster,15192.4,385.0,Bearing Replacement,3.883,103.0,677.5,186.5,73.9,99.5,79.1,340.7,0.199,0.857,390.4,241869,2,0.3734,18538.3,Normal,Normal
2023-09-12 03:00:00,Electric_Arc_Furnace_03,Electric Arc Furnace,28605.2,160.0,Lubrication,6.88,123.9,1506.7,172.6,48.7,86.3,86.1,734.2,4.195,0.845,244.3,538195,4,0.7446,0.0,Mechanical Wear,Immediate Action
2023-09-12 04:00:00,Blast_Furnace_Blower_02,Blast Furnace Blower,6950.4,1769.0,Lubrication,2.795,80.9,468.2,197.8,71.1,113.0,76.0,237.9,0.018,0.952,425.2,91328,0,0.256,22585.3,Normal,Normal
2023-09-12 06:00:00,Ladle_Crane_01,Ladle Crane,7256.4,1405.0,Electrical Inspection,3.755,44.9,330.7,190.0,84.3,108.9,75.4,156.9,2.43,0.946,443.4,112142,1,0.1762,43142.0,Normal,Normal
2023-09-12 06:00:00,Annealing_Furnace_02,Annealing Furnace,22637.0,77.0,Electrical Inspection,6.453,135.7,444.9,181.1,44.3,89.4,82.3,231.7,0.67,0.841,268.7,441828,4,0.6915,9817.4,Electrical Fault,Normal
2023-09-12 07:00:00,Hot_Strip_Mill_01,Hot Strip Mill,29625.5,1863.0,Bearing Replacement,7.429,104.3,1051.8,166.8,38.7,86.3,80.5,551.9,2.809,0.837,249.2,579779,6,0.7728,8272.9,Mechanical Wear,Warning
2023-09-12 07:00:00,Blast_Furnace_Blower_02,Blast Furnace Blower,16579.7,1996.0,Alignment Check,4.531,83.7,526.2,184.1,61.9,91.6,78.0,263.6,3.543,0.864,342.8,265243,0,0.4646,11906.6,Normal,Normal
2023-09-12 10:00:00,Rolling_Mill_01,Rolling Mill,25470.7,1237.0,Full Overhaul,8.059,110.2,989.7,170.6,36.3,85.7,85.7,556.8,7.043,0.856,266.1,357553,5,0.7911,13052.1,Electrical Fault,Normal
2023-09-12 15:00:00,Ladle_Crane_03,Ladle Crane,34976.6,293.0,Seal Replacement,9.111,58.0,412.1,156.3,21.8,73.2,88.7,202.8,9.953,0.801,157.0,520090,7,1.0,13698.1,Bearing Failure,Warning
2023-09-12 15:00:00,Continuous_Caster_02,Continuous Caster,34660.3,1032.0,Lubrication,9.128,117.2,742.3,162.5,19.0,64.4,88.4,374.1,1.554,0.794,157.2,652121,0,1.0,927.6,Electrical Fault,Immediate Action
2023-09-12 19:00:00,Rolling_Mill_03,Rolling Mill,26077.4,1355.0,Lubrication,6.854,101.1,1000.5,166.6,40.1,85.5,82.4,497.3,0.13,0.833,300.3,425552,5,0.7158,12248.5,Mechanical Wear,Normal
2023-09-12 21:00:00,Rolling_Mill_01,Rolling Mill,25911.6,370.0,Electrical Inspection,6.675,101.4,1000.8,162.6,41.6,79.5,83.8,520.3,6.417,0.852,266.5,282288,5,0.6952,12992.0,Lubrication Failure,Normal
2023-09-13 00:00:00,Continuous_Caster_01,Continuous Caster,8741.9,775.0,Electrical Inspection,2.864,102.3,628.5,195.1,86.8,104.7,75.8,318.3,1.388,0.886,416.3,90369,2,0.2475,25067.8,Normal,Normal
2023-09-13 01:00:00,Blast_Furnace_Blower_02,Blast Furnace Blower,29190.5,218.0,Full Overhaul,7.366,91.3,548.0,174.2,47.7,79.5,80.2,278.8,6.997,0.819,239.0,292072,7,0.7777,1116.6,Bearing Failure,Immediate Action
2023-09-13 01:00:00,Rolling_Mill_03,Rolling Mill,14238.1,1161.0,Bearing Replacement,4.024,94.7,946.2,176.9,66.2,104.5,76.3,473.2,3.904,0.909,367.8,215858,3,0.4014,27120.0,Normal,Normal
2023-09-13 01:00:00,Ladle_Crane_01,Ladle Crane,33673.6,687.0,Alignment Check,9.171,75.7,414.7,158.8,18.4,71.2,85.7,213.8,0.031,0.759,163.7,526241,4,1.0,16557.6,Lubrication Failure,Normal
2023-09-13 03:00:00,Rolling_Mill_02,Rolling Mill,2941.8,705.0,Lubrication,0.946,84.7,870.7,193.7,100.0,120.8,69.8,428.1,0.179,0.918,511.7,26338,0,0.0207,39450.4,Normal,Normal
2023-09-13 04:00:00,Ladle_Crane_02,Ladle Crane,15310.8,920.0,Full Overhaul,4.825,53.7,346.1,184.5,63.1,93.6,78.9,175.5,2.27,0.9,343.7,259690,3,0.4696,34920.1,Normal,Normal
2023-09-13 04:00:00,Annealing_Furnace_01,Annealing Furnace,19498.8,506.0,Bearing Replacement,5.746,127.9,435.9,181.4,50.7,88.7,82.6,218.5,0.073,0.883,312.4,285017,5,0.6069,12410.8,Thermal Degradation,Normal
2023-09-13 07:00:00,Ladle_Crane_01,Ladle Crane,14240.0,1234.0,Lubrication,4.21,49.6,366.7,179.9,62.2,93.0,81.6,184.7,0.406,0.914,369.4,165039,2,0.3938,34583.8,Normal,Normal
2023-09-13 09:00:00,Cold_Rolling_Mill_03,Cold Rolling Mill,7449.2,1343.0,Seal Replacement,3.094,65.2,777.4,180.6,78.8,111.6,73.9,390.8,0.66,0.918,461.4,145089,0,0.2145,28770.0,Normal,Normal
2023-09-13 10:00:00,Electric_Arc_Furnace_02,Electric Arc Furnace,20795.3,502.0,Full Overhaul,5.772,122.9,1424.5,179.7,57.8,92.9,79.3,717.4,0.989,0.869,365.9,289727,5,0.5702,3584.6,Thermal Degradation,Critical
2023-09-13 11:00:00,Annealing_Furnace_03,Annealing Furnace,22604.9,107.0,Bearing Replacement,6.527,136.3,454.4,168.2,54.9,89.4,81.0,235.7,7.08,0.839,262.1,300751,0,0.6868,8427.9,Electrical Fault,Warning
2023-09-13 11:00:00,Blast_Furnace_Blower_01,Blast Furnace Blower,26481.5,1541.0,Lubrication,6.826,89.4,543.1,173.4,39.3,87.4,85.0,275.8,5.061,0.856,240.9,363560,3,0.7411,2637.4,Thermal Degradation,Critical
2023-09-13 15:00:00,Annealing_Furnace_03,Annealing Furnace,8282.3,1384.0,Lubrication,2.991,123.9,381.5,186.6,87.8,96.0,78.3,216.2,1.454,0.905,418.8,121887,2,0.2729,23502.5,Normal,Normal
2023-09-13 16:00:00,Rolling_Mill_02,Rolling Mill,25633.1,869.0,Seal Replacement,7.015,110.0,1020.5,166.1,35.2,79.0,83.3,508.4,4.194,0.812,256.3,219771,2,0.752,13766.8,Mechanical Wear,Normal
2023-09-13 19:00:00,Blast_Furnace_Blower_03,Blast Furnace Blower,9065.7,1244.0,Electrical Inspection,3.163,81.4,510.6,188.5,83.5,116.5,75.7,254.7,2.861,0.887,447.0,77648,0,0.2894,23323.5,Normal,Normal
2023-09-14 02:00:00,Hot_Strip_Mill_01,Hot Strip Mill,6214.6,796.0,Electrical Inspection,2.268,96.4,918.7,196.7,84.3,111.2,74.4,457.6,2.322,0.929,454.3,84180,2,0.1876,32024.1,Normal,Normal
2023-09-14 08:00:00,Electric_Arc_Furnace_01,Electric Arc Furnace,24204.3,756.0,Alignment Check,5.859,123.3,1446.3,176.9,50.3,95.9,85.0,734.0,1.636,0.853,319.4,415912,3,0.6302,940.4,Thermal Degradation,Immediate Action
2023-09-14 10:00:00,Blast_Furnace_Blower_03,Blast Furnace Blower,29513.3,287.0,Full Overhaul,8.201,90.5,553.3,166.9,31.8,75.2,85.3,281.4,2.419,0.804,201.0,420054,2,0.8964,0.0,Thermal Degradation,Immediate Action
2023-09-14 10:00:00,Cold_Rolling_Mill_02,Cold Rolling Mill,16905.7,1426.0,Bearing Replacement,4.298,66.7,814.1,176.1,69.9,96.4,76.0,392.0,1.115,0.91,370.0,322274,3,0.4383,22405.0,Normal,Normal
2023-09-14 11:00:00,Pickling_Line_01,Pickling Line,10665.9,861.0,Bearing Replacement,3.51,55.1,290.0,192.0,83.2,103.6,78.8,154.0,1.315,0.89,401.0,86414,1,0.3474,16936.2,Normal,Normal
2023-09-14 11:00:00,Continuous_Caster_01,Continuous Caster,18645.6,600.0,Seal Replacement,5.115,101.0,674.0,176.1,54.2,88.1,83.6,372.0,1.076,0.855,366.7,291687,5,0.5277,15384.3,Normal,Normal
2023-09-14 15:00:00,Ladle_Crane_01,Ladle Crane,17362.2,1516.0,Full Overhaul,4.142,57.3,354.5,177.0,67.3,96.2,78.8,185.2,3.671,0.887,364.1,232122,1,0.426,34136.6,Normal,Normal
2023-09-14 15:00:00,Annealing_Furnace_02,Annealing Furnace,4706.2,460.0,Seal Replacement,1.974,120.9,400.4,189.2,76.9,115.5,68.7,197.5,3.048,0.922,460.0,68821,0,0.1657,27488.1,Normal,Normal
2023-09-14 16:00:00,Annealing_Furnace_02,Annealing Furnace,33458.5,902.0,Lubrication,8.697,137.7,492.1,167.3,27.0,81.0,84.2,247.7,3.298,0.811,197.5,274276,10,0.8964,0.0,Electrical Fault,Immediate Action
2023-09-14 16:00:00,Pickling_Line_01,Pickling Line,28032.6,638.0,Electrical Inspection,8.039,77.7,341.4,157.7,44.1,73.9,84.3,170.8,5.5,0.802,212.5,260150,4,0.8307,0.0,Lubrication Failure,Immediate Action
2023-09-14 19:00:00,Ladle_Crane_03,Ladle Crane,23412.3,1431.0,Lubrication,6.872,64.3,392.1,165.9,38.7,79.5,80.3,192.0,3.359,0.85,274.2,467847,3,0.7291,27607.3,Thermal Degradation,Normal
2023-09-14 19:00:00,Hot_Strip_Mill_02,Hot Strip Mill,18883.0,1925.0,Alignment Check,5.403,100.7,986.1,183.9,71.2,94.9,78.6,528.8,2.442,0.873,334.8,304144,1,0.5026,19700.7,Normal,Normal
2023-09-14 22:00:00,Electric_Arc_Furnace_02,Electric Arc Furnace,27746.7,1901.0,Lubrication,6.949,124.1,1418.3,162.4,40.7,80.3,81.2,732.3,2.311,0.845,239.7,446939,8,0.7494,0.0,Mechanical Wear,Immediate Action
2023-09-15 01:00:00,Annealing_Furnace_01,Annealing Furnace,10569.1,338.0,Alignment Check,2.731,134.0,394.6,192.7,74.2,107.6,77.5,208.0,0.846,0.949,438.9,198196,1,0.257,21691.6,Normal,Normal
2023-09-15 01:00:00,Electric_Arc_Furnace_02,Electric Arc Furnace,17367.0,994.0,Bearing Replacement,5.013,119.4,1361.5,176.2,60.0,94.5,80.1,667.2,3.483,0.877,349.3,257662,4,0.5,9272.2,Normal,Normal
2023-09-15 02:00:00,Rolling_Mill_02,Rolling Mill,5697.1,1932.0,Bearing Replacement,1.496,86.8,855.9,192.3,98.8,125.2,74.3,437.9,0.36,0.964,483.4,65299,0,0.0539,35257.7,Normal,Normal
2023-09-15 07:00:00,Cold_Rolling_Mill_03,Cold Rolling Mill,22700.7,1782.0,Alignment Check,6.044,84.9,893.2,178.4,46.6,91.0,83.2,445.5,2.512,0.831,285.6,413998,4,0.6473,10681.2,Bearing Failure,Warning
2023-09-15 15:00:00,Annealing_Furnace_01,Annealing Furnace,32537.0,317.0,Full Overhaul,8.554,133.7,497.6,163.5,24.2,79.8,84.9,239.0,2.891,0.853,181.9,298050,6,0.9464,1254.0,Bearing Failure,Immediate Action
2023-09-15 23:00:00,Cold_Rolling_Mill_02,Cold Rolling Mill,5461.3,547.0,Lubrication,1.783,63.0,794.7,193.1,87.8,108.4,77.5,389.2,2.343,0.921,456.5,107580,0,0.1396,30608.9,Normal,Normal
2023-09-16 04:00:00,Ladle_Crane_02,Ladle Crane,6382.6,222.0,Lubrication,2.792,53.4,328.2,183.0,89.2,113.8,75.4,174.3,1.056,0.911,466.3,113678,0,0.188,42315.4,Normal,Normal
2023-09-16 05:00:00,Hot_Strip_Mill_01,Hot Strip Mill,15232.9,1912.0,Lubrication,4.687,104.1,1008.7,180.6,60.0,103.2,75.4,509.5,2.226,0.866,344.4,122301,5,0.4877,22544.6,Normal,Normal
2023-09-16 06:00:00,Cold_Rolling_Mill_01,Cold Rolling Mill,28260.8,142.0,Alignment Check,7.332,78.3,874.5,160.6,24.3,80.3,85.0,439.4,3.287,0.822,240.6,246316,2,0.7896,8454.7,Thermal Degradation,Warning
2023-09-16 07:00:00,Pickling_Line_02,Pickling Line,10357.9,789.0,Electrical Inspection,3.033,58.3,302.1,180.0,73.0,106.0,74.6,150.9,0.838,0.894,409.2,93404,2,0.2846,18511.3,Normal,Normal
2023-09-16 08:00:00,Pickling_Line_03,Pickling Line,21736.8,1086.0,Electrical Inspection,5.81,66.4,324.9,177.2,59.0,91.3,81.6,166.5,5.408,0.872,320.5,352429,5,0.6054,6768.4,Electrical Fault,Warning
2023-09-16 08:00:00,Continuous_Caster_03,Continuous Caster,8961.6,1676.0,Seal Replacement,3.153,94.8,665.0,191.8,73.0,105.4,75.3,322.4,4.372,0.921,416.4,145224,2,0.2551,25938.4,Normal,Normal
2023-09-16 08:00:00,Cold_Rolling_Mill_01,Cold Rolling Mill,18793.0,1033.0,Lubrication,5.214,74.6,847.5,169.1,61.3,86.0,80.6,436.1,4.493,0.868,332.8,168662,3,0.5213,16922.8,Normal,Normal
2023-09-16 11:00:00,Continuous_Caster_02,Continuous Caster,2201.7,766.0,Full Overhaul,1.916,104.8,621.0,192.7,88.4,115.5,76.4,321.1,0.83,0.915,453.6,29458,0,0.1483,33314.5,Normal,Normal
2023-09-16 12:00:00,Annealing_Furnace_02,Annealing Furnace,2944.0,18.0,Seal Replacement,1.509,122.3,390.8,198.7,91.8,115.4,73.8,194.2,0.045,0.94,479.5,31948,0,0.0904,29254.0,Normal,Normal
2023-09-16 15:00:00,Continuous_Caster_01,Continuous Caster,22541.2,299.0,Alignment Check,5.867,107.2,724.4,176.2,42.6,80.5,84.1,354.7,1.437,0.854,296.0,288263,3,0.6292,12774.7,Lubrication Failure,Normal
2023-09-16 21:00:00,Electric_Arc_Furnace_03,Electric Arc Furnace,16332.8,1155.0,Seal Replacement,5.195,121.6,1388.5,179.6,56.0,96.8,79.2,702.6,3.765,0.836,328.6,177559,8,0.5359,8434.0,Normal,Normal
2023-09-16 22:00:00,Hydraulic_Press_02,Hydraulic Press,33987.1,1604.0,Lubrication,9.58,85.9,256.0,158.7,24.8,76.3,89.2,129.3,0.005,0.814,166.3,441544,8,1.0,0.0,Lubrication Failure,Immediate Action
2023-09-17 01:00:00,Continuous_Caster_01,Continuous Caster,23780.7,1294.0,Full Overhaul,6.893,114.0,695.9,176.9,47.2,83.7,80.1,358.9,0.995,0.839,255.0,373534,1,0.7107,10351.4,Lubrication Failure,Warning
2023-09-17 03:00:00,Cold_Rolling_Mill_02,Cold Rolling Mill,451.6,1520.0,Electrical Inspection,1.702,58.5,777.5,200.8,100.0,120.4,69.4,368.8,1.103,0.971,516.2,4446,0,0.0,35758.6,Normal,Normal
2023-09-17 03:00:00,Ladle_Crane_01,Ladle Crane,16887.6,413.0,Bearing Replacement,6.228,56.9,373.4,180.9,43.5,82.2,82.3,188.4,0.413,0.834,291.8,179342,1,0.6191,32160.7,Electrical Fault,Normal
2023-09-17 05:00:00,Pickling_Line_03,Pickling Line,14564.2,1125.0,Electrical Inspection,3.552,63.6,288.3,186.7,69.3,96.9,74.6,147.7,5.634,0.901,398.5,178951,0,0.3378,12601.1,Normal,Normal
2023-09-17 06:00:00,Rolling_Mill_03,Rolling Mill,32320.0,669.0,Full Overhaul,8.961,100.2,1039.5,163.2,18.9,64.5,86.9,540.5,2.614,0.827,175.3,505313,5,0.9426,7430.4,Lubrication Failure,Warning
2023-09-17 06:00:00,Pickling_Line_01,Pickling Line,3824.3,742.0,Seal Replacement,1.01,52.9,290.3,193.5,100.0,120.1,74.1,141.5,0.92,0.964,514.9,75561,0,0.0202,23583.0,Normal,Normal
2023-09-17 10:00:00,Annealing_Furnace_02,Annealing Furnace,28194.9,849.0,Lubrication,7.29,141.4,446.8,161.8,40.6,77.2,85.8,223.9,6.91,0.827,226.9,535306,3,0.7877,3297.8,Mechanical Wear,Critical
2023-09-17 11:00:00,Continuous_Caster_02,Continuous Caster,8130.0,1743.0,Electrical Inspection,1.44,97.1,635.0,197.8,84.7,108.0,75.0,303.1,0.808,0.906,480.6,148570,0,0.1084,27286.1,Normal,Normal
2023-09-17 13:00:00,Continuous_Caster_03,Continuous Caster,9033.7,1770.0,Seal Replacement,2.79,103.6,655.3,199.5,74.4,105.4,78.0,323.3,1.831,0.916,435.7,132848,2,0.2511,26049.9,Normal,Normal
2023-09-17 14:00:00,Cold_Rolling_Mill_03,Cold Rolling Mill,1217.4,1577.0,Bearing Replacement,0.876,63.5,754.8,198.8,90.3,122.3,74.7,395.8,0.625,0.928,526.6,13771,0,0.0387,35878.3,Normal,Normal
2023-09-17 15:00:00,Pickling_Line_01,Pickling Line,10455.4,752.0,Lubrication,3.065,55.3,304.0,187.9,74.3,104.7,76.8,160.7,1.613,0.893,404.0,115950,4,0.2903,17473.6,Normal,Normal
2023-09-17 16:00:00,Blast_Furnace_Blower_02,Blast Furnace Blower,20503.3,49.0,Lubrication,6.488,84.4,509.4,180.5,44.3,94.4,80.9,264.4,0.277,0.84,292.3,304039,2,0.6009,9659.3,Bearing Failure,Normal
2023-09-17 17:00:00,Blast_Furnace_Blower_01,Blast Furnace Blower,14787.4,734.0,Bearing Replacement,4.455,83.2,484.9,185.3,65.6,99.3,80.2,262.2,2.351,0.915,432.9,217151,3,0.399,16891.9,Normal,Normal
2023-09-17 20:00:00,Ladle_Crane_01,Ladle Crane,2057.2,196.0,Alignment Check,1.709,48.5,326.6,194.8,86.6,111.2,73.3,169.5,0.7,0.933,467.3,25513,0,0.1242,47515.1,Normal,Normal
2023-09-17 20:00:00,Cold_Rolling_Mill_03,Cold Rolling Mill,33927.0,1651.0,Electrical Inspection,8.95,78.3,922.4,173.4,18.5,76.2,90.0,498.2,6.98,0.795,164.0,499262,2,0.9624,1599.0,Bearing Failure,Immediate Action
2023-09-17 22:00:00,Continuous_Caster_03,Continuous Caster,20740.9,1337.0,Seal Replacement,6.037,108.6,685.3,176.0,52.1,94.9,83.9,347.4,2.488,0.832,289.4,342057,1,0.6405,15522.8,Mechanical Wear,Normal
2023-09-17 23:00:00,Electric_Arc_Furnace_02,Electric Arc Furnace,30055.0,1718.0,Electrical Inspection,7.965,130.1,1486.2,171.2,32.1,75.0,84.3,767.8,5.694,0.842,227.9,387653,5,0.8483,0.0,Lubrication Failure,Immediate Action
2023-09-18 00:00:00,Continuous_Caster_01,Continuous Caster,16877.9,936.0,Bearing Replacement,5.06,105.0,678.3,172.3,62.6,95.2,79.0,337.9,3.892,0.876,355.0,206164,4,0.5096,19503.3,Normal,Normal
2023-09-18 00:00:00,Hydraulic_Press_01,Hydraulic Press,203.4,85.0,Full Overhaul,1.376,66.3,206.5,201.6,100.0,109.3,74.0,110.1,1.312,0.968,499.0,2860,1,0.0495,19654.5,Normal,Normal
2023-09-18 01:00:00,Annealing_Furnace_01,Annealing Furnace,8573.8,1006.0,Alignment Check,2.973,118.2,391.6,189.9,75.7,114.5,76.6,199.8,0.007,0.905,431.3,160654,0,0.1981,22626.3,Normal,Normal
2023-09-18 02:00:00,Electric_Arc_Furnace_01,Electric Arc Furnace,11399.5,1385.0,Full Overhaul,3.529,114.4,1258.7,184.8,69.9,95.3,78.3,658.2,0.786,0.899,506.0,187799,0,0.3422,14279.4,Normal,Normal
2023-09-18 10:00:00,Cold_Rolling_Mill_02,Cold Rolling Mill,33813.2,1313.0,Bearing Replacement,8.848,77.3,930.9,164.9,16.9,75.7,86.9,493.6,0.629,0.792,179.6,600816,7,0.9739,1915.6,Electrical Fault,Critical
2023-09-18 11:00:00,Hot_Strip_Mill_02,Hot Strip Mill,31920.9,1024.0,Alignment Check,8.686,107.1,1151.7,158.7,20.9,69.8,86.6,606.5,8.457,0.797,204.9,460075,7,0.9449,8158.8,Bearing Failure,Warning
2023-09-18 16:00:00,Continuous_Caster_01,Continuous Caster,12372.5,425.0,Seal Replacement,3.778,108.4,620.8,186.9,78.0,99.5,79.5,318.2,3.009,0.886,391.2,120662,0,0.3158,22012.1,Normal,Normal
2023-09-18 16:00:00,Pickling_Line_02,Pickling Line,33226.1,1206.0,Lubrication,8.341,71.6,345.6,162.7,29.7,69.0,83.0,180.5,2.969,0.83,195.0,482673,4,0.9021,0.0,Lubrication Failure,Immediate Action
2023-09-18 16:00:00,Blast_Furnace_Blower_01,Blast Furnace Blower,28919.0,554.0,Seal Replacement,7.521,93.9,544.2,166.3,42.9,79.4,84.6,297.5,0.816,0.828,212.5,529858,4,0.8245,1147.5,Lubrication Failure,Immediate Action
2023-09-18 17:00:00,Hydraulic_Press_02,Hydraulic Press,31715.1,1773.0,Lubrication,9.971,78.1,267.1,159.6,28.6,77.3,88.2,132.0,2.703,0.779,206.5,619721,3,0.9227,0.0,Electrical Fault,Immediate Action
2023-09-18 21:00:00,Electric_Arc_Furnace_02,Electric Arc Furnace,34360.8,577.0,Alignment Check,9.264,128.0,1483.8,165.2,30.0,70.9,84.9,763.9,4.282,0.809,175.6,489421,7,0.9405,0.0,Electrical Fault,Immediate Action
2023-09-18 21:00:00,Rolling_Mill_03,Rolling Mill,12317.5,1385.0,Alignment Check,3.851,88.0,921.6,181.1,81.5,103.3,78.1,457.7,0.396,0.895,425.2,146690,0,0.3247,29280.2,Normal,Normal
2023-09-18 23:00:00,Pickling_Line_03,Pickling Line,9193.4,368.0,Full Overhaul,4.257,55.0,289.2,179.8,87.5,105.2,77.0,156.0,1.159,0.932,411.7,108264,3,0.2688,19049.9,Normal,Normal
2023-09-19 01:00:00,Continuous_Caster_02,Continuous Caster,19187.4,860.0,Lubrication,5.475,102.9,673.0,178.5,62.3,87.2,82.9,338.4,2.264,0.9,330.6,163175,2,0.5012,16553.4,Normal,Normal
2023-09-19 01:00:00,Hot_Strip_Mill_01,Hot Strip Mill,6631.6,284.0,Full Overhaul,1.774,88.0,899.7,198.3,86.5,116.0,75.5,454.5,1.511,0.944,464.0,76006,0,0.1087,31480.7,Normal,Normal
2023-09-19 05:00:00,Pickling_Line_02,Pickling Line,33109.5,359.0,Bearing Replacement,8.318,72.6,329.7,165.0,16.6,70.6,87.1,178.3,5.626,0.801,182.9,543215,3,0.9138,0.0,Lubrication Failure,Immediate Action
2023-09-19 05:00:00,Annealing_Furnace_02,Annealing Furnace,1238.6,589.0,Electrical Inspection,1.297,122.7,380.6,199.3,91.3,113.2,74.0,184.3,1.172,0.948,472.5,16268,2,0.0873,30366.9,Normal,Normal
2023-09-19 09:00:00,Cold_Rolling_Mill_02,Cold Rolling Mill,32408.3,1912.0,Full Overhaul,7.791,75.9,866.7,164.1,35.4,76.1,83.5,488.2,3.312,0.828,201.3,367795,5,0.856,5309.7,Thermal Degradation,Critical
2023-09-19 09:00:00,Continuous_Caster_01,Continuous Caster,5776.6,32.0,Lubrication,1.591,98.4,655.3,197.6,87.0,123.8,74.3,316.7,0.107,0.949,467.0,91801,1,0.1096,28122.6,Normal,Normal
2023-09-19 12:00:00,Pickling_Line_03,Pickling Line,14330.1,695.0,Bearing Replacement,4.434,57.4,310.0,183.1,64.1,94.2,82.2,168.4,0.999,0.885,358.9,217937,3,0.4044,14022.2,Normal,Normal
2023-09-19 16:00:00,Hydraulic_Press_03,Hydraulic Press,29103.2,1259.0,Full Overhaul,8.44,79.2,265.0,163.2,28.9,65.2,85.8,138.3,1.861,0.831,205.7,388809,3,0.9104,0.0,Lubrication Failure,Immediate Action
2023-09-19 18:00:00,Pickling_Line_03,Pickling Line,23168.9,1757.0,Lubrication,6.204,69.5,323.4,161.2,37.9,90.8,81.1,173.9,0.777,0.847,289.9,188052,1,0.655,4146.7,Electrical Fault,Critical
2023-09-19 20:00:00,Rolling_Mill_02,Rolling Mill,13878.1,1993.0,Electrical Inspection,4.153,89.4,935.9,180.7,71.1,96.2,81.0,512.0,1.941,0.885,354.8,209057,3,0.4257,27228.3,Normal,Normal
2023-09-19 23:00:00,Hydraulic_Press_03,Hydraulic Press,26071.6,1217.0,Alignment Check,6.684,71.3,241.4,161.1,44.7,80.5,82.2,130.5,2.033,0.856,285.6,243045,10,0.7257,0.0,Bearing Failure,Immediate Action
2023-09-20 01:00:00,Hot_Strip_Mill_03,Hot Strip Mill,31407.0,1836.0,Lubrication,8.359,114.5,1120.4,174.3,25.3,71.2,83.8,551.3,0.56,0.786,189.4,256139,3,0.9066,5117.6,Mechanical Wear,Critical
2023-09-20 08:00:00,Cold_Rolling_Mill_01,Cold Rolling Mill,32422.9,1897.0,Electrical Inspection,8.318,79.7,938.6,167.7,26.5,79.1,88.8,487.3,1.166,0.804,194.7,298129,3,0.916,4776.3,Mechanical Wear,Critical
2023-09-20 09:00:00,Hydraulic_Press_01,Hydraulic Press,13321.9,1074.0,Bearing Replacement,4.01,77.2,234.8,189.6,63.9,99.5,77.3,120.1,2.464,0.937,390.1,137329,3,0.4091,6321.7,Normal,Normal
2023-09-20 09:00:00,Hydraulic_Press_01,Hydraulic Press,6157.3,232.0,Electrical Inspection,1.665,64.5,216.3,192.7,100.0,109.9,73.7,108.0,0.022,0.901,467.5,85135,1,0.1193,14058.0,Normal,Normal
2023-09-20 09:00:00,Cold_Rolling_Mill_01,Cold Rolling Mill,31958.1,1004.0,Full Overhaul,8.503,72.8,928.6,162.9,22.1,74.4,85.3,467.1,0.55,0.833,184.9,544560,3,0.9168,5148.0,Lubrication Failure,Critical
2023-09-20 12:00:00,Hot_Strip_Mill_02,Hot Strip Mill,3330.2,968.0,Electrical Inspection,1.436,93.2,911.4,189.4,93.4,116.6,77.4,475.8,0.929,0.922,503.4,64362,0,0.1028,36037.9,Normal,Normal
2023-09-20 14:00:00,Electric_Arc_Furnace_02,Electric Arc Furnace,25286.9,1096.0,Lubrication,7.156,120.4,1460.1,164.5,39.3,81.4,79.1,728.7,2.077,0.82,241.7,288846,5,0.7423,0.0,Mechanical Wear,Immediate Action
2023-09-20 17:00:00,Cold_Rolling_Mill_01,Cold Rolling Mill,5003.4,705.0,Full Overhaul,1.306,65.6,733.5,195.7,94.2,117.5,74.3,378.1,1.818,0.93,494.5,73606,1,0.0757,32928.3,Normal,Normal
2023-09-20 20:00:00,Pickling_Line_01,Pickling Line,13689.6,1337.0,Electrical Inspection,3.651,63.3,299.0,182.5,73.2,103.3,75.0,167.2,4.106,0.864,407.9,273052,2,0.3673,15501.5,Normal,Normal
2023-09-20 21:00:00,Pickling_Line_03,Pickling Line,14463.3,930.0,Lubrication,4.572,64.6,309.2,184.5,67.3,86.4,80.8,166.1,0.315,0.868,369.6,217664,1,0.4433,14420.3,Normal,Normal
2023-09-20 22:00:00,Ladle_Crane_03,Ladle Crane,32301.6,604.0,Alignment Check,9.016,73.1,385.3,158.0,14.2,71.7,86.5,224.6,1.455,0.827,210.2,321523,5,1.0,17044.9,Lubrication Failure,Normal
2023-09-20 22:00:00,Electric_Arc_Furnace_01,Electric Arc Furnace,5640.7,1142.0,Bearing Replacement,2.098,114.3,1206.3,195.1,84.4,119.2,73.5,596.4,2.855,0.947,449.0,85041,2,0.1725,19630.5,Normal,Normal
2023-09-21 02:00:00,Hydraulic_Press_03,Hydraulic Press,193.1,881.0,Seal Replacement,1.387,67.6,208.6,204.1,96.3,111.5,71.5,106.2,0.858,0.93,502.9,2271,0,0.0,19157.0,Normal,Normal
2023-09-21 04:00:00,Annealing_Furnace_02,Annealing Furnace,31293.9,1427.0,Alignment Check,7.509,135.1,450.5,162.4,34.1,84.7,84.1,241.2,6.674,0.827,246.7,321808,5,0.7948,0.0,Electrical Fault,Immediate Action
2023-09-21 06:00:00,Continuous_Caster_03,Continuous Caster,30945.6,215.0,Alignment Check,8.012,112.8,726.3,159.3,28.1,85.2,83.0,390.0,7.967,0.828,224.0,591512,4,0.8608,4731.1,Bearing Failure,Critical
2023-09-21 08:00:00,Cold_Rolling_Mill_03,Cold Rolling Mill,11162.0,1602.0,Lubrication,2.667,60.2,785.1,195.1,79.9,112.0,76.9,415.1,0.033,0.937,453.9,151467,0,0.1858,25973.5,Normal,Normal
2023-09-21 10:00:00,Continuous_Caster_01,Continuous Caster,24679.5,846.0,Full Overhaul,7.62,107.7,721.9,173.1,43.0,82.1,81.9,377.8,3.493,0.867,254.2,303396,4,0.7402,10231.6,Bearing Failure,Warning
2023-09-21 12:00:00,Cold_Rolling_Mill_01,Cold Rolling Mill,8923.0,1950.0,Alignment Check,2.74,70.1,800.0,194.0,72.8,111.8,75.0,393.7,1.253,0.904,471.7,149899,1,0.2548,26579.1,Normal,Normal
2023-09-21 14:00:00,Hot_Strip_Mill_01,Hot Strip Mill,26581.2,1062.0,Alignment Check,7.623,105.8,1122.4,161.6,37.4,79.7,81.7,566.8,1.49,0.833,239.8,323309,2,0.7794,11498.5,Lubrication Failure,Normal
2023-09-21 15:00:00,Electric_Arc_Furnace_01,Electric Arc Furnace,19683.1,114.0,Bearing Replacement,6.051,124.9,1384.1,172.2,44.6,88.2,82.9,732.6,6.064,0.837,301.5,362491,2,0.5903,4836.6,Electrical Fault,Warning
2023-09-21 16:00:00,Continuous_Caster_01,Continuous Caster,10577.9,1022.0,Bearing Replacement,3.528,98.5,681.0,187.3,77.1,101.8,77.0,346.9,1.696,0.887,390.5,170389,7,0.3542,24444.8,Normal,Normal
2023-09-21 18:00:00,Hydraulic_Press_03,Hydraulic Press,14068.2,1058.0,Bearing Replacement,3.189,73.8,230.9,190.7,75.1,108.0,79.2,109.3,0.344,0.901,436.9,119967,2,0.2724,5513.1,Normal,Warning
2023-09-21 19:00:00,Pickling_Line_02,Pickling Line,24177.1,1333.0,Electrical Inspection,5.523,66.0,330.8,185.9,49.3,91.5,74.7,169.3,1.745,0.848,297.5,355844,6,0.5887,4337.0,Bearing Failure,Warning
2023-09-21 19:00:00,Hot_Strip_Mill_02,Hot Strip Mill,31722.8,329.0,Bearing Replacement,8.154,108.3,1053.6,160.1,26.0,78.0,86.7,584.1,0.486,0.83,205.2,566853,4,0.8686,7695.2,Electrical Fault,Warning
2023-09-22 00:00:00,Pickling_Line_02,Pickling Line,4662.4,953.0,Alignment Check,1.835,57.6,289.9,206.0,99.1,105.9,71.4,140.7,1.936,0.974,475.4,89941,1,0.118,23764.8,Normal,Normal
2023-09-22 01:00:00,Rolling_Mill_01,Rolling Mill,20040.6,774.0,Bearing Replacement,5.589,97.4,983.4,179.3,60.0,87.9,79.3,510.9,2.532,0.84,333.1,233131,3,0.5826,19862.8,Lubrication Failure,Normal
2023-09-22 04:00:00,Hot_Strip_Mill_03,Hot Strip Mill,8955.1,1835.0,Seal Replacement,3.366,94.8,951.1,195.3,79.3,111.9,75.9,481.8,1.111,0.907,418.5,102992,1,0.2621,30172.5,Normal,Normal
2023-09-22 07:00:00,Cold_Rolling_Mill_02,Cold Rolling Mill,28067.9,592.0,Electrical Inspection,7.875,81.4,905.6,170.6,32.6,76.1,85.5,457.4,2.999,0.826,232.2,408321,4,0.8107,7952.5,Electrical Fault,Warning
2023-09-22 13:00:00,Hot_Strip_Mill_02,Hot Strip Mill,2551.3,36.0,Lubrication,1.281,84.0,872.6,196.3,100.0,111.9,77.7,434.5,1.554,0.98,502.6,20918,0,0.0,36540.1,Normal,Normal
2023-09-22 17:00:00,Annealing_Furnace_03,Annealing Furnace,24144.6,995.0,Lubrication,6.139,135.1,458.1,171.2,50.5,97.5,80.3,225.2,2.462,0.846,274.4,278648,1,0.6501,7244.7,Electrical Fault,Warning
2023-09-22 17:00:00,Hydraulic_Press_01,Hydraulic Press,6205.6,1926.0,Full Overhaul,1.877,65.6,218.5,193.6,85.8,121.6,73.1,113.4,2.997,0.928,448.4,106719,1,0.1612,13490.3,Normal,Normal
2023-09-22 18:00:00,Annealing_Furnace_03,Annealing Furnace,20913.9,1285.0,Bearing Replacement,6.016,128.0,440.7,168.8,50.0,97.2,79.6,205.6,0.371,0.862,316.6,383935,2,0.59,10136.9,Lubrication Failure,Normal
2023-09-22 22:00:00,Electric_Arc_Furnace_03,Electric Arc Furnace,29265.7,1202.0,Full Overhaul,7.47,134.8,1414.8,159.4,39.2,79.2,83.4,717.6,7.037,0.848,220.9,372085,5,0.8111,0.0,Electrical Fault,Immediate Action
2023-09-22 22:00:00,Ladle_Crane_02,Ladle Crane,26452.3,1665.0,Lubrication,7.221,56.6,396.6,166.2,37.4,84.2,85.6,193.8,7.662,0.856,273.0,502461,8,0.7685,25019.8,Mechanical Wear,Normal
2023-09-23 00:00:00,Annealing_Furnace_01,Annealing Furnace,26377.7,310.0,Bearing Replacement,6.931,126.7,455.6,175.6,37.6,80.9,82.6,238.8,3.999,0.836,302.0,300575,3,0.6966,4785.4,Lubrication Failure,Critical
2023-09-23 01:00:00,Hydraulic_Press_01,Hydraulic Press,18172.8,707.0,Bearing Replacement,4.781,78.7,242.6,176.9,61.3,93.1,82.7,120.3,2.88,0.865,332.9,153828,2,0.4951,444.5,Normal,Immediate Action
2023-09-23 01:00:00,Pickling_Line_01,Pickling Line,31187.0,417.0,Lubrication,8.4,71.4,361.2,163.0,27.9,69.9,88.5,185.6,12.26,0.825,181.6,311400,4,0.9162,0.0,Lubrication Failure,Immediate Action
2023-09-23 02:00:00,Electric_Arc_Furnace_01,Electric Arc Furnace,20624.9,768.0,Bearing Replacement,5.769,127.1,1372.2,175.3,52.3,93.6,82.4,698.0,7.212,0.887,300.8,379556,1,0.5995,3494.8,Lubrication Failure,Critical
2023-09-23 03:00:00,Rolling_Mill_01,Rolling Mill,32121.4,112.0,Electrical Inspection,8.237,94.0,1056.3,169.1,30.6,91.6,84.8,513.5,4.724,0.783,216.9,630160,2,0.8991,7273.3,Bearing Failure,Warning
2023-09-23 04:00:00,Continuous_Caster_03,Continuous Caster,17758.2,296.0,Bearing Replacement,4.613,108.4,662.5,184.9,61.3,101.0,79.1,336.7,4.203,0.877,332.8,297593,3,0.4836,16308.4,Normal,Normal
2023-09-23 04:00:00,Hot_Strip_Mill_02,Hot Strip Mill,19173.6,821.0,Bearing Replacement,5.193,108.0,1033.4,180.9,56.0,92.6,76.3,496.0,3.351,0.863,316.7,293115,1,0.5303,21228.2,Normal,Normal
2023-09-23 05:00:00,Continuous_Caster_01,Continuous Caster,7860.1,1241.0,Full Overhaul,2.338,98.3,638.1,197.5,83.3,115.6,73.6,299.2,0.812,0.88,432.9,141606,1,0.2078,27805.1,Normal,Normal
2023-09-23 08:00:00,Cold_Rolling_Mill_02,Cold Rolling Mill,19113.1,961.0,Seal Replacement,5.464,63.5,829.8,174.2,51.6,95.7,79.7,435.1,0.168,0.861,341.3,196669,1,0.5209,16800.3,Normal,Normal
2023-09-23 10:00:00,Hot_Strip_Mill_01,Hot Strip Mill,5006.4,1335.0,Lubrication,1.721,87.2,927.4,184.6,93.5,117.2,73.2,501.2,1.798,0.933,465.7,73082,0,0.1248,33418.2,Normal,Normal
2023-09-23 11:00:00,Electric_Arc_Furnace_03,Electric Arc Furnace,30452.2,883.0,Lubrication,8.325,124.9,1407.3,162.6,32.0,77.3,84.5,727.3,2.226,0.798,217.0,586444,1,0.8848,0.0,Bearing Failure,Immediate Action
2023-09-23 12:00:00,Annealing_Furnace_03,Annealing Furnace,23688.6,1252.0,Alignment Check,6.449,136.7,436.6,178.0,49.7,90.5,82.3,235.4,7.018,0.818,268.7,290674,4,0.6906,9426.3,Lubrication Failure,Warning
2023-09-23 16:00:00,Electric_Arc_Furnace_03,Electric Arc Furnace,34777.9,200.0,Lubrication,8.703,125.1,1412.5,166.3,20.7,66.1,82.4,802.1,4.109,0.817,176.8,691610,4,0.928,0.0,Thermal Degradation,Immediate Action
2023-09-23 18:00:00,Continuous_Caster_03,Continuous Caster,3314.2,330.0,Full Overhaul,5.232,90.5,654.9,190.7,83.1,112.2,73.8,311.8,3.021,0.929,550.0,54575,1,0.1843,32163.2,Normal,Normal
2023-09-23 19:00:00,Electric_Arc_Furnace_03,Electric Arc Furnace,8499.5,1935.0,Alignment Check,2.605,115.2,1288.6,201.0,88.3,109.4,77.8,632.3,0.879,0.903,447.4,136543,4,0.2157,16574.7,Normal,Normal
2023-09-23 20:00:00,Hydraulic_Press_01,Hydraulic Press,13894.4,1118.0,Seal Replacement,3.454,80.7,223.3,183.3,81.5,99.4,77.1,110.1,0.636,0.85,393.4,112872,2,0.3434,6441.7,Normal,Normal
2023-09-23 20:00:00,Electric_Arc_Furnace_02,Electric Arc Furnace,30712.8,1680.0,Bearing Replacement,8.455,132.0,1453.4,167.8,25.0,74.5,87.5,731.7,13.726,0.825,204.6,256526,5,0.901,0.0,Electrical Fault,Immediate Action
2023-09-23 21:00:00,Ladle_Crane_02,Ladle Crane,16374.0,1997.0,Full Overhaul,5.253,51.7,374.3,184.2,48.9,100.2,76.8,187.2,5.185,0.879,312.4,162071,0,0.541,34182.4,Normal,Normal
2023-09-23 22:00:00,Blast_Furnace_Blower_01,Blast Furnace Blower,30136.8,72.0,Seal Replacement,8.639,89.1,573.9,156.6,26.1,76.7,84.7,305.6,4.928,0.844,273.5,578529,7,0.888,450.6,Lubrication Failure,Immediate Action
2023-09-23 22:00:00,Blast_Furnace_Blower_03,Blast Furnace Blower,18311.6,1956.0,Electrical Inspection,5.649,73.9,521.6,180.0,54.3,98.7,79.0,256.5,0.795,0.894,322.7,320600,4,0.5423,10104.4,Normal,Normal
2023-09-23 22:00:00,Annealing_Furnace_02,Annealing Furnace,6852.3,120.0,Alignment Check,2.31,117.5,412.9,189.9,88.9,111.9,75.2,205.4,2.621,0.923,435.5,97278,0,0.1868,25327.9,Normal,Normal
2023-09-24 07:00:00,Hot_Strip_Mill_01,Hot Strip Mill,31231.9,1285.0,Alignment Check,8.004,101.7,1079.8,167.6,44.3,85.7,84.3,541.5,4.319,0.852,228.3,434040,0,0.8003,6695.2,Mechanical Wear,Warning
2023-09-24 10:00:00,Continuous_Caster_02,Continuous Caster,1184.1,1167.0,Electrical Inspection,1.541,93.8,580.1,198.3,92.2,117.4,74.7,302.9,2.265,0.929,459.7,11292,0,0.117,35043.0,Normal,Normal
2023-09-24 12:00:00,Annealing_Furnace_01,Annealing Furnace,31349.3,1751.0,Full Overhaul,8.798,136.6,467.9,167.1,11.8,72.4,83.3,235.6,0.736,0.828,185.7,396293,1,0.9384,0.0,Bearing Failure,Immediate Action
2023-09-24 12:00:00,Cold_Rolling_Mill_02,Cold Rolling Mill,1863.2,1168.0,Full Overhaul,0.902,63.1,759.9,199.1,96.6,124.7,68.8,368.2,0.309,0.924,515.1,18256,0,0.0372,34354.0,Normal,Normal
2023-09-24 16:00:00,Hydraulic_Press_02,Hydraulic Press,23338.1,442.0,Seal Replacement,6.682,80.9,253.0,171.3,45.4,88.6,81.5,127.2,2.397,0.846,321.3,262998,2,0.6907,0.0,Bearing Failure,Immediate Action
2023-09-24 17:00:00,Ladle_Crane_01,Ladle Crane,2601.6,431.0,Full Overhaul,0.602,43.1,317.0,191.1,100.0,119.1,70.0,149.6,0.02,0.98,534.0,21012,0,0.0088,47359.8,Normal,Normal
2023-09-24 17:00:00,Hot_Strip_Mill_03,Hot Strip Mill,24746.8,1468.0,Bearing Replacement,6.562,102.3,1006.5,167.7,50.7,80.9,81.6,530.2,3.367,0.866,292.2,311433,3,0.6117,11736.7,Lubrication Failure,Normal
2023-09-24 20:00:00,Rolling_Mill_03,Rolling Mill,1285.6,1669.0,Full Overhaul,1.282,80.3,812.5,185.6,100.0,121.4,72.7,393.8,0.684,0.96,495.4,20629,0,0.0376,41323.1,Normal,Normal
2023-09-25 01:00:00,Electric_Arc_Furnace_01,Electric Arc Furnace,29501.8,972.0,Full Overhaul,7.393,123.8,1464.7,168.7,31.3,90.0,81.5,733.0,4.453,0.839,233.6,479320,2,0.803,0.0,Bearing Failure,Immediate Action
2023-09-25 02:00:00,Ladle_Crane_02,Ladle Crane,16361.4,1613.0,Alignment Check,4.573,48.7,352.6,186.9,59.4,102.0,79.2,173.3,1.12,0.879,367.9,212659,2,0.4433,32078.9,Normal,Normal
2023-09-25 02:00:00,Hot_Strip_Mill_02,Hot Strip Mill,3361.5,313.0,Bearing Replacement,1.721,88.9,891.1,184.3,89.5,116.9,74.8,488.0,2.135,0.961,494.0,56317,1,0.0934,33498.0,Normal,Normal
2023-09-25 03:00:00,Hydraulic_Press_03,Hydraulic Press,17176.2,956.0,Lubrication,4.667,75.3,240.6,187.5,60.2,87.4,77.0,119.5,3.849,0.862,334.7,323481,3,0.4867,3602.4,Normal,Warning
2023-09-25 03:00:00,Hydraulic_Press_03,Hydraulic Press,24768.0,1064.0,Lubrication,6.081,85.4,248.0,179.3,61.1,83.9,84.9,126.2,9.933,0.835,311.0,324248,3,0.6483,0.0,Lubrication Failure,Immediate Action
2023-09-25 05:00:00,Pickling_Line_01,Pickling Line,6764.1,1659.0,Electrical Inspection,1.804,55.4,288.0,195.4,94.7,117.9,73.7,138.1,0.232,0.937,454.1,79792,2,0.1381,22714.6,Normal,Normal
2023-09-25 06:00:00,Electric_Arc_Furnace_01,Electric Arc Furnace,647.0,1838.0,Full Overhaul,1.131,113.3,1256.9,204.9,100.0,118.4,71.8,611.5,1.407,0.976,479.7,9853,1,0.0691,24364.5,Normal,Normal
2023-09-25 08:00:00,Continuous_Caster_03,Continuous Caster,14688.1,227.0,Electrical Inspection,4.275,101.7,673.9,183.2,58.2,93.6,82.0,333.9,0.084,0.853,412.3,135505,1,0.4146,19275.6,Normal,Normal
2023-09-25 08:00:00,Hot_Strip_Mill_02,Hot Strip Mill,3088.5,1165.0,Full Overhaul,1.64,99.0,922.0,189.1,90.5,112.7,70.2,469.7,0.936,0.909,462.7,43243,1,0.1146,34261.8,Normal,Normal
2023-09-25 11:00:00,Annealing_Furnace_03,Annealing Furnace,3386.5,832.0,Bearing Replacement,0.755,121.6,378.3,198.0,100.0,118.1,73.6,188.7,1.273,0.952,504.8,42474,0,0.0081,28645.7,Normal,Normal
2023-09-25 12:00:00,Electric_Arc_Furnace_01,Electric Arc Furnace,9429.8,954.0,Seal Replacement,3.276,111.3,1277.6,196.1,90.4,107.6,75.7,635.0,3.221,0.914,399.7,104521,0,0.2989,15554.3,Normal,Normal
2023-09-25 18:00:00,Cold_Rolling_Mill_01,Cold Rolling Mill,22103.0,1668.0,Full Overhaul,7.71,79.4,882.4,168.7,48.9,85.0,80.6,454.1,1.635,0.852,255.1,260945,4,0.7064,15310.0,Electrical Fault,Normal
2023-09-25 21:00:00,Cold_Rolling_Mill_03,Cold Rolling Mill,18593.9,1342.0,Electrical Inspection,5.538,73.2,884.4,180.6,55.3,98.7,79.7,413.3,2.161,0.875,327.0,219806,4,0.5371,15983.1,Normal,Normal
2023-09-25 22:00:00,Cold_Rolling_Mill_01,Cold Rolling Mill,2507.7,1016.0,Electrical Inspection,1.629,63.8,795.0,198.8,99.5,124.6,73.9,344.3,0.841,0.924,475.3,34630,0,0.0978,32287.6,Normal,Normal
2023-09-26 00:00:00,Ladle_Crane_01,Ladle Crane,33898.3,1124.0,Full Overhaul,8.767,67.4,401.5,167.6,21.3,74.4,82.6,199.9,7.349,0.802,191.1,614227,6,0.9566,15637.0,Bearing Failure,Normal
2023-09-26 05:00:00,Rolling_Mill_03,Rolling Mill,31062.2,1709.0,Electrical Inspection,8.211,106.0,1089.0,154.4,21.8,64.2,85.1,516.2,0.267,0.816,192.8,430076,2,0.9063,9380.9,Lubrication Failure,Warning
2023-09-26 15:00:00,Electric_Arc_Furnace_02,Electric Arc Furnace,9147.0,1674.0,Electrical Inspection,3.439,118.9,1343.5,193.3,76.2,106.9,76.5,689.2,1.716,0.933,396.7,96040,2,0.3414,15521.0,Normal,Normal
2023-09-26 15:00:00,Annealing_Furnace_02,Annealing Furnace,4369.6,684.0,Bearing Replacement,2.91,124.1,400.8,185.8,73.8,111.8,72.4,213.2,1.225,0.941,451.4,38581,0,0.2372,27127.3,Normal,Normal
2023-09-26 16:00:00,Cold_Rolling_Mill_01,Cold Rolling Mill,32989.9,227.0,Electrical Inspection,8.785,82.8,942.6,169.2,20.3,76.3,88.0,493.5,8.564,0.845,179.5,402304,4,0.9584,4277.8,Electrical Fault,Critical
2023-09-26 17:00:00,Continuous_Caster_02,Continuous Caster,16193.8,313.0,Lubrication,4.122,102.5,686.3,181.7,74.5,106.9,76.2,335.5,1.597,0.891,367.4,160114,0,0.4117,19301.7,Normal,Normal
2023-09-26 17:00:00,Hydraulic_Press_02,Hydraulic Press,10959.7,645.0,Lubrication,4.086,77.2,228.6,184.4,76.0,108.8,79.7,111.6,1.762,0.882,382.3,197593,4,0.3443,8449.4,Normal,Normal
2023-09-26 18:00:00,Continuous_Caster_02,Continuous Caster,17213.5,1931.0,Seal Replacement,4.353,105.6,660.8,186.7,61.3,100.4,77.3,338.2,2.646,0.868,365.9,343232,1,0.4299,17251.3,Normal,Normal
2023-09-26 20:00:00,Cold_Rolling_Mill_02,Cold Rolling Mill,27068.8,1864.0,Lubrication,7.498,75.6,930.2,176.8,41.3,73.1,78.8,443.9,3.913,0.843,242.3,492187,3,0.7422,9489.4,Electrical Fault,Warning
2023-09-26 21:00:00,Hot_Strip_Mill_02,Hot Strip Mill,5976.6,1803.0,Lubrication,2.388,95.4,947.5,191.8,87.9,115.9,77.2,455.3,1.628,0.939,451.4,75402,0,0.1453,30585.8,Normal,Normal
2023-09-27 01:00:00,Cold_Rolling_Mill_03,Cold Rolling Mill,26885.6,1127.0,Bearing Replacement,7.922,78.0,936.7,163.8,34.9,81.1,82.6,460.8,11.562,0.852,207.4,241233,5,0.8702,9666.0,Electrical Fault,Warning
2023-09-27 02:00:00,Ladle_Crane_01,Ladle Crane,26255.7,996.0,Full Overhaul,8.356,66.5,378.9,164.1,36.2,87.7,83.1,204.7,11.14,0.807,227.1,433557,3,0.8216,23228.6,Mechanical Wear,Normal
2023-09-27 04:00:00,Continuous_Caster_02,Continuous Caster,18923.3,498.0,Bearing Replacement,5.639,110.8,706.6,173.1,52.6,96.8,79.6,350.4,1.967,0.843,316.8,303096,1,0.6017,16457.7,Electrical Fault,Normal
2023-09-27 04:00:00,Continuous_Caster_01,Continuous Caster,30317.9,1357.0,Electrical Inspection,9.205,113.4,732.7,166.2,27.2,81.4,84.5,350.3,6.963,0.835,194.7,267001,4,0.9073,4808.0,Thermal Degradation,Critical
2023-09-27 05:00:00,Continuous_Caster_03,Continuous Caster,4711.8,1762.0,Lubrication,1.439,83.7,612.7,196.0,87.4,112.0,73.7,297.6,1.55,0.916,488.2,82293,1,0.0892,29115.0,Normal,Normal
2023-09-27 08:00:00,Annealing_Furnace_02,Annealing Furnace,20882.2,1681.0,Electrical Inspection,6.101,135.6,426.8,182.0,58.2,90.5,83.4,223.6,4.38,0.86,337.5,373674,4,0.6084,10506.6,Electrical Fault,Normal
2023-09-27 12:00:00,Continuous_Caster_01,Continuous Caster,15782.1,1521.0,Alignment Check,5.481,107.5,677.4,174.8,58.7,83.1,76.1,350.3,4.603,0.901,366.3,262194,4,0.5428,20737.7,Normal,Normal
2023-09-27 12:00:00,Hydraulic_Press_03,Hydraulic Press,14838.0,488.0,Alignment Check,4.513,83.6,224.5,185.9,62.7,93.1,78.3,112.6,1.842,0.901,349.9,248270,2,0.4463,6584.8,Normal,Normal
2023-09-27 13:00:00,Blast_Furnace_Blower_01,Blast Furnace Blower,8914.4,1152.0,Alignment Check,3.393,75.9,499.7,191.3,74.2,106.2,78.7,251.3,2.7,0.907,405.0,145101,0,0.3062,19513.1,Normal,Normal
2023-09-27 14:00:00,Blast_Furnace_Blower_01,Blast Furnace Blower,13092.6,450.0,Full Overhaul,3.894,80.0,475.7,186.8,76.0,103.7,76.5,253.8,3.568,0.916,412.4,173264,0,0.2936,17846.3,Normal,Normal
2023-09-27 18:00:00,Hot_Strip_Mill_03,Hot Strip Mill,3874.5,1608.0,Full Overhaul,2.534,86.8,942.3,192.9,84.1,111.7,74.8,477.1,2.74,0.889,460.5,59649,0,0.1468,34462.5,Normal,Normal
2023-09-27 19:00:00,Rolling_Mill_01,Rolling Mill,9591.6,1876.0,Seal Replacement,3.057,96.5,918.4,186.0,83.9,93.5,72.9,467.5,0.688,0.875,414.8,138627,0,0.263,29738.2,Normal,Normal
2023-09-27 19:00:00,Rolling_Mill_03,Rolling Mill,8880.8,1845.0,Seal Replacement,2.527,86.1,863.2,194.4,81.1,117.5,77.1,451.3,0.579,0.952,495.8,136778,0,0.201,33617.9,Normal,Normal
2023-09-27 20:00:00,Pickling_Line_03,Pickling Line,25251.3,1840.0,Bearing Replacement,7.322,64.2,314.2,166.5,28.8,85.1,84.2,175.4,1.717,0.821,237.2,385004,7,0.7926,3503.2,Thermal Degradation,Critical
2023-09-27 21:00:00,Annealing_Furnace_01,Annealing Furnace,1794.4,570.0,Lubrication,1.612,115.8,376.2,190.7,100.0,125.0,74.7,186.5,0.16,0.926,478.7,22956,0,0.0686,29915.1,Normal,Normal
2023-09-27 23:00:00,Continuous_Caster_01,Continuous Caster,22826.6,420.0,Alignment Check,6.69,111.2,728.3,167.7,44.6,87.2,83.3,374.0,0.557,0.847,277.3,368410,3,0.6929,13518.9,Thermal Degradation,Normal
2023-09-28 01:00:00,Continuous_Caster_03,Continuous Caster,7827.2,165.0,Electrical Inspection,2.847,100.1,620.3,186.3,78.9,110.5,74.0,332.4,2.345,0.906,432.9,83939,0,0.2144,29599.6,Normal,Normal
2023-09-28 01:00:00,Blast_Furnace_Blower_03,Blast Furnace Blower,2957.0,1498.0,Seal Replacement,0.822,73.7,447.2,195.3,98.3,124.9,68.4,209.2,0.587,0.934,532.8,53933,0,0.0,27234.8,Normal,Normal
2023-09-28 03:00:00,Pickling_Line_01,Pickling Line,10598.1,1924.0,Full Overhaul,2.783,49.9,279.7,181.0,81.6,108.8,76.4,142.4,3.244,0.895,413.2,193004,0,0.256,16445.1,Normal,Normal
2023-09-28 07:00:00,Electric_Arc_Furnace_02,Electric Arc Furnace,7934.1,238.0,Full Overhaul,2.779,120.3,1326.9,181.3,76.7,104.7,74.8,652.4,0.092,0.972,451.1,110873,2,0.2607,18126.3,Normal,Normal
2023-09-28 15:00:00,Hydraulic_Press_01,Hydraulic Press,19365.9,955.0,Seal Replacement,5.369,75.5,238.3,181.5,57.7,98.7,81.7,124.2,2.731,0.86,311.7,270331,2,0.57,973.4,Lubrication Failure,Immediate Action
2023-09-28 16:00:00,Hydraulic_Press_01,Hydraulic Press,33813.2,1459.0,Lubrication,8.866,85.7,256.7,167.3,18.2,69.0,89.3,139.5,3.416,0.82,188.5,289065,4,0.9724,0.0,Electrical Fault,Immediate Action
2023-09-28 16:00:00,Ladle_Crane_03,Ladle Crane,12572.4,546.0,Full Overhaul,4.524,49.8,368.1,181.6,59.3,90.8,77.0,187.0,1.012,0.887,355.6,160783,4,0.4423,37994.6,Normal,Normal
2023-09-28 19:00:00,Cold_Rolling_Mill_02,Cold Rolling Mill,15585.7,702.0,Bearing Replacement,4.292,67.8,865.0,179.9,61.4,97.1,76.1,424.0,3.713,0.859,383.6,258314,5,0.444,19640.9,Normal,Normal
2023-09-28 19:00:00,Annealing_Furnace_01,Annealing Furnace,33727.9,1729.0,Lubrication,8.61,143.4,450.4,168.5,27.7,71.9,87.9,246.3,3.823,0.814,185.5,327807,4,0.919,0.0,Electrical Fault,Immediate Action
2023-09-28 20:00:00,Pickling_Line_03,Pickling Line,27848.6,1368.0,Lubrication,7.829,69.3,342.5,161.5,42.2,76.1,88.0,170.2,9.477,0.841,210.5,270489,4,0.8456,650.6,Thermal Degradation,Immediate Action
2023-09-28 22:00:00,Annealing_Furnace_01,Annealing Furnace,563.1,797.0,Seal Replacement,0.591,120.1,381.2,200.8,100.0,111.7,69.3,196.8,0.927,0.948,526.3,7288,0,0.0,30728.0,Normal,Normal
2023-09-28 22:00:00,Continuous_Caster_01,Continuous Caster,19218.6,1897.0,Seal Replacement,5.453,107.9,674.1,175.1,57.2,96.1,81.7,359.2,0.147,0.852,302.9,235441,4,0.5664,15449.6,Bearing Failure,Normal
2023-09-29 03:00:00,Cold_Rolling_Mill_03,Cold Rolling Mill,26041.1,4.0,Lubrication,6.305,75.5,904.6,175.9,46.1,90.1,81.7,465.3,1.652,0.826,285.8,276929,2,0.681,11335.6,Bearing Failure,Normal
2023-09-29 05:00:00,Hydraulic_Press_03,Hydraulic Press,7671.3,1537.0,Seal Replacement,2.819,68.6,210.3,181.0,80.1,106.6,75.1,106.7,0.644,0.914,426.5,110053,1,0.2273,12588.5,Normal,Normal
2023-09-29 07:00:00,Pickling_Line_03,Pickling Line,2234.9,86.0,Bearing Replacement,1.389,61.9,293.7,197.7,90.7,118.5,75.7,150.6,0.509,0.975,490.9,27616,0,0.1002,24774.9,Normal,Normal
2023-09-29 09:00:00,Ladle_Crane_03,Ladle Crane,5541.6,1450.0,Bearing Replacement,2.085,45.2,323.4,200.5,81.0,117.9,75.5,175.8,1.192,0.918,470.0,94840,1,0.1859,45070.5,Normal,Normal
2023-09-29 12:00:00,Ladle_Crane_01,Ladle Crane,15520.5,1900.0,Full Overhaul,5.716,54.5,365.2,177.6,60.2,93.9,77.2,178.4,3.15,0.843,325.1,243169,2,0.5105,36338.1,Normal,Normal
2023-09-29 15:00:00,Pickling_Line_01,Pickling Line,13392.9,238.0,Electrical Inspection,4.499,57.0,308.2,177.5,74.6,98.6,79.1,159.6,0.406,0.919,384.4,199630,3,0.4083,15339.4,Normal,Normal
2023-09-29 15:00:00,Hydraulic_Press_03,Hydraulic Press,17772.4,1770.0,Bearing Replacement,4.987,74.7,249.9,182.3,52.1,98.3,78.8,122.2,3.823,0.869,321.5,244662,1,0.5203,2330.6,Normal,Critical
2023-09-29 16:00:00,Hydraulic_Press_01,Hydraulic Press,15455.1,145.0,Lubrication,5.488,75.8,234.1,178.2,62.8,100.2,81.2,123.7,5.181,0.894,339.6,203607,4,0.469,4234.7,Normal,Warning
2023-09-29 17:00:00,Blast_Furnace_Blower_01,Blast Furnace Blower,16511.2,1838.0,Alignment Check,4.327,83.8,490.7,178.7,73.0,109.6,80.0,252.0,4.869,0.871,352.3,287305,1,0.4233,13722.7,Normal,Normal
2023-09-29 18:00:00,Rolling_Mill_03,Rolling Mill,26953.3,549.0,Seal Replacement,7.216,99.5,1008.3,177.1,43.4,85.9,83.0,517.7,0.907,0.807,234.0,526262,3,0.7637,11154.5,Lubrication Failure,Warning
2023-09-29 19:00:00,Pickling_Line_02,Pickling Line,3772.9,352.0,Seal Replacement,0.637,57.0,276.3,209.8,99.7,118.6,71.3,139.8,0.403,0.989,500.5,64902,0,0.0,24756.0,Normal,Normal
2023-09-29 19:00:00,Hydraulic_Press_01,Hydraulic Press,26936.4,467.0,Bearing Replacement,7.368,80.0,251.5,166.0,39.2,80.8,87.8,125.9,2.623,0.815,271.6,494025,2,0.7885,0.0,Mechanical Wear,Immediate Action
2023-09-29 19:00:00,Electric_Arc_Furnace_02,Electric Arc Furnace,24133.1,1072.0,Bearing Replacement,5.389,126.7,1355.3,184.4,53.7,89.7,82.1,699.8,1.387,0.839,346.9,420011,2,0.5519,0.0,Lubrication Failure,Immediate Action
2023-09-29 20:00:00,Pickling_Line_03,Pickling Line,25984.0,136.0,Bearing Replacement,7.221,72.6,333.5,171.5,36.7,81.0,83.4,176.0,2.104,0.833,241.5,334968,2,0.7849,3293.6,Thermal Degradation,Critical
2023-09-29 20:00:00,Ladle_Crane_01,Ladle Crane,25732.9,53.0,Seal Replacement,7.588,62.9,380.0,165.4,30.7,76.1,84.3,203.4,1.735,0.822,228.1,469623,5,0.8179,25123.8,Electrical Fault,Normal
2023-09-30 00:00:00,Hot_Strip_Mill_01,Hot Strip Mill,16523.7,1173.0,Electrical Inspection,5.233,97.2,1008.4,188.1,68.6,94.8,77.4,512.1,2.669,0.892,331.6,139714,2,0.497,20686.7,Normal,Normal
2023-09-30 03:00:00,Hot_Strip_Mill_01,Hot Strip Mill,7477.9,873.0,Seal Replacement,2.654,87.4,954.4,187.2,81.2,98.4,75.0,495.2,2.169,0.938,427.6,139287,2,0.2463,31270.1,Normal,Normal
2023-09-30 05:00:00,Pickling_Line_01,Pickling Line,18828.3,1798.0,Bearing Replacement,5.977,70.2,335.8,172.8,56.4,88.0,79.8,166.1,3.886,0.851,344.2,256821,9,0.5982,8344.7,Bearing Failure,Warning
2023-09-30 05:00:00,Ladle_Crane_01,Ladle Crane,33533.6,1117.0,Electrical Inspection,8.775,56.2,410.2,157.4,22.9,72.6,85.3,205.1,5.654,0.779,189.2,401059,3,0.9364,15197.2,Mechanical Wear,Normal
2023-09-30 05:00:00,Annealing_Furnace_01,Annealing Furnace,20639.5,1163.0,Bearing Replacement,4.989,129.4,433.7,183.4,65.8,101.4,82.1,234.8,2.09,0.875,317.0,295185,2,0.5261,10420.4,Normal,Normal
2023-09-30 06:00:00,Electric_Arc_Furnace_01,Electric Arc Furnace,485.5,1838.0,Electrical Inspection,0.588,113.7,1186.9,194.9,95.6,124.1,69.6,608.3,0.105,0.955,497.4,7892,0,0.0096,23758.4,Normal,Normal
2023-09-30 09:00:00,Continuous_Caster_03,Continuous Caster,2183.9,190.0,Alignment Check,0.837,92.0,609.9,198.3,97.5,118.9,72.0,300.6,0.957,0.99,532.5,33596,0,0.0243,33275.6,Normal,Normal
2023-09-30 11:00:00,Ladle_Crane_03,Ladle Crane,34750.9,917.0,Alignment Check,9.326,63.1,391.9,158.4,17.9,64.1,85.1,208.8,1.398,0.778,156.0,535762,3,0.9967,15390.9,Mechanical Wear,Normal
2023-09-30 11:00:00,Blast_Furnace_Blower_03,Blast Furnace Blower,2610.9,805.0,Bearing Replacement,1.363,71.2,452.3,193.9,94.4,115.3,73.8,231.0,1.566,0.965,469.5,24019,0,0.0873,28062.5,Normal,Normal
2023-09-30 15:00:00,Electric_Arc_Furnace_01,Electric Arc Furnace,1707.0,1562.0,Electrical Inspection,1.042,106.8,1209.5,197.9,94.6,117.1,75.1,599.5,0.546,0.979,518.5,28588,0,0.0249,21178.3,Normal,Normal
2023-09-30 18:00:00,Continuous_Caster_01,Continuous Caster,12420.5,840.0,Lubrication,3.542,98.2,635.9,185.1,77.4,100.7,78.2,337.3,1.687,0.874,422.5,205439,0,0.3192,22168.3,Normal,Normal
2023-09-30 19:00:00,Pickling_Line_03,Pickling Line,33929.2,968.0,Electrical Inspection,8.317,70.4,334.9,173.5,32.4,80.8,85.4,176.7,4.661,0.808,205.2,318563,1,0.8617,0.0,Lubrication Failure,Immediate Action
2023-09-30 20:00:00,Ladle_Crane_02,Ladle Crane,11221.8,943.0,Alignment Check,3.185,51.8,340.5,189.7,74.2,101.5,78.7,181.8,1.79,0.907,426.4,95643,1,0.3122,38857.2,Normal,Normal
2023-10-01 00:00:00,Cold_Rolling_Mill_02,Cold Rolling Mill,14405.0,1583.0,Bearing Replacement,4.071,68.7,874.5,184.9,63.5,99.3,79.6,416.9,3.122,0.883,396.2,285125,3,0.3897,21624.0,Normal,Normal
2023-10-01 01:00:00,Hot_Strip_Mill_03,Hot Strip Mill,22229.3,1345.0,Full Overhaul,5.762,108.1,1043.5,173.3,50.2,82.2,80.4,563.7,0.85,0.862,297.5,376895,5,0.6168,16030.7,Electrical Fault,Normal
2023-10-01 01:00:00,Annealing_Furnace_02,Annealing Furnace,941.5,854.0,Bearing Replacement,1.098,119.3,366.3,191.2,94.4,117.3,69.5,193.5,0.251,0.948,533.6,14376,1,0.0635,31143.8,Normal,Normal
2023-10-01 02:00:00,Ladle_Crane_02,Ladle Crane,31431.9,143.0,Full Overhaul,9.087,67.2,401.6,157.0,24.8,74.6,89.3,208.1,7.263,0.805,188.5,370739,6,0.9963,17879.9,Lubrication Failure,Normal
2023-10-01 06:00:00,Annealing_Furnace_01,Annealing Furnace,18228.6,1668.0,Seal Replacement,5.144,127.5,433.0,179.8,58.3,91.8,77.2,214.7,3.079,0.876,324.6,206126,1,0.503,13387.9,Normal,Normal
2023-10-01 07:00:00,Cold_Rolling_Mill_03,Cold Rolling Mill,16391.7,1986.0,Electrical Inspection,5.738,76.5,840.1,180.2,56.1,101.0,77.0,435.2,0.728,0.883,375.3,157761,5,0.4876,19551.3,Normal,Normal
2023-10-01 07:00:00,Continuous_Caster_01,Continuous Caster,30139.4,1487.0,Electrical Inspection,8.053,113.0,742.0,165.8,21.2,81.3,84.6,403.0,3.185,0.8,209.7,461208,3,0.8738,5390.5,Bearing Failure,Warning
2023-10-01 12:00:00,Hot_Strip_Mill_03,Hot Strip Mill,33362.4,866.0,Bearing Replacement,9.221,109.2,1109.6,167.3,25.7,68.3,85.8,586.0,7.335,0.815,162.6,497493,6,1.0,4734.6,Electrical Fault,Critical
2023-10-01 14:00:00,Rolling_Mill_01,Rolling Mill,14877.5,787.0,Seal Replacement,3.816,89.4,926.9,182.6,68.7,107.5,75.3,487.4,0.018,0.906,430.3,286036,3,0.3795,24180.2,Normal,Normal
2023-10-01 15:00:00,Annealing_Furnace_03,Annealing Furnace,6118.2,1195.0,Alignment Check,1.923,126.2,391.1,201.9,91.4,119.3,73.7,195.9,0.182,0.951,462.0,95038,0,0.1277,25077.2,Normal,Normal
2023-10-01 16:00:00,Blast_Furnace_Blower_01,Blast Furnace Blower,28568.3,427.0,Bearing Replacement,7.224,91.0,527.9,168.0,35.4,84.4,83.0,255.1,3.881,0.832,240.3,383314,2,0.775,1890.7,Bearing Failure,Critical
2023-10-01 19:00:00,Continuous_Caster_03,Continuous Caster,14173.8,313.0,Lubrication,3.176,101.6,626.6,189.3,73.7,116.1,77.3,345.9,0.55,0.872,402.0,266006,2,0.2916,21621.5,Normal,Normal
2023-10-01 19:00:00,Electric_Arc_Furnace_03,Electric Arc Furnace,32750.5,225.0,Lubrication,8.686,124.4,1482.8,162.2,24.8,78.3,86.0,780.5,4.29,0.828,214.4,503332,5,0.9334,0.0,Lubrication Failure,Immediate Action
2023-10-01 22:00:00,Hot_Strip_Mill_03,Hot Strip Mill,33251.5,1938.0,Alignment Check,8.476,104.8,1108.1,170.7,24.0,81.0,86.1,617.9,4.169,0.84,187.3,551011,7,0.8974,4188.9,Electrical Fault,Critical
2023-10-01 23:00:00,Pickling_Line_03,Pickling Line,4107.5,1320.0,Full Overhaul,1.623,50.6,265.6,190.6,87.8,113.4,73.6,146.2,0.003,0.909,454.8,63748,1,0.1299,22315.2,Normal,Normal
2023-10-02 00:00:00,Ladle_Crane_02,Ladle Crane,33483.7,1111.0,Alignment Check,7.858,59.7,382.0,170.5,36.6,73.9,85.2,199.0,6.603,0.795,210.3,335951,5,0.8371,17088.7,Thermal Degradation,Normal
2023-10-02 02:00:00,Cold_Rolling_Mill_02,Cold Rolling Mill,12952.6,1765.0,Electrical Inspection,3.791,65.4,812.5,194.0,74.1,98.3,76.7,416.1,4.151,0.884,391.5,122871,2,0.3672,22274.5,Normal,Normal
2023-10-02 03:00:00,Pickling_Line_03,Pickling Line,22654.2,658.0,Full Overhaul,5.936,62.3,325.9,174.1,46.7,88.2,81.3,170.6,0.116,0.805,280.4,351024,3,0.6345,5259.0,Bearing Failure,Warning
2023-10-02 05:00:00,Electric_Arc_Furnace_03,Electric Arc Furnace,1312.8,1020.0,Alignment Check,0.657,109.9,1232.6,185.1,98.0,123.9,70.5,597.6,0.684,0.949,547.1,24900,0,0.0103,23798.4,Normal,Normal
2023-10-02 06:00:00,Hot_Strip_Mill_01,Hot Strip Mill,31122.1,282.0,Alignment Check,9.128,107.4,1102.9,156.8,15.2,72.2,84.3,568.9,2.505,0.822,194.0,608868,5,0.9391,7509.1,Thermal Degradation,Warning
2023-10-02 06:00:00,Blast_Furnace_Blower_01,Blast Furnace Blower,22491.7,1213.0,Full Overhaul,6.237,84.1,525.6,173.7,43.5,94.5,81.1,259.0,0.844,0.851,312.1,448598,1,0.6024,8312.1,Thermal Degradation,Warning
2023-10-02 11:00:00,Cold_Rolling_Mill_03,Cold Rolling Mill,22560.1,1797.0,Electrical Inspection,6.118,69.8,842.7,175.6,44.6,78.0,85.6,449.8,3.576,0.842,341.0,408967,2,0.6598,14703.2,Electrical Fault,Normal
2023-10-02 11:00:00,Ladle_Crane_01,Ladle Crane,31585.9,1494.0,Lubrication,8.253,63.1,402.5,171.7,30.5,71.8,85.9,207.7,2.093,0.832,196.4,390612,5,0.8709,20393.0,Lubrication Failure,Normal
2023-10-02 13:00:00,Annealing_Furnace_02,Annealing Furnace,17841.3,1146.0,Full Overhaul,5.78,128.7,435.7,175.8,46.2,87.6,79.9,226.3,0.696,0.856,313.7,274082,4,0.5927,14258.6,Electrical Fault,Normal
2023-10-02 13:00:00,Ladle_Crane_03,Ladle Crane,14427.0,1041.0,Electrical Inspection,4.789,59.7,338.0,181.6,71.1,95.5,75.1,180.6,2.103,0.889,404.0,220858,1,0.4054,33040.0,Normal,Normal
2023-10-02 16:00:00,Pickling_Line_03,Pickling Line,30327.9,1204.0,Alignment Check,8.868,72.3,348.0,167.3,32.2,78.3,86.9,177.2,1.005,0.844,204.1,438257,3,0.9003,0.0,Electrical Fault,Immediate Action
2023-10-02 17:00:00,Electric_Arc_Furnace_02,Electric Arc Furnace,26010.5,1257.0,Lubrication,7.336,129.1,1422.5,168.2,33.9,80.7,85.9,714.8,2.255,0.834,241.6,439701,1,0.7736,45.6,Electrical Fault,Immediate Action
2023-10-02 20:00:00,Annealing_Furnace_01,Annealing Furnace,33219.3,1225.0,Electrical Inspection,9.045,135.4,495.9,160.1,15.6,66.2,88.0,250.3,0.906,0.812,150.5,333515,5,1.0,0.0,Bearing Failure,Immediate Action
2023-10-02 21:00:00,Continuous_Caster_02,Continuous Caster,32910.3,934.0,Electrical Inspection,8.739,113.3,770.9,159.7,26.2,75.8,87.1,378.0,1.897,0.808,172.1,337799,4,0.9476,4377.0,Mechanical Wear,Critical
2023-10-02 22:00:00,Annealing_Furnace_02,Annealing Furnace,13443.2,1252.0,Bearing Replacement,3.592,122.6,420.4,195.5,82.9,112.5,74.0,209.7,2.577,0.906,439.3,259938,0,0.3182,18193.0,Normal,Normal
2023-10-02 23:00:00,Cold_Rolling_Mill_03,Cold Rolling Mill,15699.8,1042.0,Lubrication,5.41,71.1,773.5,182.1,60.3,100.0,79.3,446.5,3.067,0.848,412.1,283826,3,0.4707,22798.1,Normal,Normal
2023-10-03 03:00:00,Hot_Strip_Mill_03,Hot Strip Mill,9033.9,844.0,Full Overhaul,2.947,95.2,955.1,195.0,82.9,103.6,74.9,482.8,2.624,0.858,418.4,161003,1,0.272,28964.4,Normal,Normal
2023-10-03 04:00:00,Continuous_Caster_02,Continuous Caster,23156.6,1044.0,Alignment Check,5.294,113.1,699.3,181.5,59.1,95.9,80.9,334.4,0.108,0.865,367.3,319498,2,0.5098,11402.6,Normal,Normal
2023-10-03 05:00:00,Rolling_Mill_03,Rolling Mill,12822.5,1641.0,Electrical Inspection,3.248,89.1,931.5,194.3,77.7,102.5,74.1,471.7,0.04,0.929,414.0,189942,1,0.2828,26323.5,Normal,Normal
2023-10-03 06:00:00,Pickling_Line_02,Pickling Line,27534.9,1815.0,Bearing Replacement,7.512,64.4,329.8,171.4,33.3,83.1,84.2,177.7,6.992,0.835,215.8,426757,1,0.822,1019.4,Thermal Degradation,Immediate Action
2023-10-03 11:00:00,Annealing_Furnace_02,Annealing Furnace,4342.1,1277.0,Seal Replacement,2.403,123.7,397.3,196.4,89.1,111.4,76.4,194.3,1.88,0.917,433.5,50054,2,0.1951,26301.3,Normal,Normal
2023-10-03 14:00:00,Hot_Strip_Mill_02,Hot Strip Mill,3041.8,1881.0,Bearing Replacement,1.568,88.8,880.1,188.5,86.7,116.5,75.1,482.3,1.199,0.947,478.2,44782,1,0.0924,32384.3,Normal,Normal
2023-10-03 14:00:00,Continuous_Caster_02,Continuous Caster,4162.5,1723.0,Alignment Check,1.537,98.1,627.9,197.7,100.0,120.9,72.3,299.7,1.624,0.942,495.6,48020,0,0.1148,30260.3,Normal,Normal
2023-10-03 14:00:00,Pickling_Line_03,Pickling Line,7235.5,9.0,Seal Replacement,2.946,57.4,283.9,182.5,84.5,108.2,75.0,152.7,0.406,0.904,469.1,73501,0,0.2472,20720.3,Normal,Normal
2023-10-03 15:00:00,Cold_Rolling_Mill_01,Cold Rolling Mill,21739.1,16.0,Lubrication,6.879,67.7,921.6,170.0,48.9,81.5,84.9,455.2,1.556,0.84,284.7,216569,2,0.6229,14155.7,Electrical Fault,Normal
2023-10-03 17:00:00,Cold_Rolling_Mill_01,Cold Rolling Mill,5242.6,1870.0,Seal Replacement,2.534,64.8,769.8,200.2,78.9,103.6,75.6,383.5,2.456,0.918,487.6,54595,0,0.1426,32615.5,Normal,Normal
2023-10-03 17:00:00,Annealing_Furnace_01,Annealing Furnace,5682.7,359.0,Full Overhaul,1.917,125.7,374.0,196.6,97.0,113.2,74.6,210.3,0.22,0.902,450.2,107007,3,0.1664,26732.0,Normal,Normal
2023-10-03 20:00:00,Cold_Rolling_Mill_03,Cold Rolling Mill,596.6,186.0,Bearing Replacement,0.835,70.5,741.3,196.9,98.8,110.2,71.3,372.8,0.435,0.922,500.6,8537,0,0.0365,34692.7,Normal,Normal
2023-10-03 20:00:00,Ladle_Crane_03,Ladle Crane,27394.9,1771.0,Electrical Inspection,7.422,59.6,384.1,176.8,35.0,77.8,83.0,204.3,1.047,0.826,332.9,422672,2,0.7626,21888.2,Lubrication Failure,Normal
2023-10-03 22:00:00,Annealing_Furnace_01,Annealing Furnace,28449.1,33.0,Bearing Replacement,8.286,138.1,472.2,170.0,31.3,78.2,86.4,249.4,3.168,0.848,216.4,273440,6,0.8752,3874.5,Mechanical Wear,Critical
2023-10-03 22:00:00,Hydraulic_Press_02,Hydraulic Press,5754.6,1654.0,Full Overhaul,1.957,66.3,211.9,198.1,100.0,112.5,72.7,111.6,1.607,0.933,485.5,60266,0,0.1144,13939.0,Normal,Normal
2023-10-03 23:00:00,Blast_Furnace_Blower_03,Blast Furnace Blower,25909.4,405.0,Bearing Replacement,7.608,102.3,526.7,170.6,29.8,73.3,83.5,274.1,4.259,0.823,217.7,237817,9,0.8253,4512.3,Lubrication Failure,Warning
2023-10-04 04:00:00,Rolling_Mill_01,Rolling Mill,15230.7,799.0,Full Overhaul,4.675,96.0,962.4,186.0,63.2,95.7,75.8,500.1,5.341,0.914,357.4,171470,1,0.4244,24122.5,Normal,Normal
2023-10-04 12:00:00,Hot_Strip_Mill_03,Hot Strip Mill,8461.9,17.0,Full Overhaul,2.708,94.8,928.3,184.3,75.0,115.6,79.6,517.4,1.853,0.892,423.2,157209,0,0.2392,28370.4,Normal,Normal
2023-10-04 12:00:00,Cold_Rolling_Mill_03,Cold Rolling Mill,21786.3,1943.0,Bearing Replacement,5.615,80.2,855.1,176.6,55.5,91.1,82.8,459.7,0.013,0.846,311.3,406615,2,0.5911,15488.9,Mechanical Wear,Normal
2023-10-04 13:00:00,Continuous_Caster_01,Continuous Caster,6329.1,886.0,Bearing Replacement,2.214,98.8,642.3,194.7,83.2,112.3,74.2,305.7,0.742,0.911,485.0,101791,1,0.2013,29415.4,Normal,Normal
2023-10-04 14:00:00,Ladle_Crane_01,Ladle Crane,26515.2,867.0,Bearing Replacement,7.395,73.9,374.4,170.3,30.1,83.6,85.8,187.8,0.904,0.844,264.6,490749,6,0.7387,20652.1,Electrical Fault,Normal
2023-10-04 15:00:00,Annealing_Furnace_01,Annealing Furnace,1761.8,46.0,Electrical Inspection,0.956,127.2,405.4,195.4,99.6,126.2,73.2,194.9,2.315,0.985,497.5,18130,1,0.0266,29914.8,Normal,Normal
2023-10-04 18:00:00,Blast_Furnace_Blower_01,Blast Furnace Blower,33573.7,372.0,Electrical Inspection,10.025,94.7,549.9,151.8,25.6,72.3,85.0,281.3,6.2,0.844,174.1,328213,5,0.9899,0.0,Bearing Failure,Immediate Action
2023-10-04 19:00:00,Pickling_Line_01,Pickling Line,2608.4,390.0,Alignment Check,2.003,59.7,286.2,190.6,86.7,116.4,72.9,146.8,0.517,0.929,456.6,44828,3,0.1326,25252.0,Normal,Normal
2023-10-04 20:00:00,Pickling_Line_02,Pickling Line,20322.7,22.0,Full Overhaul,5.018,66.1,313.7,183.5,57.5,85.1,77.9,162.1,0.653,0.851,326.1,403930,3,0.5285,7189.6,Normal,Warning
2023-10-04 22:00:00,Rolling_Mill_01,Rolling Mill,31586.6,341.0,Seal Replacement,8.788,106.9,1034.3,165.1,23.5,72.3,86.8,531.9,4.696,0.795,213.6,524708,4,0.9438,8110.4,Electrical Fault,Warning
2023-10-04 22:00:00,Hot_Strip_Mill_02,Hot Strip Mill,515.5,1880.0,Bearing Replacement,1.161,89.2,946.6,189.0,97.3,115.2,77.5,476.7,0.578,0.928,478.7,4352,1,0.0771,37611.0,Normal,Normal
2023-10-05 03:00:00,Pickling_Line_03,Pickling Line,17498.2,1166.0,Alignment Check,4.244,71.6,305.9,187.3,58.8,93.8,78.2,152.1,1.036,0.915,372.2,178594,3,0.4117,10351.0,Normal,Normal
2023-10-05 05:00:00,Hydraulic_Press_02,Hydraulic Press,12315.2,35.0,Seal Replacement,3.261,68.6,244.2,181.1,72.0,97.5,75.4,117.9,1.409,0.92,393.3,135098,1,0.3096,7635.2,Normal,Normal
2023-10-05 06:00:00,Hydraulic_Press_02,Hydraulic Press,20353.6,430.0,Lubrication,6.272,78.9,244.4,173.3,47.1,86.4,81.3,124.7,0.224,0.862,276.9,266084,0,0.6427,0.0,Mechanical Wear,Immediate Action
2023-10-05 09:00:00,Rolling_Mill_02,Rolling Mill,7968.5,828.0,Lubrication,2.828,91.4,907.9,194.2,84.1,121.2,79.1,457.2,0.75,0.884,415.2,84874,0,0.2463,30863.2,Normal,Normal
2023-10-05 10:00:00,Hydraulic_Press_01,Hydraulic Press,2365.0,343.0,Bearing Replacement,1.892,66.8,208.2,192.3,87.8,107.2,75.8,109.4,0.728,0.941,451.1,20640,2,0.153,17019.9,Normal,Normal
2023-10-05 15:00:00,Annealing_Furnace_02,Annealing Furnace,21945.1,314.0,Lubrication,5.807,127.2,432.1,168.3,44.0,90.3,81.6,224.7,0.48,0.814,295.8,243588,2,0.6181,9008.6,Electrical Fault,Warning
2023-10-05 17:00:00,Ladle_Crane_02,Ladle Crane,14648.0,1917.0,Seal Replacement,3.989,53.8,357.9,171.2,65.7,99.8,74.7,188.9,3.263,0.873,412.0,178877,2,0.3922,35489.2,Normal,Normal
2023-10-05 18:00:00,Blast_Furnace_Blower_03,Blast Furnace Blower,21824.7,1985.0,Lubrication,7.678,89.8,535.2,167.6,51.0,88.4,82.8,252.8,4.125,0.837,266.5,248874,3,0.6916,8699.7,Bearing Failure,Warning
2023-10-05 20:00:00,Blast_Furnace_Blower_01,Blast Furnace Blower,7447.8,1247.0,Bearing Replacement,2.125,77.1,454.9,191.0,79.7,121.0,73.1,249.2,2.6,0.943,460.1,62067,0,0.171,21705.0,Normal,Normal
2023-10-05 23:00:00,Pickling_Line_01,Pickling Line,11922.1,1733.0,Full Overhaul,3.706,60.4,299.1,188.9,78.9,93.3,79.7,142.4,1.351,0.919,401.3,228085,4,0.3284,14817.8,Normal,Normal
2023-10-05 23:00:00,Hot_Strip_Mill_02,Hot Strip Mill,19702.7,871.0,Electrical Inspection,5.54,102.4,946.2,173.4,57.4,85.8,78.9,549.9,0.066,0.858,296.3,285623,1,0.5909,17304.0,Lubrication Failure,Normal
2023-10-06 01:00:00,Hot_Strip_Mill_02,Hot Strip Mill,20799.6,12.0,Electrical Inspection,5.974,107.5,1019.8,172.3,55.9,96.3,79.7,532.7,0.625,0.842,293.4,378191,3,0.6272,18799.1,Bearing Failure,Normal
2023-10-06 06:00:00,Rolling_Mill_02,Rolling Mill,13093.8,1167.0,Electrical Inspection,3.601,96.4,965.1,184.0,78.8,105.2,78.2,476.8,0.142,0.905,386.0,107175,1,0.3342,26530.5,Normal,Normal
2023-10-06 08:00:00,Continuous_Caster_03,Continuous Caster,9873.9,332.0,Full Overhaul,3.426,102.8,648.5,184.6,83.2,102.9,76.6,324.7,0.12,0.896,404.1,173432,1,0.2951,24901.4,Normal,Normal
2023-10-06 09:00:00,Continuous_Caster_03,Continuous Caster,6197.0,1784.0,Electrical Inspection,1.507,95.5,583.6,197.5,99.1,107.2,71.2,309.4,2.051,0.929,472.4,122237,1,0.0929,29403.3,Normal,Normal
2023-10-06 09:00:00,Rolling_Mill_02,Rolling Mill,11456.6,1500.0,Seal Replacement,3.519,90.1,917.1,183.1,78.1,106.5,80.2,467.5,0.748,0.913,402.8,107417,3,0.3043,28395.4,Normal,Normal
2023-10-06 09:00:00,Electric_Arc_Furnace_02,Electric Arc Furnace,9652.2,1153.0,Lubrication,2.946,113.5,1318.8,198.8,70.1,105.0,74.3,645.2,2.572,0.91,410.7,158810,0,0.2612,14749.6,Normal,Normal
2023-10-06 11:00:00,Rolling_Mill_01,Rolling Mill,7060.5,517.0,Lubrication,1.633,85.6,872.5,184.6,87.5,114.5,73.6,427.9,0.831,0.913,477.6,110932,1,0.12,32067.6,Normal,Normal
2023-10-06 11:00:00,Ladle_Crane_01,Ladle Crane,22220.2,1619.0,Full Overhaul,5.645,52.6,362.2,176.6,45.9,90.0,81.2,180.8,3.771,0.851,292.3,183409,2,0.6019,26233.5,Electrical Fault,Normal
2023-10-06 11:00:00,Cold_Rolling_Mill_03,Cold Rolling Mill,19960.4,1423.0,Alignment Check,4.965,67.1,840.5,186.9,59.3,91.9,79.9,392.7,1.728,0.846,339.5,245191,4,0.5102,16447.6,Normal,Normal
2023-10-06 14:00:00,Continuous_Caster_02,Continuous Caster,13452.3,1870.0,Electrical Inspection,4.148,105.9,654.0,185.6,78.1,100.0,74.7,337.7,1.02,0.873,357.5,210248,1,0.423,21824.8,Normal,Normal
2023-10-06 17:00:00,Rolling_Mill_02,Rolling Mill,11471.5,1242.0,Lubrication,4.428,89.3,893.1,199.1,75.2,98.3,78.8,509.7,0.22,0.909,381.4,220080,2,0.3428,27042.6,Normal,Normal
2023-10-06 19:00:00,Pickling_Line_01,Pickling Line,8392.7,1962.0,Full Overhaul,3.451,61.5,303.3,184.4,72.2,101.1,75.5,143.9,0.852,0.901,439.1,75491,0,0.3167,20638.3,Normal,Normal
2023-10-06 19:00:00,Hot_Strip_Mill_01,Hot Strip Mill,18787.5,1055.0,Bearing Replacement,4.848,99.8,1034.0,183.0,72.6,97.3,78.1,546.6,3.773,0.817,329.3,260601,3,0.4907,18480.8,Normal,Normal
2023-10-06 22:00:00,Annealing_Furnace_01,Annealing Furnace,32169.7,1050.0,Alignment Check,9.094,140.3,459.0,155.5,29.2,71.7,86.0,244.6,1.274,0.809,213.1,349382,2,0.9253,0.0,Lubrication Failure,Immediate Action
2023-10-06 22:00:00,Rolling_Mill_02,Rolling Mill,24031.0,38.0,Electrical Inspection,6.559,95.0,965.4,165.9,52.9,88.8,77.2,505.1,7.269,0.854,304.4,254605,5,0.6315,17803.3,Mechanical Wear,Normal
2023-10-07 00:00:00,Rolling_Mill_02,Rolling Mill,29219.8,862.0,Bearing Replacement,8.05,98.8,1024.4,173.2,37.4,81.6,85.9,524.3,1.261,0.833,240.1,243320,5,0.8149,11301.6,Mechanical Wear,Warning
2023-10-07 00:00:00,Ladle_Crane_01,Ladle Crane,26080.1,1873.0,Bearing Replacement,6.727,46.0,384.8,170.5,44.4,82.3,79.2,198.7,3.362,0.867,257.1,424053,3,0.7136,23766.1,Thermal Degradation,Normal
2023-10-07 01:00:00,Hot_Strip_Mill_01,Hot Strip Mill,12372.1,1737.0,Electrical Inspection,4.363,95.3,992.3,190.3,51.5,94.8,80.1,499.0,1.102,0.921,347.8,192771,0,0.4522,27534.3,Normal,Normal
2023-10-07 01:00:00,Hot_Strip_Mill_01,Hot Strip Mill,2294.4,772.0,Seal Replacement,1.863,83.3,921.5,196.9,94.1,117.3,71.7,433.7,1.184,0.959,502.3,22825,1,0.0837,34562.6,Normal,Normal
2023-10-07 05:00:00,Cold_Rolling_Mill_01,Cold Rolling Mill,21827.3,1855.0,Bearing Replacement,5.858,70.1,912.1,170.8,54.6,93.0,83.5,444.4,0.61,0.836,286.1,178480,1,0.6172,14690.4,Bearing Failure,Normal
2023-10-07 08:00:00,Hydraulic_Press_02,Hydraulic Press,6684.7,1898.0,Full Overhaul,2.832,67.2,230.1,179.2,88.3,107.5,78.4,111.9,0.891,0.959,414.9,97092,3,0.2449,14020.5,Normal,Normal
2023-10-07 08:00:00,Blast_Furnace_Blower_01,Blast Furnace Blower,19959.6,42.0,Seal Replacement,5.728,87.0,541.2,172.8,63.2,88.8,78.4,262.6,2.527,0.852,291.6,186596,0,0.6039,9199.3,Lubrication Failure,Normal
2023-10-07 11:00:00,Pickling_Line_01,Pickling Line,25908.9,1418.0,Bearing Replacement,8.024,71.8,337.8,170.2,46.5,81.0,83.7,176.2,1.818,0.831,267.3,381840,2,0.7375,3318.0,Bearing Failure,Critical
2023-10-07 12:00:00,Ladle_Crane_03,Ladle Crane,27449.0,64.0,Bearing Replacement,7.475,68.9,378.1,164.3,35.6,78.1,83.2,197.1,1.683,0.803,282.3,311979,5,0.818,20437.3,Lubrication Failure,Normal
2023-10-07 15:00:00,Pickling_Line_03,Pickling Line,10634.2,197.0,Electrical Inspection,3.13,61.1,296.5,179.4,77.3,113.0,71.4,156.7,5.281,0.886,420.2,120653,2,0.2885,17285.7,Normal,Normal
2023-10-07 17:00:00,Electric_Arc_Furnace_03,Electric Arc Furnace,17983.9,81.0,Electrical Inspection,6.427,123.4,1371.7,173.4,43.5,92.3,79.3,688.6,0.671,0.799,309.8,317676,8,0.6631,6209.6,Mechanical Wear,Warning
2023-10-07 19:00:00,Blast_Furnace_Blower_02,Blast Furnace Blower,21771.7,61.0,Lubrication,6.593,96.7,535.2,170.9,48.1,88.5,83.0,280.0,1.814,0.862,261.5,360140,2,0.683,8854.6,Lubrication Failure,Warning
2023-10-07 22:00:00,Continuous_Caster_03,Continuous Caster,28699.9,823.0,Alignment Check,7.7,105.9,714.5,170.2,45.9,77.6,82.2,387.5,7.635,0.851,230.7,514668,5,0.7997,5286.5,Lubrication Failure,Warning
2023-10-07 23:00:00,Hydraulic_Press_01,Hydraulic Press,26672.5,904.0,Electrical Inspection,7.687,76.2,246.7,163.8,34.2,86.6,86.2,130.4,0.718,0.838,237.1,349408,5,0.8,0.0,Electrical Fault,Immediate Action
2023-10-07 23:00:00,Annealing_Furnace_03,Annealing Furnace,34580.3,938.0,Electrical Inspection,9.473,142.4,473.7,158.0,20.9,79.1,87.4,247.3,8.096,0.799,160.4,323263,1,1.0,0.0,Lubrication Failure,Immediate Action
2023-10-08 00:00:00,Ladle_Crane_01,Ladle Crane,382.2,311.0,Lubrication,0.793,50.8,308.6,199.0,94.5,109.9,76.6,166.2,0.269,0.934,516.3,6558,0,0.0251,47814.9,Normal,Normal
2023-10-08 00:00:00,Rolling_Mill_03,Rolling Mill,15368.4,536.0,Seal Replacement,4.59,100.0,974.5,183.1,68.0,96.3,75.8,494.0,2.542,0.882,342.3,282870,2,0.4648,23711.3,Normal,Normal
2023-10-08 02:00:00,Cold_Rolling_Mill_01,Cold Rolling Mill,9036.0,1507.0,Alignment Check,2.494,57.1,769.0,188.8,88.8,110.0,78.7,392.2,3.152,0.916,430.0,136035,1,0.2175,26915.1,Normal,Normal
2023-10-08 06:00:00,Hot_Strip_Mill_02,Hot Strip Mill,4284.3,700.0,Alignment Check,2.292,84.9,947.3,192.0,88.5,112.7,75.7,466.0,1.626,0.955,478.9,45606,0,0.1007,33601.5,Normal,Normal
2023-10-08 06:00:00,Blast_Furnace_Blower_01,Blast Furnace Blower,31911.9,521.0,Lubrication,9.113,94.4,568.2,154.6,23.3,62.6,86.6,312.7,0.771,0.803,173.7,548932,3,0.9947,0.0,Lubrication Failure,Immediate Action
2023-10-08 07:00:00,Cold_Rolling_Mill_03,Cold Rolling Mill,34928.9,676.0,Electrical Inspection,9.075,82.8,950.5,160.2,6.8,65.9,89.9,479.5,6.416,0.783,152.8,297969,7,1.0,351.3,Thermal Degradation,Immediate Action
2023-10-08 08:00:00,Cold_Rolling_Mill_02,Cold Rolling Mill,6402.8,1790.0,Seal Replacement,2.058,61.4,752.0,192.0,86.8,119.5,74.0,400.1,2.845,0.936,455.4,77642,2,0.1479,29212.7,Normal,Normal
2023-10-08 11:00:00,Annealing_Furnace_02,Annealing Furnace,1441.3,1782.0,Alignment Check,0.958,116.0,384.0,207.0,100.0,113.6,75.7,195.7,1.123,0.936,494.6,18290,0,0.0342,29036.5,Normal,Normal
2023-10-08 12:00:00,Continuous_Caster_01,Continuous Caster,9699.4,876.0,Lubrication,2.715,94.9,628.2,188.9,77.6,104.3,74.1,323.6,2.217,0.93,425.6,116185,1,0.2504,24566.7,Normal,Normal
2023-10-08 17:00:00,Electric_Arc_Furnace_02,Electric Arc Furnace,29236.7,1716.0,Lubrication,8.359,131.7,1401.0,165.3,23.1,76.7,85.5,787.7,3.397,0.819,258.6,565380,5,0.8802,0.0,Lubrication Failure,Immediate Action
2023-10-08 18:00:00,Cold_Rolling_Mill_02,Cold Rolling Mill,10356.8,734.0,Alignment Check,2.841,69.6,832.5,193.8,82.0,106.5,75.8,430.5,0.413,0.944,416.2,186286,3,0.2679,25961.1,Normal,Normal
2023-10-08 23:00:00,Pickling_Line_01,Pickling Line,2085.9,156.0,Lubrication,1.326,58.8,283.5,202.6,94.5,114.3,70.3,151.2,0.531,0.945,517.5,29963,0,0.0618,26058.8,Normal,Normal
2023-10-09 01:00:00,Electric_Arc_Furnace_03,Electric Arc Furnace,1932.0,907.0,Electrical Inspection,0.857,110.2,1190.4,196.7,99.2,122.7,70.6,624.4,1.305,0.982,502.5,37135,0,0.0221,22147.0,Normal,Normal
2023-10-09 03:00:00,Pickling_Line_03,Pickling Line,15017.1,1810.0,Bearing Replacement,5.201,62.3,329.3,187.7,58.5,96.8,80.5,170.5,0.699,0.869,319.0,148259,4,0.5395,13342.3,Normal,Normal
2023-10-09 04:00:00,Blast_Furnace_Blower_02,Blast Furnace Blower,32620.7,137.0,Lubrication,9.565,86.6,571.4,171.9,27.5,67.4,86.1,280.8,5.266,0.821,164.7,298702,3,0.9635,0.0,Thermal Degradation,Immediate Action
2023-10-09 05:00:00,Cold_Rolling_Mill_03,Cold Rolling Mill,10078.6,497.0,Seal Replacement,3.316,60.3,883.9,185.4,80.0,97.6,77.4,385.5,3.98,0.901,413.7,127153,1,0.3174,27476.8,Normal,Normal
2023-10-09 07:00:00,Electric_Arc_Furnace_03,Electric Arc Furnace,15007.8,101.0,Electrical Inspection,4.569,111.1,1304.8,181.3,64.8,99.0,77.3,620.0,0.874,0.866,344.5,298519,3,0.4637,8871.4,Normal,Normal
2023-10-09 08:00:00,Pickling_Line_01,Pickling Line,3657.5,1520.0,Seal Replacement,1.834,55.5,281.1,198.0,99.1,115.4,71.2,140.6,1.901,0.917,494.5,68923,1,0.0848,24227.9,Normal,Normal
2023-10-09 10:00:00,Cold_Rolling_Mill_02,Cold Rolling Mill,17325.7,1622.0,Bearing Replacement,5.396,73.3,900.7,173.1,54.2,93.8,79.5,463.9,1.7,0.872,309.2,184742,4,0.5711,19788.1,Lubrication Failure,Normal
2023-10-09 11:00:00,Hydraulic_Press_01,Hydraulic Press,24409.5,1786.0,Alignment Check,6.434,79.1,241.0,171.8,46.1,85.1,82.9,128.0,4.236,0.858,257.4,467689,5,0.694,0.0,Thermal Degradation,Immediate Action
2023-10-09 17:00:00,Electric_Arc_Furnace_02,Electric Arc Furnace,9563.1,162.0,Alignment Check,3.676,122.9,1282.3,180.4,71.2,99.3,77.0,645.4,1.902,0.879,376.8,148929,1,0.3619,14751.8,Normal,Normal
2023-10-09 19:00:00,Annealing_Furnace_03,Annealing Furnace,10455.2,1305.0,Seal Replacement,3.17,126.4,405.9,188.2,71.5,104.9,75.4,224.5,0.197,0.892,431.2,122429,0,0.2825,20761.4,Normal,Normal
2023-10-09 19:00:00,Hydraulic_Press_02,Hydraulic Press,29484.9,1054.0,Lubrication,8.11,76.0,266.5,163.9,37.2,82.8,86.5,129.1,1.292,0.846,197.5,525044,6,0.8782,0.0,Lubrication Failure,Immediate Action
2023-10-09 22:00:00,Blast_Furnace_Blower_03,Blast Furnace Blower,461.7,517.0,Alignment Check,0.964,74.9,445.3,200.8,98.6,115.5,73.2,218.6,0.845,0.974,497.7,8440,0,0.0215,28145.0,Normal,Normal
2023-10-09 22:00:00,Blast_Furnace_Blower_02,Blast Furnace Blower,22312.8,1356.0,Seal Replacement,6.085,87.6,554.0,176.4,55.9,86.4,82.7,263.3,3.852,0.866,280.3,178637,4,0.6509,7387.3,Lubrication Failure,Warning
2023-10-10 00:00:00,Annealing_Furnace_02,Annealing Furnace,13846.6,34.0,Seal Replacement,3.244,128.2,409.5,187.1,77.4,97.6,76.5,214.2,0.7,0.915,394.8,133154,0,0.3121,17312.4,Normal,Normal
2023-10-10 02:00:00,Hydraulic_Press_01,Hydraulic Press,10513.5,251.0,Electrical Inspection,2.885,73.4,231.6,196.2,82.0,99.9,74.3,107.6,2.234,0.934,427.5,178654,1,0.2512,9006.0,Normal,Normal
2023-10-10 03:00:00,Annealing_Furnace_02,Annealing Furnace,23050.0,1826.0,Alignment Check,6.813,136.6,445.8,165.7,46.0,77.1,80.5,235.7,5.445,0.869,257.5,353710,5,0.7341,9373.9,Lubrication Failure,Warning
2023-10-10 03:00:00,Hot_Strip_Mill_02,Hot Strip Mill,29229.9,1277.0,Seal Replacement,7.216,103.5,1047.1,167.1,39.8,72.4,82.9,533.1,2.784,0.847,250.2,325505,1,0.7707,8319.4,Bearing Failure,Warning
2023-10-10 04:00:00,Rolling_Mill_02,Rolling Mill,19587.9,216.0,Full Overhaul,5.891,102.6,993.0,172.2,48.6,83.8,81.3,510.7,4.25,0.882,356.7,221259,8,0.6043,20691.8,Lubrication Failure,Normal
2023-10-10 04:00:00,Annealing_Furnace_01,Annealing Furnace,1185.2,1314.0,Full Overhaul,2.984,126.6,379.0,200.9,86.2,114.1,76.2,204.2,0.28,0.91,445.2,11061,2,0.1639,29622.5,Normal,Normal
2023-10-10 05:00:00,Pickling_Line_03,Pickling Line,16202.9,513.0,Electrical Inspection,4.695,54.4,300.5,179.3,66.6,98.9,78.8,157.5,0.155,0.862,338.0,212709,2,0.4906,12494.2,Normal,Normal
2023-10-10 06:00:00,Hydraulic_Press_03,Hydraulic Press,16250.3,674.0,Full Overhaul,5.535,79.5,244.4,176.1,58.0,85.3,78.2,121.9,2.224,0.883,314.1,141970,4,0.5706,3877.3,Electrical Fault,Warning
2023-10-10 09:00:00,Rolling_Mill_03,Rolling Mill,19078.6,218.0,Electrical Inspection,5.579,93.1,958.6,183.2,49.4,84.8,78.0,463.7,2.6,0.844,344.0,309155,2,0.5797,22407.0,Bearing Failure,Normal
2023-10-10 09:00:00,Blast_Furnace_Blower_02,Blast Furnace Blower,23516.5,1454.0,Seal Replacement,6.844,81.7,508.5,164.9,46.7,85.1,82.7,274.1,0.578,0.871,280.3,257373,5,0.685,6117.3,Electrical Fault,Warning
2023-10-10 13:00:00,Ladle_Crane_03,Ladle Crane,774.2,578.0,Alignment Check,1.539,46.8,317.5,193.1,91.9,129.4,74.2,161.2,0.723,0.927,496.7,14380,0,0.0409,49900.1,Normal,Normal
2023-10-10 14:00:00,Rolling_Mill_01,Rolling Mill,17620.2,311.0,Electrical Inspection,5.416,104.2,969.4,179.5,60.9,91.8,76.8,469.9,1.977,0.888,328.0,161036,2,0.4946,23319.8,Normal,Normal
2023-10-10 14:00:00,Ladle_Crane_01,Ladle Crane,20631.9,1955.0,Full Overhaul,5.563,56.4,357.3,173.9,58.8,89.5,83.0,197.6,4.32,0.866,325.7,336392,3,0.5791,30012.9,Electrical Fault,Normal
2023-10-10 16:00:00,Cold_Rolling_Mill_02,Cold Rolling Mill,12083.0,338.0,Lubrication,3.32,65.2,747.0,191.6,71.5,110.4,74.5,413.0,1.767,0.887,404.7,222898,0,0.319,25750.6,Normal,Normal
2023-10-10 17:00:00,Rolling_Mill_03,Rolling Mill,23425.9,1248.0,Lubrication,6.548,99.2,992.6,165.2,44.3,91.2,80.9,510.6,0.703,0.847,280.9,385328,5,0.6905,14578.2,Bearing Failure,Normal
2023-10-10 18:00:00,Continuous_Caster_03,Continuous Caster,8063.4,259.0,Full Overhaul,3.52,111.4,657.5,189.3,68.1,106.7,79.2,347.2,2.824,0.899,388.5,154126,1,0.3404,27120.0,Normal,Normal
2023-10-10 21:00:00,Blast_Furnace_Blower_01,Blast Furnace Blower,11176.3,1914.0,Lubrication,4.2,81.7,504.9,179.4,71.8,105.5,76.9,234.0,3.5,0.898,369.3,133474,1,0.3905,18458.4,Normal,Normal
2023-10-10 23:00:00,Cold_Rolling_Mill_02,Cold Rolling Mill,33700.2,916.0,Electrical Inspection,8.843,83.4,955.5,162.4,22.9,77.5,86.3,471.5,4.82,0.782,179.5,324277,8,0.9731,1783.9,Lubrication Failure,Immediate Action
2023-10-11 00:00:00,Pickling_Line_02,Pickling Line,12247.7,1212.0,Full Overhaul,4.058,61.0,305.3,189.2,66.3,98.3,78.5,153.8,1.078,0.901,377.8,149360,6,0.3806,17006.9,Normal,Normal
2023-10-11 00:00:00,Annealing_Furnace_01,Annealing Furnace,12192.9,111.0,Bearing Replacement,4.21,124.6,434.4,195.6,74.6,105.3,79.5,194.8,0.203,0.911,388.2,184768,2,0.3441,19211.7,Normal,Normal
2023-10-11 02:00:00,Hot_Strip_Mill_03,Hot Strip Mill,33987.0,1327.0,Bearing Replacement,8.399,103.4,1094.0,164.9,31.4,71.4,85.6,533.6,5.162,0.789,199.1,392424,5,0.8894,2811.3,Electrical Fault,Critical
2023-10-11 02:00:00,Annealing_Furnace_03,Annealing Furnace,20889.3,1891.0,Seal Replacement,6.276,139.0,442.0,165.8,46.4,84.6,81.8,225.2,0.304,0.876,271.0,404190,1,0.6679,11929.5,Bearing Failure,Normal
2023-10-11 03:00:00,Ladle_Crane_02,Ladle Crane,34409.5,283.0,Electrical Inspection,9.046,68.0,397.2,164.8,15.4,72.7,86.7,200.3,4.883,0.812,204.4,558286,7,1.0,17119.8,Lubrication Failure,Normal
2023-10-11 05:00:00,Cold_Rolling_Mill_01,Cold Rolling Mill,20330.1,1053.0,Full Overhaul,5.244,69.7,857.0,178.2,54.1,91.2,77.5,441.4,4.638,0.857,308.6,187182,1,0.5536,15645.7,Bearing Failure,Normal
2023-10-11 07:00:00,Continuous_Caster_02,Continuous Caster,137.9,1668.0,Seal Replacement,0.537,92.0,609.2,201.9,100.0,119.3,74.6,297.1,0.282,0.976,503.5,1547,0,0.0,34565.2,Normal,Normal
2023-10-11 07:00:00,Cold_Rolling_Mill_01,Cold Rolling Mill,31532.9,1498.0,Bearing Replacement,7.683,75.1,938.9,162.9,36.3,83.9,78.7,472.2,4.202,0.816,224.7,312721,4,0.8398,2807.4,Lubrication Failure,Critical
2023-10-11 08:00:00,Ladle_Crane_02,Ladle Crane,20001.3,1833.0,Electrical Inspection,5.496,47.6,361.1,175.2,48.8,92.9,81.3,180.4,7.42,0.862,302.8,274888,8,0.5792,29577.7,Bearing Failure,Normal
2023-10-11 09:00:00,Pickling_Line_03,Pickling Line,12873.3,1897.0,Alignment Check,3.585,57.5,296.6,182.8,73.9,102.6,79.3,152.2,1.12,0.921,424.2,247700,0,0.3338,14549.9,Normal,Normal
2023-10-11 09:00:00,Ladle_Crane_03,Ladle Crane,29038.9,65.0,Electrical Inspection,8.484,63.3,392.4,167.5,33.9,75.1,87.9,200.1,3.691,0.805,227.3,551203,4,0.8879,23582.6,Mechanical Wear,Normal
2023-10-11 10:00:00,Ladle_Crane_01,Ladle Crane,14054.2,1278.0,Lubrication,4.241,52.7,350.6,191.8,65.5,91.4,76.9,168.9,1.74,0.858,358.5,184468,1,0.4353,36023.3,Normal,Normal
2023-10-11 19:00:00,Hydraulic_Press_01,Hydraulic Press,19150.5,162.0,Bearing Replacement,5.268,71.3,244.4,168.7,56.2,93.1,78.4,126.0,5.982,0.828,327.8,247206,4,0.5151,33.6,Normal,Immediate Action
2023-10-11 19:00:00,Blast_Furnace_Blower_02,Blast Furnace Blower,1288.2,114.0,Seal Replacement,1.13,71.3,435.1,200.7,98.2,123.3,72.8,231.4,1.809,0.888,522.1,23562,0,0.0021,28175.0,Normal,Normal
2023-10-11 19:00:00,Pickling_Line_03,Pickling Line,28755.4,11.0,Seal Replacement,7.666,76.5,344.6,169.2,35.1,80.5,81.9,180.3,2.825,0.833,257.7,378930,3,0.7777,0.0,Lubrication Failure,Immediate Action
2023-10-11 23:00:00,Hydraulic_Press_01,Hydraulic Press,11901.2,1983.0,Seal Replacement,3.155,76.6,216.1,187.9,77.7,113.4,78.7,106.8,0.965,0.875,405.2,221529,0,0.2928,9012.2,Normal,Normal
2023-10-12 05:00:00,Blast_Furnace_Blower_03,Blast Furnace Blower,8856.1,3.0,Bearing Replacement,2.532,80.4,475.1,193.3,70.9,112.0,75.7,248.6,0.457,0.908,416.4,74100,1,0.2391,22274.5,Normal,Normal
2023-10-12 09:00:00,Continuous_Caster_01,Continuous Caster,20823.5,1319.0,Full Overhaul,5.598,105.0,693.3,169.6,53.0,93.4,80.8,343.8,0.993,0.878,311.8,386663,0,0.5529,14106.2,Lubrication Failure,Normal
2023-10-12 12:00:00,Continuous_Caster_02,Continuous Caster,7360.9,1226.0,Full Overhaul,3.418,100.7,674.9,190.1,80.6,108.5,77.7,346.0,0.083,0.903,428.8,132615,4,0.2687,29927.4,Normal,Normal
2023-10-12 14:00:00,Cold_Rolling_Mill_03,Cold Rolling Mill,11402.4,1579.0,Full Overhaul,3.18,67.2,805.0,187.9,79.7,110.6,78.7,406.7,0.03,0.878,406.4,118710,1,0.3009,24583.5,Normal,Normal
2023-10-12 17:00:00,Blast_Furnace_Blower_02,Blast Furnace Blower,22314.9,1343.0,Bearing Replacement,6.544,84.5,536.6,163.3,42.0,85.6,81.6,280.0,3.003,0.841,286.7,287334,2,0.6664,8671.9,Bearing Failure,Warning
2023-10-12 21:00:00,Electric_Arc_Furnace_03,Electric Arc Furnace,26592.8,563.0,Bearing Replacement,7.283,127.7,1471.1,168.8,39.5,81.4,85.2,805.9,8.5,0.87,227.2,445202,4,0.7955,0.0,Electrical Fault,Immediate Action
2023-10-12 21:00:00,Pickling_Line_02,Pickling Line,30865.9,1881.0,Alignment Check,8.263,69.5,340.7,165.6,24.0,78.1,82.3,171.6,2.31,0.768,186.2,562262,1,0.9111,0.0,Thermal Degradation,Immediate Action
2023-10-12 21:00:00,Blast_Furnace_Blower_03,Blast Furnace Blower,18697.9,1709.0,Alignment Check,4.624,83.0,505.8,180.2,65.0,92.6,78.0,255.0,2.849,0.887,364.2,274798,3,0.4416,10785.1,Normal,Normal
2023-10-12 22:00:00,Electric_Arc_Furnace_03,Electric Arc Furnace,26730.8,1754.0,Full Overhaul,6.532,126.2,1416.1,174.5,43.9,77.9,79.0,689.0,2.992,0.874,287.1,263938,5,0.6784,0.0,Electrical Fault,Immediate Action
2023-10-12 23:00:00,Hot_Strip_Mill_01,Hot Strip Mill,23286.0,558.0,Full Overhaul,6.074,107.5,1041.0,171.3,49.5,89.6,80.4,537.5,0.486,0.833,285.1,318711,1,0.6236,13227.2,Electrical Fault,Normal
2023-10-13 01:00:00,Electric_Arc_Furnace_02,Electric Arc Furnace,8679.8,1318.0,Seal Replacement,3.0,110.7,1319.2,190.5,79.2,112.2,75.4,668.3,1.775,0.884,408.4,122675,1,0.2814,16536.2,Normal,Normal
2023-10-13 03:00:00,Blast_Furnace_Blower_02,Blast Furnace Blower,30350.9,491.0,Seal Replacement,7.949,93.9,566.7,162.5,24.4,73.8,85.6,279.9,5.562,0.792,198.9,277360,3,0.8734,675.9,Mechanical Wear,Immediate Action
2023-10-13 03:00:00,Hot_Strip_Mill_03,Hot Strip Mill,15326.0,1877.0,Bearing Replacement,4.972,98.4,998.8,183.9,74.5,99.3,77.0,492.5,0.581,0.861,353.2,182362,3,0.4209,21885.6,Normal,Normal
2023-10-13 05:00:00,Ladle_Crane_01,Ladle Crane,1643.0,1411.0,Lubrication,0.73,42.9,329.9,196.8,100.0,116.5,72.1,168.2,0.17,0.929,548.6,27614,0,0.0,48041.4,Normal,Normal
2023-10-13 09:00:00,Hydraulic_Press_01,Hydraulic Press,8637.0,959.0,Alignment Check,3.268,78.9,222.0,193.6,74.6,106.4,74.1,115.7,0.104,0.888,398.3,86719,1,0.295,10697.3,Normal,Normal
2023-10-13 11:00:00,Cold_Rolling_Mill_02,Cold Rolling Mill,26817.6,1605.0,Lubrication,7.484,77.5,888.8,171.9,42.7,75.1,84.8,491.7,3.405,0.843,235.0,414519,6,0.7879,8660.9,Bearing Failure,Warning
2023-10-13 12:00:00,Continuous_Caster_03,Continuous Caster,2512.8,54.0,Seal Replacement,1.411,101.3,632.6,197.1,98.3,112.9,73.3,299.0,2.633,0.965,498.6,22361,0,0.029,32061.8,Normal,Normal
2023-10-13 12:00:00,Ladle_Crane_03,Ladle Crane,5243.0,1272.0,Electrical Inspection,1.383,33.6,300.3,199.5,91.0,117.3,80.3,167.1,0.405,0.914,468.4,46811,0,0.1017,47124.2,Normal,Normal
2023-10-13 13:00:00,Rolling_Mill_02,Rolling Mill,24328.5,62.0,Lubrication,7.516,104.1,1002.5,168.1,42.1,77.9,81.2,503.1,2.742,0.806,250.5,397437,4,0.7464,15290.9,Mechanical Wear,Normal
2023-10-13 14:00:00,Blast_Furnace_Blower_01,Blast Furnace Blower,31251.8,456.0,Bearing Replacement,8.3,95.3,555.1,164.8,27.6,82.2,84.8,295.0,0.288,0.83,196.2,622259,8,0.9079,0.0,Thermal Degradation,Immediate Action
2023-10-13 14:00:00,Hot_Strip_Mill_01,Hot Strip Mill,22217.2,625.0,Electrical Inspection,5.342,104.1,996.1,173.1,51.6,99.0,83.1,511.3,7.75,0.885,307.8,274676,1,0.5668,15675.6,Bearing Failure,Normal
2023-10-13 15:00:00,Rolling_Mill_03,Rolling Mill,7858.0,1501.0,Bearing Replacement,2.419,87.6,917.4,197.3,90.3,105.7,71.6,458.9,2.922,0.949,449.1,120923,1,0.188,30092.8,Normal,Normal
2023-10-13 16:00:00,Electric_Arc_Furnace_01,Electric Arc Furnace,1964.1,1837.0,Seal Replacement,2.94,121.5,1244.5,193.2,80.2,123.7,79.8,621.1,0.445,0.913,466.7,30307,0,0.154,21266.8,Normal,Normal
2023-10-13 18:00:00,Rolling_Mill_03,Rolling Mill,21567.9,738.0,Alignment Check,6.182,97.5,1009.8,170.0,44.7,86.4,81.0,509.4,1.243,0.827,281.5,218002,1,0.6663,16773.5,Bearing Failure,Normal
2023-10-13 19:00:00,Annealing_Furnace_03,Annealing Furnace,1754.2,1236.0,Bearing Replacement,1.093,120.9,402.0,199.1,100.0,117.6,69.7,193.6,0.697,0.959,528.1,33830,0,0.0501,30556.9,Normal,Normal
2023-10-13 20:00:00,Hot_Strip_Mill_03,Hot Strip Mill,21484.0,1555.0,Lubrication,5.953,98.4,1071.6,166.7,51.3,93.4,82.1,534.4,2.513,0.889,287.7,307927,6,0.6149,16512.9,Lubrication Failure,Normal
2023-10-13 21:00:00,Ladle_Crane_02,Ladle Crane,7972.7,1692.0,Full Overhaul,1.599,47.2,326.2,190.2,82.6,120.9,73.9,166.3,1.007,0.934,494.9,101173,0,0.119,43330.9,Normal,Normal
2023-10-13 22:00:00,Blast_Furnace_Blower_02,Blast Furnace Blower,31672.5,1925.0,Bearing Replacement,9.967,93.7,543.8,159.7,28.0,78.3,84.6,278.8,2.332,0.832,163.6,304599,4,0.9703,0.0,Lubrication Failure,Immediate Action
2023-10-14 00:00:00,Continuous_Caster_03,Continuous Caster,16680.7,1565.0,Lubrication,4.666,108.4,660.8,182.5,62.3,107.5,77.5,345.8,2.176,0.874,352.3,246005,1,0.454,18105.0,Normal,Normal
2023-10-14 01:00:00,Rolling_Mill_01,Rolling Mill,7915.5,65.0,Full Overhaul,2.637,91.3,893.5,193.2,79.8,112.9,76.1,439.8,0.87,0.915,438.3,149052,1,0.1857,30174.4,Normal,Normal
2023-10-14 05:00:00,Hydraulic_Press_01,Hydraulic Press,29874.8,204.0,Bearing Replacement,8.235,87.5,245.6,161.7,34.0,77.5,82.7,135.2,4.339,0.844,206.7,421951,5,0.8911,0.0,Mechanical Wear,Immediate Action
2023-10-14 06:00:00,Rolling_Mill_01,Rolling Mill,8965.8,1668.0,Electrical Inspection,2.541,89.1,938.2,193.9,87.5,111.0,76.7,463.6,1.056,0.918,429.8,84992,2,0.2247,29380.7,Normal,Normal
2023-10-14 07:00:00,Pickling_Line_02,Pickling Line,10800.3,559.0,Bearing Replacement,2.59,58.0,296.2,185.1,89.7,110.0,73.9,144.7,2.251,0.932,435.9,122371,0,0.2174,16995.3,Normal,Normal
2023-10-14 11:00:00,Blast_Furnace_Blower_02,Blast Furnace Blower,29216.3,165.0,Bearing Replacement,7.941,95.6,543.1,164.5,26.7,70.3,90.1,271.9,2.275,0.802,204.2,579983,2,0.8552,969.5,Electrical Fault,Immediate Action
2023-10-14 14:00:00,Continuous_Caster_02,Continuous Caster,10876.8,1915.0,Bearing Replacement,2.874,100.3,600.5,195.9,80.5,98.0,78.6,326.4,0.881,0.906,430.6,139399,1,0.235,23712.4,Normal,Normal
2023-10-14 17:00:00,Hydraulic_Press_01,Hydraulic Press,14414.7,760.0,Electrical Inspection,4.068,63.7,231.6,186.5,65.8,94.6,75.6,117.7,2.337,0.857,383.5,285717,0,0.4089,4228.1,Normal,Warning
2023-10-15 01:00:00,Hot_Strip_Mill_01,Hot Strip Mill,12233.5,733.0,Bearing Replacement,3.785,95.5,984.8,191.8,66.1,106.0,76.7,502.1,1.578,0.895,426.6,177983,1,0.3654,27661.5,Normal,Normal
2023-10-15 05:00:00,Ladle_Crane_02,Ladle Crane,4162.4,231.0,Electrical Inspection,2.069,38.4,320.3,207.1,94.5,113.8,75.4,162.4,2.604,0.92,469.9,68769,0,0.105,45091.6,Normal,Normal
2023-10-15 07:00:00,Continuous_Caster_02,Continuous Caster,1457.5,1651.0,Bearing Replacement,1.161,92.3,609.6,195.8,100.0,113.3,66.5,299.0,1.765,0.952,501.6,15516,0,0.028,31852.6,Normal,Normal
2023-10-15 09:00:00,Continuous_Caster_01,Continuous Caster,25386.5,903.0,Full Overhaul,7.38,115.2,718.1,169.6,33.5,85.8,82.2,363.0,0.203,0.824,249.5,503852,2,0.8029,10412.8,Mechanical Wear,Warning
2023-10-15 11:00:00,Hydraulic_Press_03,Hydraulic Press,22615.3,605.0,Full Overhaul,7.311,78.1,237.9,167.0,42.8,80.8,81.9,128.3,2.526,0.878,262.8,183254,6,0.7244,0.0,Lubrication Failure,Immediate Action
2023-10-15 13:00:00,Continuous_Caster_03,Continuous Caster,9954.6,1655.0,Electrical Inspection,2.794,98.7,648.1,185.0,81.6,96.7,72.5,315.0,0.94,0.92,443.4,181967,2,0.2385,24728.1,Normal,Normal
2023-10-15 13:00:00,Electric_Arc_Furnace_02,Electric Arc Furnace,10416.4,1708.0,Full Overhaul,3.118,114.6,1369.3,191.4,84.0,100.5,76.0,602.4,0.29,0.912,437.0,169398,0,0.2679,15735.8,Normal,Normal
2023-10-15 14:00:00,Pickling_Line_01,Pickling Line,33080.7,1428.0,Bearing Replacement,8.409,73.4,359.3,163.4,26.6,71.3,84.9,178.8,7.996,0.798,205.1,526328,7,0.9182,0.0,Mechanical Wear,Immediate Action
2023-10-15 18:00:00,Blast_Furnace_Blower_03,Blast Furnace Blower,16622.9,599.0,Lubrication,4.995,91.7,506.7,184.0,66.9,95.8,81.9,273.6,4.071,0.894,361.5,170096,3,0.4708,13836.8,Normal,Normal
2023-10-15 18:00:00,Cold_Rolling_Mill_01,Cold Rolling Mill,34569.7,850.0,Lubrication,9.057,78.4,946.0,158.6,21.3,66.7,85.1,487.3,1.589,0.803,215.6,407348,9,0.9861,1620.0,Bearing Failure,Immediate Action
2023-10-15 23:00:00,Ladle_Crane_03,Ladle Crane,28105.6,1030.0,Bearing Replacement,8.176,56.0,376.6,162.6,29.5,76.9,87.0,196.8,0.543,0.786,191.4,435227,3,0.8889,24165.4,Electrical Fault,Normal
2023-10-16 00:00:00,Ladle_Crane_02,Ladle Crane,25810.3,1116.0,Full Overhaul,6.743,60.5,380.7,163.3,38.9,85.1,84.6,194.8,8.571,0.862,277.4,489948,0,0.7282,21274.7,Mechanical Wear,Normal
2023-10-16 03:00:00,Electric_Arc_Furnace_02,Electric Arc Furnace,10476.4,1134.0,Seal Replacement,2.749,117.2,1263.8,193.5,74.7,106.9,75.8,670.1,1.259,0.93,415.1,115303,0,0.2478,16242.5,Normal,Normal
2023-10-16 03:00:00,Pickling_Line_02,Pickling Line,2143.8,1495.0,Lubrication,0.792,52.1,260.9,195.3,94.4,123.2,73.1,142.5,1.587,0.95,499.0,37894,0,0.0319,26842.2,Normal,Normal
2023-10-16 07:00:00,Hot_Strip_Mill_01,Hot Strip Mill,5075.2,120.0,Full Overhaul,2.271,95.9,926.7,197.2,88.1,117.3,77.9,484.8,1.445,0.948,451.4,45990,0,0.1637,33437.2,Normal,Normal
2023-10-16 11:00:00,Rolling_Mill_01,Rolling Mill,29356.5,1297.0,Alignment Check,7.568,98.8,1010.9,168.8,27.4,81.4,82.0,534.0,0.892,0.812,214.3,320462,6,0.8259,9684.0,Electrical Fault,Warning
2023-10-16 12:00:00,Electric_Arc_Furnace_01,Electric Arc Furnace,25619.4,1737.0,Alignment Check,6.956,126.9,1368.7,157.0,41.6,87.8,81.2,735.5,6.944,0.806,240.6,221926,5,0.7477,0.0,Lubrication Failure,Immediate Action
2023-10-16 16:00:00,Pickling_Line_02,Pickling Line,23285.3,263.0,Electrical Inspection,6.69,63.0,324.9,172.4,40.2,80.2,84.0,167.4,6.405,0.861,278.3,293073,1,0.6531,4956.5,Electrical Fault,Warning
2023-10-17 01:00:00,Cold_Rolling_Mill_03,Cold Rolling Mill,4659.6,1108.0,Full Overhaul,2.173,63.7,748.5,188.5,81.5,101.4,75.6,399.4,0.826,0.892,463.9,76209,0,0.1694,31873.7,Normal,Normal
2023-10-17 04:00:00,Cold_Rolling_Mill_03,Cold Rolling Mill,22433.6,1376.0,Lubrication,6.027,81.7,878.5,179.2,52.3,83.2,80.4,461.4,3.976,0.83,281.8,312931,1,0.6365,13960.5,Lubrication Failure,Normal
2023-10-17 05:00:00,Hydraulic_Press_03,Hydraulic Press,27048.1,1922.0,Seal Replacement,6.79,75.6,250.9,168.7,40.8,86.1,83.6,134.0,2.641,0.823,321.0,390958,2,0.712,0.0,Electrical Fault,Immediate Action
2023-10-17 06:00:00,Electric_Arc_Furnace_01,Electric Arc Furnace,30135.0,192.0,Seal Replacement,7.745,125.2,1378.8,170.5,33.7,82.8,82.4,716.7,3.752,0.822,204.8,448996,5,0.8437,0.0,Lubrication Failure,Immediate Action
2023-10-17 07:00:00,Rolling_Mill_02,Rolling Mill,561.8,1454.0,Lubrication,1.584,94.1,866.4,195.3,89.6,108.4,74.7,426.4,0.9,0.924,472.5,5999,0,0.1266,36815.5,Normal,Normal
2023-10-17 07:00:00,Continuous_Caster_01,Continuous Caster,23988.2,1166.0,Bearing Replacement,7.129,114.9,703.6,167.2,48.0,84.5,81.9,382.4,1.87,0.817,254.9,287908,3,0.7472,10732.4,Thermal Degradation,Normal
2023-10-17 08:00:00,Hydraulic_Press_01,Hydraulic Press,766.5,683.0,Lubrication,0.876,72.0,208.5,202.5,100.0,124.9,75.1,109.1,1.88,0.99,506.4,10316,0,0.0,18403.6,Normal,Normal
2023-10-17 11:00:00,Continuous_Caster_03,Continuous Caster,24769.9,101.0,Electrical Inspection,7.907,109.5,675.3,172.6,31.2,78.0,84.6,372.9,1.609,0.852,239.3,368695,3,0.7966,10187.6,Electrical Fault,Warning
2023-10-17 11:00:00,Annealing_Furnace_02,Annealing Furnace,22283.2,659.0,Full Overhaul,6.413,134.3,445.5,168.4,51.6,85.2,81.7,227.7,4.911,0.856,291.2,404770,1,0.6435,10971.0,Bearing Failure,Normal
2023-10-17 12:00:00,Annealing_Furnace_03,Annealing Furnace,5277.3,1652.0,Lubrication,2.358,124.4,409.3,187.3,84.6,117.4,73.3,201.0,3.019,0.948,479.1,71466,1,0.1264,25850.3,Normal,Normal
2023-10-17 16:00:00,Pickling_Line_02,Pickling Line,26837.6,1269.0,Electrical Inspection,8.178,66.9,345.4,169.5,44.7,78.4,83.9,174.0,0.091,0.834,277.9,462341,6,0.7527,566.5,Bearing Failure,Immediate Action
2023-10-17 17:00:00,Annealing_Furnace_03,Annealing Furnace,2485.3,456.0,Bearing Replacement,1.538,117.0,397.4,195.0,98.1,112.4,74.8,189.9,2.097,0.974,476.3,23395,1,0.0739,28699.1,Normal,Normal
2023-10-17 21:00:00,Continuous_Caster_02,Continuous Caster,28941.3,1986.0,Seal Replacement,8.597,107.7,695.9,167.2,31.0,74.4,84.7,362.6,7.249,0.868,227.7,276601,12,0.8811,5307.0,Electrical Fault,Warning
2023-10-17 21:00:00,Annealing_Furnace_01,Annealing Furnace,9241.3,1492.0,Bearing Replacement,3.161,123.5,398.8,193.0,81.9,105.2,80.0,199.7,2.358,0.922,404.7,105888,1,0.2735,23290.6,Normal,Normal
2023-10-18 00:00:00,Rolling_Mill_03,Rolling Mill,24140.9,378.0,Lubrication,6.561,94.0,1013.0,163.4,49.4,82.7,82.3,512.9,4.358,0.805,254.0,285304,3,0.7064,16803.7,Electrical Fault,Normal
2023-10-18 01:00:00,Rolling_Mill_01,Rolling Mill,32336.8,1562.0,Seal Replacement,8.928,102.0,1071.0,158.7,21.1,56.3,87.9,550.6,2.43,0.807,203.1,501710,6,0.9845,9426.3,Lubrication Failure,Warning
2023-10-18 04:00:00,Continuous_Caster_01,Continuous Caster,11960.0,1662.0,Full Overhaul,3.27,97.4,669.2,179.3,75.1,104.5,77.5,321.6,1.052,0.903,411.8,127156,1,0.3218,21984.7,Normal,Normal
2023-10-18 05:00:00,Annealing_Furnace_01,Annealing Furnace,17651.0,1741.0,Lubrication,5.774,132.4,426.4,172.4,59.7,101.5,75.1,233.9,1.289,0.877,338.8,171144,2,0.5194,15005.6,Normal,Normal
2023-10-18 06:00:00,Cold_Rolling_Mill_02,Cold Rolling Mill,16262.8,1479.0,Alignment Check,4.971,71.3,813.8,172.1,57.4,94.7,81.4,416.5,2.22,0.899,344.3,256155,3,0.4866,20655.6,Normal,Normal
2023-10-18 07:00:00,Rolling_Mill_02,Rolling Mill,5600.6,161.0,Seal Replacement,2.385,86.0,899.0,191.4,83.8,106.6,79.2,430.5,1.565,0.913,471.9,111831,0,0.1668,36383.3,Normal,Normal
2023-10-18 08:00:00,Annealing_Furnace_02,Annealing Furnace,20701.9,1627.0,Lubrication,5.86,131.0,433.1,167.4,51.0,92.8,82.1,223.9,11.262,0.854,310.4,412064,5,0.6164,10404.8,Electrical Fault,Normal
2023-10-18 12:00:00,Hydraulic_Press_03,Hydraulic Press,26030.8,1855.0,Full Overhaul,6.713,81.6,256.0,168.3,43.2,82.6,83.4,123.1,0.416,0.846,260.2,496261,4,0.7092,0.0,Thermal Degradation,Immediate Action
2023-10-18 14:00:00,Hydraulic_Press_03,Hydraulic Press,32098.9,999.0,Lubrication,8.724,82.9,265.0,157.0,24.0,68.2,87.0,141.0,5.257,0.796,175.5,280699,8,0.9661,0.0,Mechanical Wear,Immediate Action
2023-10-18 16:00:00,Continuous_Caster_02,Continuous Caster,29793.0,1522.0,Electrical Inspection,8.16,109.1,716.9,165.3,31.6,83.7,82.3,373.8,3.974,0.84,224.9,511587,7,0.8235,8156.1,Lubrication Failure,Warning
2023-10-18 19:00:00,Rolling_Mill_03,Rolling Mill,17899.7,1009.0,Bearing Replacement,5.615,90.4,967.8,178.6,49.9,90.9,80.1,526.6,0.869,0.849,324.4,225715,0,0.5342,20786.0,Normal,Normal
2023-10-18 21:00:00,Hydraulic_Press_02,Hydraulic Press,25193.7,1281.0,Lubrication,7.169,84.8,255.4,170.4,48.9,84.7,83.4,134.2,0.637,0.849,267.3,450125,8,0.7303,0.0,Bearing Failure,Immediate Action
2023-10-18 22:00:00,Hydraulic_Press_01,Hydraulic Press,28047.3,1294.0,Alignment Check,7.038,73.9,253.6,163.2,31.7,87.0,85.1,128.0,1.526,0.855,264.9,240660,4,0.767,0.0,Mechanical Wear,Immediate Action
2023-10-18 22:00:00,Hydraulic_Press_02,Hydraulic Press,17322.8,906.0,Alignment Check,5.454,75.3,241.1,176.8,58.0,91.8,81.5,120.1,1.266,0.88,360.5,312559,2,0.5761,3766.1,Bearing Failure,Warning
2023-10-19 00:00:00,Blast_Furnace_Blower_03,Blast Furnace Blower,4128.4,709.0,Alignment Check,2.354,75.5,476.3,189.7,82.2,107.8,76.1,242.2,2.284,0.919,439.3,63733,0,0.2038,24181.2,Normal,Normal
2023-10-19 01:00:00,Continuous_Caster_03,Continuous Caster,29502.5,1162.0,Electrical Inspection,8.551,110.9,739.9,161.3,32.7,64.0,87.5,366.4,2.382,0.789,207.5,575337,8,0.8829,5601.3,Mechanical Wear,Warning
2023-10-19 01:00:00,Cold_Rolling_Mill_02,Cold Rolling Mill,15383.8,872.0,Electrical Inspection,3.936,68.5,816.9,186.6,69.5,102.7,77.1,439.3,1.591,0.915,386.3,137874,0,0.3935,18033.8,Normal,Normal
2023-10-19 02:00:00,Hot_Strip_Mill_03,Hot Strip Mill,20922.8,1054.0,Alignment Check,5.594,102.2,1033.7,179.2,50.4,94.3,83.8,494.6,2.177,0.867,296.9,386443,3,0.5917,17212.2,Mechanical Wear,Normal
2023-10-19 05:00:00,Continuous_Caster_03,Continuous Caster,25383.6,1284.0,Lubrication,6.606,105.5,685.1,167.5,37.8,81.6,83.0,356.9,0.746,0.905,265.2,412960,1,0.6916,11106.7,Lubrication Failure,Normal
2023-10-19 08:00:00,Cold_Rolling_Mill_01,Cold Rolling Mill,6565.9,93.0,Alignment Check,2.505,62.3,798.3,187.1,88.5,110.3,75.8,386.6,2.336,0.948,465.7,81616,1,0.206,30351.6,Normal,Normal
2023-10-19 11:00:00,Hydraulic_Press_01,Hydraulic Press,33755.4,920.0,Seal Replacement,9.166,79.6,266.0,159.5,23.3,70.2,85.7,140.6,3.964,0.812,183.0,476499,7,1.0,0.0,Electrical Fault,Immediate Action
2023-10-19 12:00:00,Ladle_Crane_03,Ladle Crane,14202.4,141.0,Seal Replacement,4.1,49.2,362.8,174.8,67.3,101.0,79.4,173.1,1.411,0.906,393.3,118271,3,0.4138,35569.8,Normal,Normal
2023-10-19 12:00:00,Annealing_Furnace_01,Annealing Furnace,22911.9,1511.0,Bearing Replacement,6.878,130.9,422.4,170.1,53.2,89.8,81.5,229.9,1.262,0.859,278.1,368017,4,0.6365,8418.9,Mechanical Wear,Warning
2023-10-19 13:00:00,Ladle_Crane_02,Ladle Crane,758.6,536.0,Seal Replacement,1.409,47.4,329.6,202.2,94.6,111.3,72.4,160.2,1.37,0.937,550.0,14766,1,0.0881,47238.8,Normal,Normal
2023-10-19 14:00:00,Electric_Arc_Furnace_03,Electric Arc Furnace,27393.0,1308.0,Lubrication,6.923,130.4,1445.1,168.1,39.1,78.6,83.5,746.0,2.097,0.848,252.1,353103,1,0.7485,0.0,Thermal Degradation,Immediate Action
2023-10-19 14:00:00,Rolling_Mill_02,Rolling Mill,4543.4,692.0,Full Overhaul,2.574,88.4,882.2,195.4,83.9,107.3,74.3,437.0,2.043,0.934,447.0,48267,0,0.1981,35977.0,Normal,Normal
2023-10-19 15:00:00,Ladle_Crane_03,Ladle Crane,33882.1,693.0,Seal Replacement,9.286,58.4,386.0,172.8,11.4,69.4,86.8,198.6,2.241,0.83,186.1,621482,3,0.9726,14909.9,Lubrication Failure,Warning
2023-10-19 16:00:00,Ladle_Crane_03,Ladle Crane,11269.9,1459.0,Full Overhaul,2.639,48.8,351.9,189.4,81.9,99.6,78.5,179.2,0.316,0.913,417.8,99104,1,0.243,38230.8,Normal,Normal
2023-10-19 17:00:00,Blast_Furnace_Blower_03,Blast Furnace Blower,1397.6,1724.0,Alignment Check,1.532,67.5,444.7,197.5,88.4,102.5,72.1,232.9,0.557,0.94,476.6,16547,0,0.0817,28362.8,Normal,Normal
2023-10-19 18:00:00,Cold_Rolling_Mill_03,Cold Rolling Mill,12694.2,1274.0,Full Overhaul,4.359,67.9,819.1,190.1,67.9,100.8,79.4,410.7,0.33,0.912,406.8,244972,2,0.4291,22591.8,Normal,Normal
2023-10-19 18:00:00,Pickling_Line_03,Pickling Line,709.6,313.0,Electrical Inspection,0.885,53.1,305.6,200.0,95.4,125.5,70.6,153.6,1.478,0.932,490.7,12225,0,0.0398,26931.4,Normal,Normal
2023-10-19 18:00:00,Rolling_Mill_02,Rolling Mill,6813.8,899.0,Seal Replacement,1.722,85.8,882.7,192.7,79.9,107.3,72.0,470.7,0.508,0.93,458.2,61127,0,0.1429,32392.1,Normal,Normal
2023-10-19 22:00:00,Pickling_Line_01,Pickling Line,26361.3,1465.0,Bearing Replacement,8.39,69.0,347.5,170.1,33.0,81.7,80.8,164.4,2.008,0.846,213.8,357814,5,0.8339,1743.4,Thermal Degradation,Critical
2023-10-20 00:00:00,Rolling_Mill_03,Rolling Mill,32804.4,545.0,Full Overhaul,9.04,106.7,1068.8,163.1,17.8,63.3,89.2,546.3,4.07,0.783,163.2,464196,6,1.0,6491.9,Bearing Failure,Warning
2023-10-20 03:00:00,Hydraulic_Press_03,Hydraulic Press,8960.4,677.0,Lubrication,3.149,70.0,220.6,188.8,72.1,114.0,76.8,119.4,3.817,0.896,404.0,97013,1,0.2968,11427.6,Normal,Normal
2023-10-20 03:00:00,Hydraulic_Press_01,Hydraulic Press,19570.7,1887.0,Seal Replacement,5.759,71.8,245.6,175.7,43.5,93.9,75.3,120.0,1.21,0.824,332.8,206912,4,0.5814,75.2,Lubrication Failure,Immediate Action
2023-10-20 03:00:00,Ladle_Crane_03,Ladle Crane,3152.0,1897.0,Alignment Check,1.448,47.5,337.7,193.6,100.0,116.4,74.9,160.5,1.841,0.941,508.6,53221,0,0.0685,47488.7,Normal,Normal
2023-10-20 04:00:00,Annealing_Furnace_02,Annealing Furnace,4953.2,1228.0,Bearing Replacement,2.099,117.5,376.9,193.5,79.6,111.4,73.8,193.8,1.452,0.907,438.2,90306,0,0.1809,26459.6,Normal,Normal
2023-10-20 05:00:00,Hot_Strip_Mill_01,Hot Strip Mill,7742.4,777.0,Seal Replacement,2.46,87.6,915.9,186.7,86.1,103.0,75.9,476.2,2.234,0.905,424.1,82790,0,0.2236,30948.1,Normal,Normal
2023-10-20 08:00:00,Cold_Rolling_Mill_03,Cold Rolling Mill,20263.9,1452.0,Lubrication,6.449,75.0,864.0,174.7,47.6,86.7,82.2,446.3,0.507,0.881,299.8,270943,4,0.6689,14819.6,Mechanical Wear,Normal
2023-10-20 15:00:00,Hydraulic_Press_01,Hydraulic Press,2373.2,1586.0,Full Overhaul,0.738,60.5,213.6,198.2,100.0,121.0,71.6,95.3,0.957,0.911,511.2,38781,0,0.0,18158.0,Normal,Normal
2023-10-20 16:00:00,Pickling_Line_03,Pickling Line,15254.2,333.0,Full Overhaul,4.171,59.7,313.5,188.0,65.8,114.3,75.3,159.6,2.175,0.914,409.1,218115,2,0.3582,11252.2,Normal,Normal
2023-10-20 16:00:00,Annealing_Furnace_02,Annealing Furnace,4819.5,1041.0,Lubrication,1.97,123.6,392.5,199.0,84.2,124.5,72.7,210.0,0.513,0.921,452.4,91493,0,0.1369,27174.9,Normal,Normal
2023-10-20 19:00:00,Hydraulic_Press_03,Hydraulic Press,9616.4,692.0,Seal Replacement,4.09,72.2,230.0,181.4,71.3,105.4,76.1,113.1,0.875,0.903,374.0,135916,3,0.3619,10043.3,Normal,Normal
2023-10-20 23:00:00,Rolling_Mill_01,Rolling Mill,6757.3,1851.0,Full Overhaul,2.644,95.6,844.3,188.1,88.6,104.5,75.0,465.0,1.03,0.896,419.7,70886,2,0.2511,33187.3,Normal,Normal
2023-10-21 00:00:00,Cold_Rolling_Mill_03,Cold Rolling Mill,30915.8,394.0,Alignment Check,7.707,71.1,895.2,168.6,38.0,80.4,85.7,468.5,2.391,0.847,221.5,555856,6,0.8086,3803.3,Mechanical Wear,Critical
2023-10-21 04:00:00,Rolling_Mill_03,Rolling Mill,24809.6,1893.0,Seal Replacement,7.814,106.9,1028.4,169.6,27.5,71.5,88.2,546.2,7.664,0.813,222.9,430341,3,0.851,14956.9,Electrical Fault,Normal
2023-10-21 04:00:00,Cold_Rolling_Mill_02,Cold Rolling Mill,30409.3,839.0,Full Overhaul,8.208,80.2,928.2,161.3,29.4,70.9,83.9,498.7,3.544,0.789,203.8,317072,3,0.8966,4392.6,Lubrication Failure,Critical
2023-10-21 04:00:00,Rolling_Mill_02,Rolling Mill,13482.9,1747.0,Electrical Inspection,3.667,94.6,911.3,187.1,76.8,109.4,78.3,465.2,1.708,0.899,430.3,232631,3,0.3276,26231.3,Normal,Normal
2023-10-21 05:00:00,Blast_Furnace_Blower_03,Blast Furnace Blower,11038.1,929.0,Alignment Check,3.615,79.6,478.2,195.6,68.3,108.9,72.7,234.2,0.38,0.899,422.3,130991,2,0.3108,18663.8,Normal,Normal
2023-10-21 22:00:00,Cold_Rolling_Mill_01,Cold Rolling Mill,13382.5,1228.0,Full Overhaul,4.301,64.8,873.2,186.9,64.3,101.2,75.0,457.4,4.238,0.871,351.4,197840,1,0.4307,22973.8,Normal,Normal
2023-10-21 23:00:00,Electric_Arc_Furnace_03,Electric Arc Furnace,747.3,1976.0,Full Overhaul,1.682,112.1,1175.6,195.4,92.4,113.4,73.6,614.0,0.484,0.937,514.2,14685,1,0.084,24302.0,Normal,Normal
2023-10-22 04:00:00,Hot_Strip_Mill_03,Hot Strip Mill,25392.2,1463.0,Electrical Inspection,6.815,100.6,1099.4,180.5,51.2,75.3,84.4,529.8,4.32,0.823,249.8,216631,1,0.7222,14749.1,Lubrication Failure,Normal
2023-10-22 04:00:00,Annealing_Furnace_02,Annealing Furnace,12307.1,390.0,Alignment Check,4.296,123.6,423.0,187.2,70.3,100.6,78.7,208.7,4.799,0.885,372.2,123664,0,0.3777,19203.4,Normal,Normal
2023-10-22 06:00:00,Ladle_Crane_02,Ladle Crane,11035.0,527.0,Alignment Check,3.134,51.8,343.5,196.4,83.6,99.3,75.7,174.0,2.482,0.919,405.9,168539,0,0.309,38766.1,Normal,Normal
2023-10-22 08:00:00,Annealing_Furnace_01,Annealing Furnace,20975.1,926.0,Bearing Replacement,5.592,136.1,461.7,181.8,48.6,85.7,83.6,215.6,2.116,0.875,293.8,180407,6,0.596,14081.8,Mechanical Wear,Normal
2023-10-22 09:00:00,Pickling_Line_02,Pickling Line,15325.1,1172.0,Electrical Inspection,4.979,58.1,312.6,195.3,64.8,99.4,77.9,154.9,2.054,0.88,339.2,142825,4,0.4741,12487.1,Normal,Normal
2023-10-22 11:00:00,Hot_Strip_Mill_01,Hot Strip Mill,34331.4,122.0,Alignment Check,9.294,115.2,1101.9,167.4,13.1,82.0,86.3,602.9,0.881,0.797,161.9,527188,6,1.0,4755.2,Bearing Failure,Critical
2023-10-22 13:00:00,Pickling_Line_01,Pickling Line,12533.2,87.0,Bearing Replacement,3.306,56.1,302.9,185.7,79.0,104.4,77.1,154.3,4.672,0.934,400.3,226821,0,0.3012,15951.1,Normal,Normal
2023-10-22 15:00:00,Hot_Strip_Mill_02,Hot Strip Mill,21525.0,915.0,Full Overhaul,5.914,100.8,1059.4,179.9,49.8,90.8,82.0,545.3,1.993,0.885,347.4,313163,1,0.6034,19136.7,Lubrication Failure,Normal
2023-10-22 16:00:00,Continuous_Caster_02,Continuous Caster,10976.6,1047.0,Bearing Replacement,3.709,99.5,652.5,184.2,75.7,100.6,74.0,332.8,2.401,0.908,404.3,112413,3,0.2835,22521.2,Normal,Normal
2023-10-23 00:00:00,Ladle_Crane_03,Ladle Crane,34671.8,160.0,Lubrication,8.812,61.9,390.0,167.0,28.3,68.8,83.9,198.4,1.725,0.761,188.0,332039,8,0.9402,13011.4,Thermal Degradation,Warning
2023-10-23 00:00:00,Ladle_Crane_02,Ladle Crane,15634.4,951.0,Lubrication,4.16,51.9,357.9,192.8,72.6,99.7,79.6,178.7,2.583,0.907,376.0,279036,0,0.3937,32688.8,Normal,Normal
2023-10-23 01:00:00,Electric_Arc_Furnace_03,Electric Arc Furnace,4522.6,1098.0,Electrical Inspection,1.747,116.6,1271.7,200.7,100.0,111.0,74.6,615.1,0.29,0.93,478.9,77138,2,0.0756,19724.9,Normal,Normal
2023-10-23 01:00:00,Hydraulic_Press_03,Hydraulic Press,22231.1,1561.0,Lubrication,6.337,78.3,232.6,170.4,50.6,75.4,80.7,130.8,1.029,0.851,289.3,418677,2,0.6364,0.0,Thermal Degradation,Immediate Action
2023-10-23 02:00:00,Annealing_Furnace_03,Annealing Furnace,25682.5,956.0,Lubrication,6.358,132.8,453.6,176.1,46.1,88.9,79.7,235.4,3.782,0.841,266.8,273112,5,0.6785,4269.4,Electrical Fault,Critical
2023-10-23 02:00:00,Rolling_Mill_03,Rolling Mill,9495.4,143.0,Seal Replacement,3.018,86.6,850.4,192.9,80.6,115.3,75.2,468.4,0.376,0.939,415.4,116076,3,0.2623,29395.3,Normal,Normal
2023-10-23 02:00:00,Rolling_Mill_01,Rolling Mill,15756.6,1961.0,Lubrication,4.173,88.7,916.6,178.0,69.2,102.0,80.3,461.2,3.998,0.899,377.5,207499,2,0.4012,24685.7,Normal,Normal
2023-10-23 03:00:00,Cold_Rolling_Mill_02,Cold Rolling Mill,30921.3,1082.0,Full Overhaul,8.269,79.5,948.5,161.3,30.8,71.0,88.0,493.9,8.299,0.819,199.3,293468,3,0.9089,4102.8,Lubrication Failure,Critical
2023-10-23 03:00:00,Hydraulic_Press_02,Hydraulic Press,33972.3,899.0,Alignment Check,8.767,87.2,258.3,163.7,24.4,66.4,85.1,140.7,2.216,0.8,198.3,375085,2,0.9467,0.0,Thermal Degradation,Immediate Action
2023-10-23 06:00:00,Hot_Strip_Mill_01,Hot Strip Mill,14917.6,148.0,Lubrication,3.637,94.7,981.5,183.5,65.6,100.4,73.3,500.9,3.456,0.921,379.0,249414,2,0.3665,21799.5,Normal,Normal
2023-10-23 06:00:00,Rolling_Mill_02,Rolling Mill,29234.6,1473.0,Bearing Replacement,8.65,107.7,1088.1,157.1,25.8,71.5,87.6,564.0,5.997,0.805,191.7,508349,3,0.9516,10782.4,Lubrication Failure,Warning
2023-10-23 08:00:00,Rolling_Mill_02,Rolling Mill,1961.9,551.0,Full Overhaul,1.232,93.7,834.9,204.8,92.3,116.0,72.4,426.7,0.034,0.985,542.8,19990,0,0.0,37569.0,Normal,Normal
2023-10-23 10:00:00,Rolling_Mill_03,Rolling Mill,29680.3,161.0,Full Overhaul,8.11,108.1,984.6,161.1,33.0,79.4,86.0,539.4,0.151,0.819,227.2,353773,3,0.8908,10545.8,Lubrication Failure,Warning
2023-10-23 15:00:00,Blast_Furnace_Blower_02,Blast Furnace Blower,22069.9,1440.0,Lubrication,6.266,85.1,541.5,173.9,54.0,81.0,79.4,265.9,2.513,0.878,285.8,307481,5,0.6479,8190.1,Thermal Degradation,Warning
2023-10-23 19:00:00,Pickling_Line_03,Pickling Line,17155.8,961.0,Alignment Check,4.578,68.4,308.9,192.6,60.3,93.2,78.8,154.0,0.981,0.863,358.6,173290,0,0.4659,12175.7,Normal,Normal
2023-10-23 19:00:00,Hydraulic_Press_01,Hydraulic Press,31159.7,113.0,Bearing Replacement,7.925,85.6,254.2,171.4,29.8,75.9,84.9,128.8,0.118,0.818,239.9,572024,6,0.8449,0.0,Lubrication Failure,Immediate Action
2023-10-24 00:00:00,Electric_Arc_Furnace_03,Electric Arc Furnace,29602.3,1699.0,Full Overhaul,8.504,128.9,1472.7,162.9,15.7,84.4,89.1,741.8,5.637,0.851,177.1,344294,8,0.9322,0.0,Electrical Fault,Immediate Action
2023-10-24 01:00:00,Blast_Furnace_Blower_01,Blast Furnace Blower,10463.4,895.0,Full Overhaul,4.12,86.7,489.0,185.8,67.3,104.2,80.5,263.3,4.731,0.921,421.3,114832,1,0.4051,20088.2,Normal,Normal
2023-10-24 02:00:00,Continuous_Caster_03,Continuous Caster,27722.9,288.0,Seal Replacement,7.714,113.6,701.1,170.3,39.7,83.4,85.8,370.4,4.97,0.862,246.3,519048,2,0.7774,8064.8,Lubrication Failure,Warning
2023-10-24 04:00:00,Blast_Furnace_Blower_03,Blast Furnace Blower,3572.2,677.0,Electrical Inspection,1.323,81.6,456.6,189.5,95.3,119.9,73.7,241.3,1.926,0.942,478.6,57454,1,0.0802,28268.2,Normal,Normal
2023-10-24 07:00:00,Cold_Rolling_Mill_02,Cold Rolling Mill,28814.5,57.0,Bearing Replacement,8.108,79.9,893.4,166.5,31.0,77.2,83.5,442.5,4.151,0.841,207.0,407715,5,0.8797,7015.8,Bearing Failure,Warning
2023-10-24 12:00:00,Hydraulic_Press_01,Hydraulic Press,23673.4,1960.0,Lubrication,6.322,81.3,253.5,179.2,45.6,88.1,81.5,121.5,5.912,0.89,294.3,219856,4,0.6641,0.0,Bearing Failure,Immediate Action
2023-10-24 13:00:00,Blast_Furnace_Blower_02,Blast Furnace Blower,23939.5,98.0,Full Overhaul,6.698,89.2,537.6,175.3,38.2,90.5,82.5,281.2,3.184,0.842,258.2,255816,5,0.7119,4261.8,Bearing Failure,Critical
2023-10-24 13:00:00,Rolling_Mill_01,Rolling Mill,3166.5,1500.0,Full Overhaul,1.549,83.3,906.4,194.8,95.0,113.0,71.3,431.9,1.775,0.961,492.6,30853,2,0.1196,38408.2,Normal,Normal
2023-10-24 14:00:00,Pickling_Line_02,Pickling Line,20360.1,481.0,Electrical Inspection,5.463,63.7,325.2,179.3,48.6,91.6,79.1,165.6,1.826,0.894,304.1,216275,4,0.5836,7468.0,Bearing Failure,Warning
2023-10-24 15:00:00,Pickling_Line_02,Pickling Line,20849.8,953.0,Alignment Check,5.844,71.9,308.0,179.1,44.9,87.5,81.0,165.3,1.399,0.852,322.7,388727,2,0.604,7733.4,Lubrication Failure,Warning
2023-10-24 20:00:00,Rolling_Mill_03,Rolling Mill,10251.2,1434.0,Lubrication,3.712,85.8,945.0,182.3,71.8,109.3,76.5,436.5,0.99,0.876,427.6,197869,4,0.3114,31005.5,Normal,Normal
2023-10-24 20:00:00,Continuous_Caster_01,Continuous Caster,9400.8,1270.0,Seal Replacement,2.561,90.5,624.0,193.5,77.1,108.3,73.3,328.8,1.103,0.907,448.3,122235,0,0.2142,23279.4,Normal,Normal
2023-10-24 23:00:00,Annealing_Furnace_02,Annealing Furnace,26712.5,882.0,Seal Replacement,6.979,128.9,464.7,179.4,30.2,83.4,84.1,231.4,1.743,0.837,267.8,278005,6,0.7292,4002.8,Lubrication Failure,Critical
2023-10-25 01:00:00,Annealing_Furnace_01,Annealing Furnace,9062.8,1093.0,Bearing Replacement,2.806,124.5,425.0,189.1,74.8,105.5,73.5,219.8,0.539,0.919,411.2,102267,2,0.2702,20544.2,Normal,Normal
2023-10-25 01:00:00,Electric_Arc_Furnace_03,Electric Arc Furnace,15674.6,86.0,Electrical Inspection,4.702,110.4,1318.8,181.7,70.0,106.7,83.6,622.2,1.711,0.895,413.7,129803,2,0.4251,9980.2,Normal,Normal
2023-10-25 02:00:00,Continuous_Caster_03,Continuous Caster,24348.1,1998.0,Alignment Check,7.739,104.1,684.8,170.7,34.7,77.7,87.0,373.6,3.571,0.807,245.9,257627,4,0.8345,10866.5,Thermal Degradation,Normal
2023-10-25 03:00:00,Electric_Arc_Furnace_03,Electric Arc Furnace,2878.6,1734.0,Alignment Check,2.36,114.4,1235.0,201.1,96.0,116.8,70.9,589.1,0.518,0.913,510.0,23564,0,0.0889,23185.7,Normal,Normal
2023-10-25 07:00:00,Cold_Rolling_Mill_03,Cold Rolling Mill,20849.7,646.0,Electrical Inspection,4.863,64.6,819.4,185.7,61.9,81.4,80.2,414.8,4.731,0.878,326.3,407428,3,0.5088,15181.8,Normal,Normal
2023-10-25 07:00:00,Rolling_Mill_03,Rolling Mill,20669.2,216.0,Full Overhaul,5.192,98.0,930.3,181.4,62.4,96.9,78.4,471.1,2.493,0.842,425.0,320035,0,0.4499,22019.9,Normal,Normal
2023-10-25 12:00:00,Annealing_Furnace_01,Annealing Furnace,23979.6,1257.0,Full Overhaul,6.974,129.2,446.6,173.6,40.8,84.6,82.6,243.3,1.548,0.861,257.6,385818,5,0.7262,7115.1,Lubrication Failure,Warning
2023-10-25 13:00:00,Cold_Rolling_Mill_03,Cold Rolling Mill,13010.5,1833.0,Full Overhaul,3.736,59.0,842.3,194.5,66.1,108.3,76.8,418.4,4.245,0.892,390.3,116940,2,0.3788,22593.0,Normal,Normal
2023-10-25 15:00:00,Cold_Rolling_Mill_03,Cold Rolling Mill,15769.4,1370.0,Full Overhaul,6.011,66.3,858.1,175.1,59.4,97.2,81.7,429.6,1.613,0.845,362.9,213392,3,0.5226,20676.5,Normal,Normal
2023-10-25 18:00:00,Electric_Arc_Furnace_02,Electric Arc Furnace,11615.9,136.0,Lubrication,3.052,110.8,1345.3,181.1,90.3,104.7,74.9,647.9,1.347,0.905,397.2,153102,2,0.2997,12849.5,Normal,Normal
2023-10-25 20:00:00,Cold_Rolling_Mill_02,Cold Rolling Mill,28305.1,759.0,Lubrication,7.716,70.9,882.6,171.8,29.3,78.9,86.3,470.4,0.548,0.841,226.7,510600,6,0.8027,8145.5,Lubrication Failure,Warning
2023-10-25 23:00:00,Electric_Arc_Furnace_02,Electric Arc Furnace,4658.3,1437.0,Bearing Replacement,2.411,112.5,1284.7,196.3,93.2,100.8,77.4,614.9,0.163,0.936,457.7,80835,1,0.1471,20258.7,Normal,Normal
2023-10-26 08:00:00,Ladle_Crane_03,Ladle Crane,22255.8,1286.0,Bearing Replacement,5.93,63.0,376.4,171.8,57.3,89.2,83.1,191.3,3.203,0.868,288.6,372394,1,0.624,27556.3,Electrical Fault,Normal
2023-10-26 08:00:00,Continuous_Caster_01,Continuous Caster,33707.1,484.0,Seal Replacement,8.678,114.8,757.2,159.7,20.9,69.0,84.6,389.5,13.661,0.834,195.4,437692,4,0.9553,1115.5,Lubrication Failure,Immediate Action
2023-10-26 10:00:00,Hot_Strip_Mill_02,Hot Strip Mill,31053.0,1169.0,Full Overhaul,8.597,107.0,1137.8,162.7,28.0,63.5,87.3,572.8,5.768,0.817,186.7,280758,4,0.9235,7751.1,Lubrication Failure,Warning
2023-10-26 10:00:00,Blast_Furnace_Blower_01,Blast Furnace Blower,14975.5,193.0,Electrical Inspection,4.124,83.9,504.6,189.6,66.2,102.4,73.9,254.6,1.199,0.888,374.4,165378,2,0.3862,14715.9,Normal,Normal
2023-10-26 12:00:00,Blast_Furnace_Blower_03,Blast Furnace Blower,11696.5,1475.0,Lubrication,4.185,76.9,468.8,190.3,69.9,108.4,80.8,242.5,3.113,0.881,422.3,117462,0,0.361,17295.5,Normal,Normal
2023-10-26 12:00:00,Rolling_Mill_03,Rolling Mill,31535.3,875.0,Lubrication,9.365,101.2,1046.2,161.4,24.2,77.2,86.0,547.9,4.13,0.796,152.7,526811,4,0.9924,8545.3,Electrical Fault,Warning
2023-10-26 17:00:00,Hydraulic_Press_01,Hydraulic Press,3550.7,322.0,Alignment Check,2.201,73.9,225.8,190.3,93.7,107.0,75.0,105.2,3.569,0.948,438.6,66031,1,0.1842,16069.0,Normal,Normal
2023-10-26 17:00:00,Electric_Arc_Furnace_01,Electric Arc Furnace,4187.0,1854.0,Alignment Check,1.267,116.2,1226.2,186.3,100.0,126.4,75.3,562.9,1.539,0.934,542.4,64581,0,0.0293,20063.5,Normal,Normal
2023-10-26 18:00:00,Electric_Arc_Furnace_03,Electric Arc Furnace,10547.2,1491.0,Lubrication,3.868,121.9,1320.5,191.2,75.6,105.4,77.7,681.5,1.491,0.96,421.9,168549,1,0.2769,13154.6,Normal,Normal
2023-10-26 18:00:00,Hot_Strip_Mill_03,Hot Strip Mill,33596.1,1447.0,Alignment Check,8.86,109.0,1124.8,164.4,24.5,66.6,86.2,595.1,6.409,0.788,160.9,507028,4,0.9744,5465.3,Bearing Failure,Critical
2023-10-26 19:00:00,Cold_Rolling_Mill_01,Cold Rolling Mill,22194.1,894.0,Lubrication,6.456,68.7,868.9,171.4,52.1,83.0,84.1,473.6,1.565,0.87,268.6,334834,6,0.698,14521.4,Thermal Degradation,Normal
2023-10-26 21:00:00,Rolling_Mill_01,Rolling Mill,19441.4,1288.0,Electrical Inspection,5.478,93.2,949.3,189.0,57.0,91.9,82.8,513.4,0.386,0.898,357.2,204958,1,0.566,22247.5,Bearing Failure,Normal
2023-10-26 22:00:00,Continuous_Caster_03,Continuous Caster,24716.9,1281.0,Alignment Check,7.686,109.1,685.9,165.5,37.7,70.4,83.6,360.7,5.727,0.804,258.6,203178,5,0.7702,10286.0,Mechanical Wear,Warning
2023-10-26 23:00:00,Annealing_Furnace_03,Annealing Furnace,14669.9,274.0,Bearing Replacement,3.827,125.5,422.7,192.0,62.1,105.9,76.4,195.6,5.532,0.917,370.9,151204,2,0.3857,18365.5,Normal,Normal
2023-10-27 02:00:00,Annealing_Furnace_03,Annealing Furnace,26556.8,1760.0,Lubrication,7.741,136.0,437.2,172.8,44.1,71.7,84.3,228.5,0.486,0.828,240.1,314129,2,0.7753,4537.3,Mechanical Wear,Critical
2023-10-27 09:00:00,Pickling_Line_02,Pickling Line,13823.8,1635.0,Full Overhaul,5.465,66.3,308.9,182.6,66.3,98.3,76.6,159.9,0.334,0.857,369.0,176988,3,0.4127,12573.4,Normal,Normal
2023-10-27 10:00:00,Annealing_Furnace_03,Annealing Furnace,28940.1,275.0,Full Overhaul,8.103,133.7,463.5,156.3,25.1,80.6,87.5,241.5,1.473,0.785,216.6,482029,4,0.8925,2338.3,Thermal Degradation,Critical
2023-10-27 11:00:00,Annealing_Furnace_03,Annealing Furnace,9428.6,646.0,Bearing Replacement,3.381,134.0,422.6,194.4,78.5,104.2,75.0,208.3,0.159,0.922,419.9,77190,0,0.3148,22373.7,Normal,Normal
2023-10-27 13:00:00,Rolling_Mill_02,Rolling Mill,9786.4,138.0,Bearing Replacement,3.29,91.6,975.2,187.7,78.7,106.9,75.3,458.5,1.507,0.93,397.0,146360,0,0.3141,30646.2,Normal,Normal
2023-10-27 14:00:00,Pickling_Line_03,Pickling Line,18331.2,690.0,Alignment Check,5.463,71.8,316.4,186.4,50.1,98.1,82.5,157.2,0.1,0.865,327.7,211422,1,0.5662,10744.7,Bearing Failure,Normal
2023-10-27 16:00:00,Continuous_Caster_03,Continuous Caster,22719.2,7.0,Bearing Replacement,6.348,116.4,696.0,181.6,51.6,89.3,82.5,365.0,0.719,0.819,277.3,259177,4,0.6405,14651.0,Thermal Degradation,Normal
2023-10-27 16:00:00,Electric_Arc_Furnace_02,Electric Arc Furnace,15133.6,1460.0,Bearing Replacement,3.841,119.1,1330.5,185.5,66.5,105.5,77.6,706.3,1.511,0.93,442.6,153777,0,0.3719,10108.0,Normal,Normal
2023-10-27 18:00:00,Electric_Arc_Furnace_02,Electric Arc Furnace,12813.7,1014.0,Electrical Inspection,3.453,111.7,1262.5,180.2,80.8,118.0,78.1,669.3,0.267,0.907,423.2,158897,2,0.3159,12276.1,Normal,Normal
2023-10-27 19:00:00,Continuous_Caster_01,Continuous Caster,8146.2,1734.0,Alignment Check,3.176,96.9,651.3,185.3,82.3,102.9,73.6,299.7,0.204,0.933,448.0,148285,1,0.2001,26959.6,Normal,Normal
2023-10-27 20:00:00,Cold_Rolling_Mill_03,Cold Rolling Mill,16496.3,623.0,Lubrication,4.554,67.2,845.7,179.5,62.0,98.9,78.0,424.3,0.199,0.894,347.7,181610,2,0.4626,19868.9,Normal,Normal
2023-10-28 04:00:00,Blast_Furnace_Blower_02,Blast Furnace Blower,19677.4,1448.0,Electrical Inspection,4.554,84.7,508.5,171.2,60.6,100.4,81.7,260.4,1.318,0.847,373.9,282033,1,0.4494,10663.7,Normal,Normal
2023-10-28 06:00:00,Hydraulic_Press_03,Hydraulic Press,5076.7,109.0,Alignment Check,2.178,68.3,222.9,196.1,95.1,104.2,75.4,117.6,1.128,0.942,459.5,85491,2,0.1382,15142.0,Normal,Normal
2023-10-28 06:00:00,Rolling_Mill_03,Rolling Mill,19529.5,1114.0,Electrical Inspection,5.05,96.9,983.3,175.4,61.8,91.0,79.1,509.7,3.197,0.871,326.6,373520,2,0.5188,18991.8,Normal,Normal
2023-10-28 06:00:00,Cold_Rolling_Mill_01,Cold Rolling Mill,11242.1,1754.0,Lubrication,2.969,65.9,796.6,193.0,73.0,101.3,76.6,400.1,2.191,0.921,419.9,94404,1,0.2684,25678.3,Normal,Normal
2023-10-28 09:00:00,Hydraulic_Press_03,Hydraulic Press,13796.6,816.0,Electrical Inspection,4.238,75.2,237.6,174.4,76.4,100.3,77.6,120.5,0.004,0.866,372.6,238896,3,0.399,7706.8,Normal,Normal
2023-10-28 10:00:00,Electric_Arc_Furnace_02,Electric Arc Furnace,9848.2,1246.0,Bearing Replacement,3.318,113.3,1272.7,195.3,96.3,105.0,77.7,656.1,0.735,0.94,411.2,107759,2,0.2619,14489.6,Normal,Normal
2023-10-28 11:00:00,Annealing_Furnace_03,Annealing Furnace,32606.2,1268.0,Seal Replacement,8.725,140.8,456.4,162.5,15.1,82.4,86.6,250.2,1.209,0.818,168.5,589273,4,0.9487,0.0,Electrical Fault,Immediate Action
2023-10-28 11:00:00,Cold_Rolling_Mill_02,Cold Rolling Mill,23948.4,1464.0,Full Overhaul,6.268,84.3,883.4,178.5,49.6,93.0,81.6,443.6,1.056,0.859,291.9,234006,3,0.6518,10568.9,Bearing Failure,Warning
2023-10-28 12:00:00,Hot_Strip_Mill_02,Hot Strip Mill,9259.9,457.0,Bearing Replacement,3.782,95.1,994.1,188.9,71.8,108.7,73.7,487.3,3.466,0.931,418.6,148453,2,0.2558,29597.3,Normal,Normal
2023-10-28 13:00:00,Annealing_Furnace_01,Annealing Furnace,22611.6,1496.0,Alignment Check,7.049,129.6,445.4,160.9,37.0,81.3,84.8,227.4,7.11,0.853,245.7,381426,4,0.769,10109.3,Bearing Failure,Normal
2023-10-28 14:00:00,Blast_Furnace_Blower_02,Blast Furnace Blower,29715.2,475.0,Bearing Replacement,8.16,90.1,527.7,171.4,22.3,64.8,84.5,281.6,0.324,0.836,196.5,423166,3,0.8802,0.0,Mechanical Wear,Immediate Action
2023-10-28 16:00:00,Pickling_Line_03,Pickling Line,14116.9,1196.0,Lubrication,3.872,60.4,306.3,189.3,78.5,93.3,79.4,161.9,0.21,0.903,390.4,171286,1,0.361,12780.6,Normal,Normal
2023-10-28 19:00:00,Electric_Arc_Furnace_02,Electric Arc Furnace,29065.5,320.0,Alignment Check,8.088,124.3,1430.0,169.1,26.8,77.6,81.9,765.9,3.565,0.82,195.7,287415,3,0.8924,0.0,Thermal Degradation,Immediate Action
2023-10-29 01:00:00,Annealing_Furnace_02,Annealing Furnace,5489.1,1473.0,Seal Replacement,2.764,125.2,395.8,191.3,86.3,109.3,74.5,192.7,2.954,0.907,436.9,50824,0,0.2343,28018.5,Normal,Normal
2023-10-29 02:00:00,Pickling_Line_01,Pickling Line,7881.8,312.0,Alignment Check,3.347,53.8,295.5,195.8,71.8,104.1,74.9,141.8,2.576,0.927,414.4,118159,1,0.2768,19810.2,Normal,Normal
2023-10-29 02:00:00,Continuous_Caster_03,Continuous Caster,28815.1,575.0,Lubrication,7.77,115.3,729.7,175.1,32.6,68.5,86.0,371.2,0.922,0.809,224.0,491808,2,0.8532,5304.3,Bearing Failure,Warning
2023-10-29 02:00:00,Pickling_Line_02,Pickling Line,18956.3,1303.0,Bearing Replacement,5.356,59.8,290.3,192.5,68.3,98.0,79.5,164.8,1.131,0.873,324.2,165315,4,0.5025,8931.0,Normal,Normal
2023-10-29 08:00:00,Hot_Strip_Mill_01,Hot Strip Mill,14309.2,462.0,Electrical Inspection,3.74,107.5,975.1,177.7,58.6,95.5,80.0,514.8,0.233,0.912,392.9,119439,2,0.38,24817.6,Normal,Normal
2023-10-29 09:00:00,Annealing_Furnace_01,Annealing Furnace,34581.0,1634.0,Alignment Check,9.015,136.2,496.1,161.3,17.1,71.2,88.9,255.0,3.861,0.753,176.9,467905,4,1.0,0.0,Thermal Degradation,Immediate Action
2023-10-29 11:00:00,Cold_Rolling_Mill_01,Cold Rolling Mill,27446.1,186.0,Full Overhaul,7.483,81.1,891.3,165.8,36.4,84.2,82.1,466.6,0.269,0.851,239.3,265132,1,0.7721,9209.3,Bearing Failure,Warning
2023-10-29 12:00:00,Cold_Rolling_Mill_01,Cold Rolling Mill,4119.2,1548.0,Full Overhaul,1.98,60.5,804.8,193.6,90.6,116.0,72.2,366.8,1.471,0.923,470.6,45067,0,0.1439,32616.5,Normal,Normal
2023-10-29 12:00:00,Electric_Arc_Furnace_02,Electric Arc Furnace,20170.5,195.0,Alignment Check,5.418,124.3,1445.5,170.8,47.0,88.5,80.1,686.6,0.075,0.833,337.6,318857,4,0.5623,4220.4,Mechanical Wear,Warning
2023-10-29 13:00:00,Rolling_Mill_03,Rolling Mill,14681.6,247.0,Bearing Replacement,4.759,91.6,965.6,186.2,62.7,91.7,78.9,469.5,0.363,0.895,419.1,179189,1,0.49,26432.5,Normal,Normal
2023-10-29 16:00:00,Cold_Rolling_Mill_01,Cold Rolling Mill,2577.9,279.0,Seal Replacement,1.243,59.7,771.4,194.1,99.2,103.8,72.2,381.3,0.729,0.93,483.2,39297,0,0.075,32029.9,Normal,Normal
2023-10-29 16:00:00,Ladle_Crane_01,Ladle Crane,9280.5,1790.0,Lubrication,3.817,50.3,354.1,182.5,76.0,98.2,77.3,188.5,3.016,0.883,380.1,158904,3,0.3836,41697.0,Normal,Normal
2023-10-29 18:00:00,Blast_Furnace_Blower_03,Blast Furnace Blower,19022.9,1363.0,Seal Replacement,5.031,87.9,510.7,177.6,55.7,95.5,81.3,271.5,4.424,0.863,367.3,317274,0,0.523,9960.3,Normal,Normal
2023-10-29 19:00:00,Hydraulic_Press_01,Hydraulic Press,31132.6,1197.0,Bearing Replacement,7.89,76.4,245.2,176.5,26.3,69.3,86.2,130.4,1.86,0.827,213.4,509241,6,0.8485,0.0,Thermal Degradation,Immediate Action
2023-10-29 20:00:00,Cold_Rolling_Mill_02,Cold Rolling Mill,23678.4,1456.0,Seal Replacement,6.033,77.2,870.8,178.5,43.2,84.9,83.4,432.1,1.0,0.839,309.6,442351,2,0.6024,14421.0,Lubrication Failure,Normal
2023-10-29 20:00:00,Electric_Arc_Furnace_01,Electric Arc Furnace,8813.8,1390.0,Alignment Check,2.455,111.5,1263.9,188.4,82.9,107.4,75.8,635.2,3.391,0.931,464.4,153063,3,0.2015,16133.7,Normal,Normal
2023-10-29 22:00:00,Blast_Furnace_Blower_01,Blast Furnace Blower,20118.1,731.0,Lubrication,5.768,80.9,518.8,185.3,52.0,96.2,77.5,275.9,2.436,0.884,307.0,337567,2,0.5866,9817.8,Lubrication Failure,Normal
2023-10-29 22:00:00,Electric_Arc_Furnace_02,Electric Arc Furnace,33018.9,1892.0,Seal Replacement,9.158,130.7,1561.5,160.8,22.2,67.4,87.0,793.3,6.88,0.838,163.0,291013,9,0.9961,0.0,Electrical Fault,Immediate Action
2023-10-30 03:00:00,Blast_Furnace_Blower_03,Blast Furnace Blower,25329.7,1017.0,Lubrication,6.385,98.2,523.5,168.7,37.6,91.9,83.7,261.2,5.835,0.84,269.3,237759,3,0.6785,5191.4,Electrical Fault,Warning
2023-10-30 08:00:00,Annealing_Furnace_03,Annealing Furnace,24162.6,1944.0,Bearing Replacement,6.749,131.2,437.2,168.4,42.3,76.0,83.2,226.2,0.138,0.869,310.1,350707,3,0.7297,6452.6,Mechanical Wear,Warning
2023-10-30 09:00:00,Hydraulic_Press_01,Hydraulic Press,33888.7,762.0,Alignment Check,8.495,84.0,255.0,158.9,28.6,76.2,87.6,128.4,1.609,0.81,233.8,406024,2,0.9252,0.0,Electrical Fault,Immediate Action
2023-10-30 09:00:00,Pickling_Line_02,Pickling Line,27980.7,1054.0,Seal Replacement,7.309,70.8,340.4,168.9,35.8,86.1,85.7,179.3,1.284,0.829,245.7,395420,4,0.7624,0.0,Mechanical Wear,Immediate Action
2023-10-30 10:00:00,Annealing_Furnace_01,Annealing Furnace,4868.2,1168.0,Lubrication,1.625,129.3,391.4,196.3,96.0,115.3,70.4,196.3,1.669,0.941,478.0,81524,0,0.0856,27112.4,Normal,Normal
2023-10-30 11:00:00,Hydraulic_Press_01,Hydraulic Press,12232.5,1127.0,Electrical Inspection,4.227,69.6,232.1,184.4,65.5,104.6,79.6,119.3,1.323,0.889,357.1,145591,2,0.4161,7237.2,Normal,Normal
2023-10-30 12:00:00,Cold_Rolling_Mill_01,Cold Rolling Mill,33783.4,1323.0,Seal Replacement,9.311,83.7,906.6,157.3,25.9,68.3,87.8,494.0,8.35,0.806,163.0,620087,2,1.0,1516.4,Lubrication Failure,Immediate Action
2023-10-30 14:00:00,Electric_Arc_Furnace_03,Electric Arc Furnace,17190.7,573.0,Alignment Check,4.436,113.4,1379.5,184.9,70.8,97.6,82.1,681.0,1.135,0.85,385.7,226080,1,0.4547,7945.5,Normal,Normal
2023-10-30 14:00:00,Cold_Rolling_Mill_02,Cold Rolling Mill,3996.1,130.0,Full Overhaul,1.717,62.4,750.1,205.1,94.2,102.5,71.9,372.7,0.723,0.942,514.9,47833,1,0.0737,31337.2,Normal,Normal
2023-10-30 15:00:00,Pickling_Line_03,Pickling Line,24425.1,1120.0,Seal Replacement,7.282,74.7,334.1,175.1,30.5,75.1,83.6,173.9,4.879,0.869,238.8,345619,3,0.7843,4795.9,Electrical Fault,Warning
2023-10-30 15:00:00,Electric_Arc_Furnace_02,Electric Arc Furnace,16105.3,397.0,Seal Replacement,5.279,122.8,1360.4,177.4,65.0,92.9,81.7,640.8,2.07,0.864,330.5,227853,2,0.4913,8070.6,Normal,Normal
2023-10-30 16:00:00,Continuous_Caster_03,Continuous Caster,34914.4,1715.0,Electrical Inspection,9.238,109.5,721.4,161.0,17.6,74.7,87.4,416.3,0.171,0.784,183.8,639020,5,1.0,0.0,Lubrication Failure,Immediate Action
2023-10-30 17:00:00,Hydraulic_Press_02,Hydraulic Press,18041.6,642.0,Alignment Check,4.995,74.3,229.0,183.5,57.3,100.6,83.0,113.4,3.684,0.863,377.3,256646,3,0.5063,2299.6,Normal,Critical
2023-10-30 17:00:00,Cold_Rolling_Mill_03,Cold Rolling Mill,11404.3,950.0,Seal Replacement,3.386,58.1,815.8,187.0,77.3,108.8,76.7,395.2,1.226,0.892,428.7,117393,0,0.3066,22100.4,Normal,Normal
2023-10-30 21:00:00,Continuous_Caster_01,Continuous Caster,30800.9,1462.0,Seal Replacement,8.183,109.1,728.8,169.8,33.1,67.3,82.5,370.0,2.572,0.822,218.1,546310,3,0.8184,3895.0,Electrical Fault,Critical
2023-10-30 23:00:00,Blast_Furnace_Blower_02,Blast Furnace Blower,12498.8,791.0,Bearing Replacement,3.771,76.1,480.9,189.7,68.1,104.1,77.6,251.1,2.556,0.912,392.7,200193,2,0.3373,17474.8,Normal,Normal
2023-10-31 07:00:00,Hot_Strip_Mill_02,Hot Strip Mill,3913.2,1644.0,Bearing Replacement,1.826,87.1,921.1,191.9,99.3,115.8,76.1,447.5,0.212,0.917,520.9,57440,2,0.1166,34267.1,Normal,Normal
2023-10-31 08:00:00,Hydraulic_Press_03,Hydraulic Press,33217.9,24.0,Lubrication,8.214,80.7,260.8,159.7,24.7,66.5,89.3,130.2,2.414,0.831,197.8,604446,7,0.8816,0.0,Thermal Degradation,Immediate Action
2023-10-31 08:00:00,Blast_Furnace_Blower_03,Blast Furnace Blower,17146.6,232.0,Full Overhaul,4.459,91.1,485.0,171.0,66.8,89.6,77.0,245.0,3.212,0.861,346.2,296288,1,0.4627,14530.8,Normal,Normal
2023-10-31 09:00:00,Rolling_Mill_01,Rolling Mill,17647.2,205.0,Seal Replacement,4.914,90.4,1038.5,181.4,56.2,105.0,81.7,491.5,0.4,0.891,324.8,154530,3,0.5153,22657.0,Normal,Normal
2023-10-31 10:00:00,Pickling_Line_03,Pickling Line,21779.9,70.0,Bearing Replacement,5.25,69.5,311.1,173.6,59.4,96.5,79.7,165.0,4.926,0.891,324.3,291383,2,0.5463,5232.5,Normal,Warning
2023-10-31 10:00:00,Cold_Rolling_Mill_02,Cold Rolling Mill,223.4,336.0,Lubrication,0.825,54.7,771.3,195.9,94.5,116.7,74.3,373.0,2.038,0.918,504.6,3675,0,0.0298,35934.2,Normal,Normal
2023-10-31 16:00:00,Annealing_Furnace_01,Annealing Furnace,32596.5,1974.0,Electrical Inspection,9.764,136.6,483.6,160.2,19.6,76.4,85.4,239.1,2.453,0.794,190.2,510998,4,0.9823,0.0,Lubrication Failure,Immediate Action
2023-10-31 19:00:00,Electric_Arc_Furnace_02,Electric Arc Furnace,12714.6,963.0,Alignment Check,3.988,111.7,1372.5,178.2,70.7,94.4,80.5,684.8,3.164,0.908,373.5,153270,1,0.3918,13038.1,Normal,Normal
2023-10-31 19:00:00,Ladle_Crane_02,Ladle Crane,13952.9,845.0,Full Overhaul,4.305,61.2,343.5,192.3,73.1,102.6,76.9,182.7,1.949,0.878,374.9,185103,3,0.3738,36253.0,Normal,Normal
2023-10-31 20:00:00,Cold_Rolling_Mill_03,Cold Rolling Mill,6176.4,1820.0,Electrical Inspection,3.009,68.5,777.2,189.2,85.6,111.9,77.5,398.4,0.668,0.925,453.3,87022,0,0.2351,29218.2,Normal,Normal
2023-10-31 22:00:00,Rolling_Mill_03,Rolling Mill,13297.5,1590.0,Lubrication,4.821,96.8,973.5,184.8,64.2,90.5,78.6,488.4,3.81,0.868,363.7,174746,0,0.4493,25614.4,Normal,Normal
2023-11-01 00:00:00,Blast_Furnace_Blower_03,Blast Furnace Blower,28157.6,544.0,Electrical Inspection,7.546,94.0,549.6,171.6,39.7,74.3,81.6,288.2,1.47,0.84,216.3,475880,10,0.8204,1737.5,Lubrication Failure,Critical
2023-11-01 01:00:00,Annealing_Furnace_03,Annealing Furnace,28019.7,1609.0,Seal Replacement,7.546,132.9,463.2,158.7,36.5,79.4,84.6,229.7,1.793,0.835,234.1,389613,3,0.808,2539.3,Bearing Failure,Critical
2023-11-01 01:00:00,Electric_Arc_Furnace_02,Electric Arc Furnace,32759.3,165.0,Electrical Inspection,8.307,128.2,1521.8,162.0,26.8,80.6,83.5,728.5,0.287,0.833,195.6,575645,8,0.905,0.0,Bearing Failure,Immediate Action
2023-11-01 03:00:00,Hydraulic_Press_03,Hydraulic Press,14172.7,1432.0,Bearing Replacement,4.825,68.5,230.8,188.9,73.5,109.0,77.1,120.4,1.729,0.898,402.8,190419,2,0.3846,5933.7,Normal,Warning
2023-11-01 03:00:00,Blast_Furnace_Blower_03,Blast Furnace Blower,24834.4,37.0,Bearing Replacement,7.615,101.0,538.3,164.5,39.5,89.8,88.9,294.2,2.791,0.853,251.3,211125,4,0.7632,5320.7,Bearing Failure,Warning
2023-11-01 08:00:00,Continuous_Caster_01,Continuous Caster,17802.6,420.0,Alignment Check,5.696,102.5,714.1,177.6,53.1,93.7,81.7,330.1,2.711,0.866,320.9,325977,3,0.6011,17950.9,Lubrication Failure,Normal
2023-11-01 14:00:00,Annealing_Furnace_03,Annealing Furnace,28160.4,1775.0,Electrical Inspection,7.275,132.2,456.5,164.2,32.4,81.1,83.9,246.7,0.323,0.838,238.1,473211,3,0.7838,5232.5,Lubrication Failure,Warning
2023-11-01 15:00:00,Continuous_Caster_01,Continuous Caster,24967.7,747.0,Full Overhaul,6.717,115.5,687.5,173.9,40.4,98.9,80.1,362.7,0.184,0.884,332.0,251300,3,0.7048,9958.3,Thermal Degradation,Warning
2023-11-01 17:00:00,Hydraulic_Press_01,Hydraulic Press,12939.8,940.0,Bearing Replacement,3.465,71.3,222.1,183.8,75.1,104.4,73.3,119.7,5.111,0.892,414.1,156540,2,0.3373,7106.3,Normal,Normal
2023-11-01 18:00:00,Blast_Furnace_Blower_02,Blast Furnace Blower,11849.9,1294.0,Electrical Inspection,3.717,83.8,482.1,187.8,70.2,107.1,75.1,234.5,0.731,0.902,407.3,103992,1,0.317,17817.4,Normal,Normal
2023-11-01 18:00:00,Rolling_Mill_02,Rolling Mill,8910.2,1388.0,Seal Replacement,2.642,88.5,899.8,198.8,84.8,116.4,73.7,440.1,4.728,0.912,466.4,122694,0,0.1917,31751.6,Normal,Normal
2023-11-01 22:00:00,Blast_Furnace_Blower_03,Blast Furnace Blower,20220.4,291.0,Alignment Check,5.98,84.2,530.3,179.6,42.6,85.5,79.1,273.9,2.966,0.854,298.0,272617,2,0.5992,9772.7,Bearing Failure,Normal
2023-11-02 00:00:00,Hydraulic_Press_02,Hydraulic Press,33738.1,1855.0,Bearing Replacement,8.505,80.3,272.4,160.4,37.5,80.1,84.1,137.4,3.2,0.81,260.6,343154,2,0.9005,0.0,Bearing Failure,Immediate Action
2023-11-02 00:00:00,Electric_Arc_Furnace_02,Electric Arc Furnace,7082.3,1136.0,Bearing Replacement,2.225,116.9,1243.6,195.7,89.4,107.0,71.6,624.3,0.31,0.928,449.5,72410,0,0.1749,18768.2,Normal,Normal
2023-11-02 02:00:00,Pickling_Line_01,Pickling Line,3424.3,1198.0,Alignment Check,1.434,57.8,274.9,198.2,90.2,120.1,72.7,143.5,0.866,0.932,476.1,37456,0,0.0948,24841.2,Normal,Normal
2023-11-02 03:00:00,Blast_Furnace_Blower_03,Blast Furnace Blower,4267.1,1282.0,Electrical Inspection,1.522,80.9,434.8,203.7,100.0,122.6,69.2,224.7,2.274,0.955,511.3,70451,0,0.0562,25661.3,Normal,Normal
2023-11-02 05:00:00,Pickling_Line_03,Pickling Line,27430.1,1706.0,Electrical Inspection,7.42,74.7,330.4,170.7,35.9,86.0,83.5,163.9,0.207,0.835,259.2,327186,2,0.745,340.3,Bearing Failure,Immediate Action
2023-11-02 05:00:00,Pickling_Line_02,Pickling Line,12318.7,421.0,Electrical Inspection,3.029,63.2,300.6,188.5,73.5,106.4,74.4,153.1,1.315,0.92,425.8,184288,1,0.2957,16084.9,Normal,Normal
2023-11-02 08:00:00,Hot_Strip_Mill_01,Hot Strip Mill,7930.4,1823.0,Full Overhaul,3.046,99.8,979.9,192.8,80.0,113.3,75.8,485.5,1.051,0.925,431.7,86259,0,0.2816,30620.2,Normal,Normal
2023-11-02 09:00:00,Hydraulic_Press_02,Hydraulic Press,12414.3,1562.0,Bearing Replacement,4.128,75.7,247.8,187.1,70.6,91.3,79.1,116.8,0.511,0.885,371.2,227484,2,0.4259,7421.6,Normal,Normal
2023-11-02 09:00:00,Hydraulic_Press_03,Hydraulic Press,22622.0,448.0,Seal Replacement,6.207,78.7,245.8,192.6,48.6,87.2,78.9,118.6,2.713,0.826,324.8,369443,5,0.6069,0.0,Lubrication Failure,Immediate Action
2023-11-02 11:00:00,Hot_Strip_Mill_02,Hot Strip Mill,19182.9,1598.0,Seal Replacement,6.392,102.4,1056.7,180.3,47.4,81.4,79.8,538.2,1.32,0.857,285.7,380920,3,0.6862,17934.5,Lubrication Failure,Normal
2023-11-02 11:00:00,Hot_Strip_Mill_01,Hot Strip Mill,26051.3,1009.0,Lubrication,6.766,97.2,1084.0,172.2,45.9,84.3,83.0,547.7,1.112,0.854,273.1,479774,6,0.6976,12462.8,Lubrication Failure,Normal
2023-11-02 12:00:00,Hydraulic_Press_03,Hydraulic Press,11933.7,1151.0,Electrical Inspection,3.351,68.9,216.8,186.8,74.3,103.3,74.8,117.5,0.501,0.89,416.7,114786,2,0.3198,7652.2,Normal,Normal
2023-11-02 14:00:00,Ladle_Crane_03,Ladle Crane,15875.8,1985.0,Lubrication,5.073,60.4,360.7,177.2,59.0,95.2,77.7,184.0,3.654,0.859,346.4,261578,3,0.4782,35282.3,Normal,Normal
2023-11-02 18:00:00,Rolling_Mill_03,Rolling Mill,3658.7,26.0,Lubrication,1.852,88.8,837.0,187.2,93.5,126.0,72.9,415.3,0.589,0.925,466.4,41799,0,0.1339,35961.2,Normal,Normal
2023-11-02 19:00:00,Ladle_Crane_02,Ladle Crane,2649.7,1872.0,Full Overhaul,1.126,44.6,338.3,198.2,85.1,114.4,75.3,161.1,0.566,0.936,487.4,40106,0,0.0598,49861.0,Normal,Normal
2023-11-03 01:00:00,Electric_Arc_Furnace_02,Electric Arc Furnace,16232.7,1451.0,Alignment Check,5.025,125.2,1306.9,168.6,59.2,93.4,83.2,716.1,1.614,0.873,356.1,255984,2,0.5185,8796.6,Normal,Normal
2023-11-03 01:00:00,Hot_Strip_Mill_03,Hot Strip Mill,10625.7,697.0,Full Overhaul,3.709,95.5,1008.7,195.4,67.5,111.5,75.5,488.9,0.837,0.895,379.9,181034,2,0.3635,27645.6,Normal,Normal
2023-11-03 03:00:00,Cold_Rolling_Mill_03,Cold Rolling Mill,21486.7,1459.0,Electrical Inspection,6.181,75.1,883.3,171.4,50.3,93.7,79.1,414.1,0.706,0.857,291.1,302988,3,0.6135,13002.7,Bearing Failure,Normal
2023-11-03 03:00:00,Cold_Rolling_Mill_03,Cold Rolling Mill,1600.8,405.0,Electrical Inspection,1.197,66.1,790.3,205.0,93.5,120.1,69.5,371.8,0.603,0.899,491.6,19982,0,0.0382,35918.3,Normal,Normal
2023-11-03 03:00:00,Continuous_Caster_02,Continuous Caster,4349.6,1027.0,Alignment Check,1.412,99.3,597.5,195.7,86.5,122.7,74.6,301.2,1.138,0.956,488.8,84135,0,0.0937,30610.5,Normal,Normal
2023-11-03 05:00:00,Hot_Strip_Mill_01,Hot Strip Mill,30295.2,1632.0,Electrical Inspection,7.617,110.5,1081.5,170.4,31.7,74.4,85.4,579.5,5.353,0.807,219.7,364213,2,0.8136,9687.9,Electrical Fault,Warning
2023-11-03 08:00:00,Cold_Rolling_Mill_02,Cold Rolling Mill,19864.3,419.0,Seal Replacement,5.008,72.4,871.0,172.6,55.0,99.7,82.3,444.5,0.403,0.861,355.8,228780,7,0.5275,16187.8,Normal,Normal
2023-11-03 08:00:00,Continuous_Caster_02,Continuous Caster,24950.7,1121.0,Electrical Inspection,7.318,102.2,717.3,173.4,39.6,90.1,87.3,389.5,9.27,0.815,264.9,293390,2,0.7401,9824.5,Lubrication Failure,Warning
2023-11-03 10:00:00,Rolling_Mill_03,Rolling Mill,29484.8,85.0,Seal Replacement,7.754,107.1,1041.5,167.0,32.5,85.9,84.4,537.4,0.442,0.869,236.3,527587,8,0.8425,9901.4,Bearing Failure,Warning
2023-11-03 13:00:00,Ladle_Crane_03,Ladle Crane,16287.8,1673.0,Lubrication,5.012,57.3,363.3,191.7,66.9,100.3,76.1,198.0,4.336,0.888,344.4,254371,3,0.4532,34675.5,Normal,Normal
2023-11-03 17:00:00,Rolling_Mill_01,Rolling Mill,26661.0,701.0,Electrical Inspection,7.005,98.4,997.3,164.4,48.8,81.3,84.9,553.7,1.532,0.835,243.7,272229,2,0.7332,13963.9,Electrical Fault,Normal
2023-11-03 18:00:00,Cold_Rolling_Mill_03,Cold Rolling Mill,18408.0,655.0,Bearing Replacement,4.989,67.6,821.8,173.5,60.5,101.0,77.6,440.2,0.7,0.851,327.2,190372,4,0.4985,16151.2,Normal,Normal
2023-11-03 21:00:00,Hydraulic_Press_02,Hydraulic Press,7873.9,512.0,Seal Replacement,2.446,69.9,216.7,186.0,77.0,102.7,72.5,116.0,1.433,0.926,444.7,73561,2,0.2227,11784.7,Normal,Normal
2023-11-03 22:00:00,Blast_Furnace_Blower_03,Blast Furnace Blower,11884.2,1438.0,Electrical Inspection,3.355,76.9,486.3,176.6,77.2,107.1,79.9,256.2,3.594,0.896,385.5,154902,2,0.3333,18766.0,Normal,Normal
2023-11-03 23:00:00,Hydraulic_Press_02,Hydraulic Press,17213.2,348.0,Seal Replacement,4.921,78.6,231.1,176.2,62.0,97.9,74.5,123.6,1.895,0.878,340.7,236153,2,0.4918,2400.1,Normal,Critical
2023-11-03 23:00:00,Blast_Furnace_Blower_03,Blast Furnace Blower,11159.3,68.0,Seal Replacement,3.21,80.3,479.5,183.4,71.3,106.8,78.6,237.1,1.528,0.926,428.7,136238,3,0.2966,18105.4,Normal,Normal
2023-11-04 02:00:00,Continuous_Caster_01,Continuous Caster,11809.9,557.0,Electrical Inspection,3.121,97.5,645.2,187.7,76.1,104.5,77.4,325.1,1.46,0.873,402.5,150190,3,0.3039,23396.1,Normal,Normal
2023-11-04 03:00:00,Hot_Strip_Mill_02,Hot Strip Mill,4387.1,100.0,Alignment Check,2.004,95.1,905.9,186.3,83.1,115.0,75.5,490.6,0.545,0.903,487.7,63904,2,0.1578,33083.9,Normal,Normal
2023-11-04 03:00:00,Rolling_Mill_03,Rolling Mill,11875.0,1326.0,Lubrication,3.929,94.5,960.9,186.7,76.2,111.1,76.1,464.6,1.246,0.914,382.1,181968,1,0.3397,28229.6,Normal,Normal
2023-11-04 05:00:00,Rolling_Mill_02,Rolling Mill,3054.0,854.0,Electrical Inspection,1.116,89.5,843.8,203.6,92.2,121.5,73.9,442.3,0.736,0.956,503.0,40512,0,0.0618,39066.8,Normal,Normal
2023-11-04 06:00:00,Pickling_Line_03,Pickling Line,1722.7,1613.0,Lubrication,0.966,49.9,279.6,203.0,100.0,120.6,70.5,141.0,0.421,0.959,500.7,24042,0,0.0,26152.1,Normal,Normal
2023-11-04 08:00:00,Rolling_Mill_01,Rolling Mill,3972.4,854.0,Lubrication,1.616,88.8,833.3,202.9,94.9,123.6,71.8,410.0,0.569,0.896,492.1,69563,0,0.0451,34509.6,Normal,Normal
2023-11-04 09:00:00,Blast_Furnace_Blower_02,Blast Furnace Blower,12095.4,1105.0,Electrical Inspection,4.004,90.1,453.8,190.1,60.3,98.4,83.3,247.3,0.784,0.891,369.6,171668,2,0.3993,16447.6,Normal,Normal
2023-11-04 10:00:00,Electric_Arc_Furnace_01,Electric Arc Furnace,20826.1,855.0,Bearing Replacement,6.429,122.7,1371.3,169.4,60.1,82.0,83.3,702.5,5.187,0.835,315.0,405968,4,0.6447,4940.7,Lubrication Failure,Warning
2023-11-04 10:00:00,Pickling_Line_02,Pickling Line,6666.3,348.0,Bearing Replacement,2.711,59.0,293.4,188.3,79.2,106.4,79.7,160.8,1.869,0.938,423.8,97528,0,0.2228,20411.9,Normal,Normal
2023-11-04 10:00:00,Electric_Arc_Furnace_03,Electric Arc Furnace,31091.5,1942.0,Lubrication,9.642,122.7,1480.7,165.4,23.4,71.3,85.3,759.4,12.197,0.818,209.5,370779,3,0.914,0.0,Bearing Failure,Immediate Action
2023-11-04 11:00:00,Blast_Furnace_Blower_02,Blast Furnace Blower,28312.5,381.0,Seal Replacement,7.877,92.5,533.7,172.1,29.3,65.7,83.5,275.4,2.098,0.798,272.2,547085,4,0.8598,900.9,Mechanical Wear,Immediate Action
2023-11-04 13:00:00,Ladle_Crane_03,Ladle Crane,18266.4,1241.0,Bearing Replacement,5.761,51.0,376.4,181.5,59.1,94.8,80.4,185.2,2.39,0.864,333.1,167630,3,0.5047,31580.4,Normal,Normal
2023-11-04 14:00:00,Pickling_Line_01,Pickling Line,25374.9,545.0,Electrical Inspection,6.835,74.3,337.8,170.8,43.0,76.6,81.9,172.3,0.592,0.866,244.3,468931,5,0.7319,2917.4,Electrical Fault,Critical
2023-11-04 14:00:00,Ladle_Crane_03,Ladle Crane,12884.9,1647.0,Bearing Replacement,3.46,61.3,335.7,183.6,68.2,102.1,77.2,174.9,1.319,0.894,390.1,121966,0,0.3296,35066.8,Normal,Normal
2023-11-04 14:00:00,Electric_Arc_Furnace_02,Electric Arc Furnace,1383.5,1588.0,Seal Replacement,0.895,120.4,1187.2,192.3,100.0,118.7,70.6,641.0,1.876,0.929,491.9,21732,0,0.0308,23274.7,Normal,Normal
2023-11-04 14:00:00,Electric_Arc_Furnace_03,Electric Arc Furnace,31661.2,912.0,Bearing Replacement,9.089,126.6,1475.1,165.9,12.9,66.7,86.8,808.5,4.047,0.83,181.3,590893,10,0.9994,0.0,Electrical Fault,Immediate Action
2023-11-04 16:00:00,Electric_Arc_Furnace_03,Electric Arc Furnace,4560.0,379.0,Electrical Inspection,1.611,108.8,1188.1,194.7,90.6,116.4,70.8,600.1,0.46,0.942,477.5,42292,0,0.089,19716.0,Normal,Normal
2023-11-04 17:00:00,Blast_Furnace_Blower_03,Blast Furnace Blower,33183.0,96.0,Electrical Inspection,8.33,95.2,565.6,164.8,32.6,74.6,84.9,278.0,9.57,0.815,234.3,663480,6,0.8898,0.0,Thermal Degradation,Immediate Action
2023-11-04 21:00:00,Cold_Rolling_Mill_01,Cold Rolling Mill,20058.7,953.0,Lubrication,5.399,70.3,831.6,186.1,58.4,86.8,81.4,416.6,9.227,0.848,351.9,276462,4,0.5634,15267.6,Lubrication Failure,Normal
2023-11-04 21:00:00,Annealing_Furnace_02,Annealing Furnace,10764.2,328.0,Full Overhaul,2.987,125.8,408.5,186.8,63.0,102.0,76.9,234.0,0.951,0.885,408.6,149468,2,0.2876,22073.9,Normal,Normal
2023-11-05 00:00:00,Cold_Rolling_Mill_02,Cold Rolling Mill,17393.8,1898.0,Seal Replacement,4.952,80.0,834.0,180.1,58.8,97.9,80.7,422.9,2.682,0.897,340.0,210714,3,0.5103,17833.2,Normal,Normal
2023-11-05 01:00:00,Hydraulic_Press_02,Hydraulic Press,17606.9,273.0,Bearing Replacement,5.257,71.5,237.2,176.1,56.8,95.2,78.7,122.1,0.229,0.856,367.8,224318,4,0.5427,2663.6,Normal,Critical
2023-11-05 02:00:00,Pickling_Line_01,Pickling Line,912.7,471.0,Alignment Check,0.706,56.2,289.2,193.3,100.0,130.0,71.7,137.7,1.922,0.941,499.2,12287,0,0.0074,27436.6,Normal,Normal
2023-11-05 03:00:00,Blast_Furnace_Blower_02,Blast Furnace Blower,12505.5,1537.0,Lubrication,4.565,85.8,506.3,183.3,59.9,93.4,76.7,244.9,1.211,0.891,367.7,126938,2,0.4626,16143.5,Normal,Normal
2023-11-05 04:00:00,Cold_Rolling_Mill_03,Cold Rolling Mill,25921.3,862.0,Full Overhaul,7.333,80.2,908.6,158.3,34.5,78.8,85.4,485.3,1.083,0.85,220.3,358599,5,0.8021,9532.5,Electrical Fault,Warning
2023-11-05 04:00:00,Cold_Rolling_Mill_01,Cold Rolling Mill,17901.4,716.0,Full Overhaul,4.71,66.0,845.9,188.5,64.7,92.8,83.5,435.6,1.555,0.874,346.1,271428,2,0.4733,17979.7,Normal,Normal
2023-11-05 05:00:00,Continuous_Caster_03,Continuous Caster,8623.6,725.0,Alignment Check,3.103,105.8,645.1,180.2,84.3,102.6,75.3,318.8,2.438,0.897,429.5,71632,2,0.2424,26655.1,Normal,Normal
2023-11-05 06:00:00,Cold_Rolling_Mill_02,Cold Rolling Mill,11795.3,1059.0,Lubrication,3.649,68.3,794.6,184.2,63.7,98.2,76.4,388.4,1.569,0.862,388.7,199800,1,0.3634,23949.4,Normal,Normal
2023-11-05 07:00:00,Annealing_Furnace_01,Annealing Furnace,30220.6,1070.0,Electrical Inspection,7.534,133.1,450.3,164.6,36.5,74.6,79.6,235.9,5.4,0.868,250.1,445273,7,0.822,2779.6,Electrical Fault,Critical
2023-11-05 12:00:00,Hydraulic_Press_02,Hydraulic Press,18441.7,648.0,Electrical Inspection,4.293,72.8,234.6,188.8,67.8,99.7,77.1,120.5,2.093,0.902,356.3,171796,3,0.4237,1621.2,Normal,Critical
2023-11-05 14:00:00,Cold_Rolling_Mill_01,Cold Rolling Mill,18539.5,1388.0,Seal Replacement,5.961,76.5,851.1,171.5,54.1,85.6,82.9,430.2,3.24,0.869,292.5,335791,4,0.6262,17941.7,Lubrication Failure,Normal
2023-11-05 15:00:00,Continuous_Caster_01,Continuous Caster,33655.2,573.0,Seal Replacement,8.45,121.5,729.6,155.9,23.1,72.2,86.2,392.8,2.684,0.779,189.2,469869,3,0.9062,723.0,Lubrication Failure,Immediate Action
2023-11-05 17:00:00,Pickling_Line_02,Pickling Line,11298.8,480.0,Alignment Check,4.488,60.9,307.9,179.0,72.9,98.6,79.3,162.1,0.574,0.886,389.9,148071,0,0.3654,17087.7,Normal,Normal
2023-11-05 19:00:00,Blast_Furnace_Blower_01,Blast Furnace Blower,16836.0,1735.0,Electrical Inspection,5.316,93.8,523.0,168.9,49.3,91.0,83.2,264.2,6.361,0.878,335.7,212097,4,0.516,14906.8,Normal,Normal
2023-11-05 21:00:00,Hydraulic_Press_01,Hydraulic Press,28428.8,224.0,Seal Replacement,7.406,85.4,255.9,173.7,36.4,80.3,82.8,125.3,6.187,0.825,261.0,495147,2,0.7715,0.0,Bearing Failure,Immediate Action
2023-11-05 23:00:00,Hydraulic_Press_01,Hydraulic Press,26586.0,1940.0,Seal Replacement,7.951,80.1,265.1,175.1,29.8,88.7,83.0,129.3,12.693,0.803,203.7,238522,2,0.8576,0.0,Bearing Failure,Immediate Action
2023-11-05 23:00:00,Continuous_Caster_01,Continuous Caster,9376.4,1132.0,Bearing Replacement,2.906,102.8,643.3,195.4,78.7,108.5,77.5,330.1,0.155,0.885,439.0,154385,2,0.2711,25317.5,Normal,Normal
2023-11-06 03:00:00,Pickling_Line_01,Pickling Line,5373.1,1855.0,Seal Replacement,2.097,61.7,292.2,194.0,90.8,115.2,74.6,153.2,0.992,0.926,452.4,84064,2,0.1604,23403.3,Normal,Normal
2023-11-06 04:00:00,Electric_Arc_Furnace_01,Electric Arc Furnace,9092.2,833.0,Lubrication,2.439,110.5,1266.2,192.3,93.7,112.2,71.8,625.6,0.938,0.918,451.2,176538,2,0.1542,16091.9,Normal,Normal
2023-11-06 04:00:00,Ladle_Crane_03,Ladle Crane,24554.6,1964.0,Electrical Inspection,6.46,56.5,363.6,176.9,44.6,79.0,79.3,186.9,1.271,0.85,298.2,321189,0,0.6246,26962.8,Bearing Failure,Normal
2023-11-06 06:00:00,Rolling_Mill_03,Rolling Mill,32301.4,386.0,Full Overhaul,8.418,102.7,1075.5,161.0,15.4,70.9,87.4,529.6,0.101,0.803,194.2,471879,5,0.9108,7608.9,Electrical Fault,Warning
2023-11-06 06:00:00,Pickling_Line_01,Pickling Line,4610.7,1874.0,Electrical Inspection,2.256,57.4,289.0,194.8,75.8,111.9,75.3,146.4,2.519,0.928,434.8,69849,0,0.1966,22133.4,Normal,Normal
2023-11-06 07:00:00,Ladle_Crane_03,Ladle Crane,11209.2,1700.0,Seal Replacement,2.508,50.6,342.5,184.5,86.5,113.3,72.8,179.2,0.047,0.887,443.6,192319,2,0.2272,38742.2,Normal,Normal
2023-11-06 11:00:00,Rolling_Mill_02,Rolling Mill,2012.1,362.0,Electrical Inspection,1.061,95.0,892.3,200.3,95.3,117.1,73.3,432.7,0.018,0.958,478.3,31195,0,0.0648,38666.2,Normal,Normal
2023-11-06 14:00:00,Pickling_Line_03,Pickling Line,24645.4,303.0,Alignment Check,7.075,71.0,322.6,171.6,51.9,83.8,80.4,163.9,2.048,0.821,270.5,446440,1,0.7082,2711.8,Bearing Failure,Critical
2023-11-06 15:00:00,Rolling_Mill_02,Rolling Mill,31205.1,1981.0,Electrical Inspection,8.698,111.3,1066.6,165.3,27.5,71.9,87.7,523.1,3.518,0.818,194.0,335370,4,0.9536,7270.8,Lubrication Failure,Warning
2023-11-06 16:00:00,Pickling_Line_02,Pickling Line,32827.6,908.0,Seal Replacement,9.029,85.5,327.4,156.3,21.9,62.2,88.1,187.9,0.538,0.811,203.3,287667,5,0.9449,0.0,Electrical Fault,Immediate Action
2023-11-06 16:00:00,Annealing_Furnace_03,Annealing Furnace,22292.0,1156.0,Full Overhaul,6.479,136.0,452.2,175.2,45.0,84.2,84.2,227.5,2.184,0.798,302.0,388527,5,0.6877,9805.9,Lubrication Failure,Normal
2023-11-06 17:00:00,Rolling_Mill_01,Rolling Mill,3161.9,1670.0,Lubrication,1.147,77.8,833.1,205.6,97.5,112.2,73.3,441.4,1.496,0.961,500.0,62684,0,0.0543,36887.0,Normal,Normal
2023-11-06 17:00:00,Blast_Furnace_Blower_03,Blast Furnace Blower,4584.8,1249.0,Lubrication,1.612,74.3,457.0,198.9,86.8,112.5,74.6,224.2,0.922,0.924,500.8,74268,2,0.1263,24202.6,Normal,Normal
2023-11-06 19:00:00,Blast_Furnace_Blower_02,Blast Furnace Blower,29360.6,29.0,Bearing Replacement,7.183,91.7,531.0,172.8,34.6,69.1,83.4,284.2,2.846,0.823,227.5,477071,4,0.7816,900.3,Thermal Degradation,Immediate Action
2023-11-06 20:00:00,Pickling_Line_02,Pickling Line,29957.3,202.0,Alignment Check,7.684,73.1,334.2,162.6,35.3,79.8,82.7,167.2,7.885,0.836,281.9,358152,4,0.8246,0.0,Lubrication Failure,Immediate Action
2023-11-06 21:00:00,Continuous_Caster_03,Continuous Caster,29103.3,1367.0,Full Overhaul,7.112,116.8,715.8,173.5,34.5,73.1,86.0,358.3,0.698,0.835,258.4,409726,3,0.7762,5396.4,Lubrication Failure,Warning
2023-11-07 00:00:00,Continuous_Caster_03,Continuous Caster,27983.9,1358.0,Electrical Inspection,7.47,118.5,735.5,170.6,37.5,80.8,85.2,364.9,0.14,0.815,240.0,557265,4,0.7943,9206.9,Mechanical Wear,Warning
2023-11-07 05:00:00,Pickling_Line_01,Pickling Line,12741.8,1971.0,Alignment Check,4.056,56.0,315.6,176.2,78.7,98.2,75.8,158.4,1.019,0.882,385.5,175159,0,0.3623,15303.5,Normal,Normal
2023-11-07 06:00:00,Annealing_Furnace_01,Annealing Furnace,7689.4,54.0,Full Overhaul,2.589,123.4,401.6,190.7,86.3,103.1,71.9,186.8,1.037,0.916,430.0,134206,3,0.206,23156.7,Normal,Normal
2023-11-07 06:00:00,Hot_Strip_Mill_03,Hot Strip Mill,32515.3,158.0,Full Overhaul,8.657,109.2,1145.3,166.9,22.9,76.9,84.9,598.9,2.441,0.832,173.1,331260,5,0.9345,5108.3,Mechanical Wear,Critical
2023-11-07 07:00:00,Hot_Strip_Mill_02,Hot Strip Mill,10814.3,960.0,Lubrication,3.461,91.1,986.8,188.3,78.9,108.6,79.0,470.4,3.617,0.916,411.3,195633,2,0.286,25917.0,Normal,Normal
2023-11-07 08:00:00,Hydraulic_Press_02,Hydraulic Press,14004.4,1317.0,Full Overhaul,4.336,73.3,232.7,185.1,66.0,100.4,79.6,116.7,2.027,0.87,417.8,141671,0,0.4422,5895.2,Normal,Warning
2023-11-07 10:00:00,Continuous_Caster_03,Continuous Caster,10338.1,512.0,Alignment Check,2.902,105.1,641.9,190.7,80.2,101.1,78.7,317.0,1.873,0.882,415.1,96078,4,0.2712,24943.5,Normal,Normal
2023-11-07 10:00:00,Ladle_Crane_03,Ladle Crane,24514.6,517.0,Full Overhaul,7.084,63.6,391.0,168.7,44.1,82.0,83.2,180.2,7.168,0.844,265.8,488422,2,0.7119,26188.1,Thermal Degradation,Normal
2023-11-07 12:00:00,Annealing_Furnace_02,Annealing Furnace,28687.6,78.0,Electrical Inspection,7.106,136.7,455.1,175.9,43.6,78.9,79.3,245.8,1.092,0.822,245.7,360878,3,0.7613,2227.4,Bearing Failure,Critical
2023-11-07 14:00:00,Annealing_Furnace_03,Annealing Furnace,2544.2,93.0,Bearing Replacement,1.124,128.2,375.5,199.8,99.9,115.7,72.9,186.3,1.693,0.94,483.1,41797,0,0.0686,28251.5,Normal,Normal
2023-11-07 16:00:00,Blast_Furnace_Blower_02,Blast Furnace Blower,27712.3,180.0,Alignment Check,7.747,93.4,550.4,167.4,32.1,70.6,87.2,295.4,2.077,0.799,278.1,469491,4,0.8488,2665.2,Lubrication Failure,Critical
2023-11-07 20:00:00,Cold_Rolling_Mill_01,Cold Rolling Mill,21104.6,138.0,Electrical Inspection,6.683,77.8,878.1,175.3,42.5,90.3,79.5,421.5,4.325,0.848,281.5,246414,3,0.6325,15591.0,Lubrication Failure,Normal
2023-11-08 00:00:00,Hydraulic_Press_01,Hydraulic Press,20097.5,1760.0,Full Overhaul,5.766,73.9,247.6,175.2,51.5,96.8,79.4,120.4,5.248,0.887,309.5,305024,3,0.6121,0.0,Thermal Degradation,Immediate Action
2023-11-08 01:00:00,Ladle_Crane_01,Ladle Crane,16097.4,814.0,Bearing Replacement,4.839,51.8,357.5,176.6,59.5,93.4,79.0,183.8,1.917,0.859,338.4,145208,3,0.4961,30096.1,Normal,Normal
2023-11-08 01:00:00,Rolling_Mill_01,Rolling Mill,9768.9,1517.0,Full Overhaul,3.615,100.1,903.7,184.8,75.6,102.9,76.0,473.3,2.403,0.922,384.3,82346,2,0.3399,28841.0,Normal,Normal
2023-11-08 03:00:00,Annealing_Furnace_01,Annealing Furnace,16296.1,255.0,Seal Replacement,4.952,128.2,433.0,180.6,53.2,103.9,78.9,221.7,1.471,0.856,339.7,157246,3,0.5087,16650.8,Normal,Normal
2023-11-08 04:00:00,Hydraulic_Press_02,Hydraulic Press,15806.0,22.0,Alignment Check,5.014,78.2,238.8,171.8,65.8,100.4,79.2,113.4,3.204,0.843,357.4,201725,1,0.4591,3750.9,Normal,Warning
2023-11-08 05:00:00,Electric_Arc_Furnace_01,Electric Arc Furnace,20473.0,1996.0,Seal Replacement,5.992,119.2,1357.2,183.8,55.5,93.1,79.3,737.9,3.136,0.876,306.4,283847,5,0.5646,4266.6,Thermal Degradation,Warning
2023-11-08 06:00:00,Hot_Strip_Mill_02,Hot Strip Mill,9926.9,1594.0,Seal Replacement,3.401,98.1,951.0,184.4,68.9,100.7,76.3,491.2,2.262,0.865,397.8,91219,1,0.3274,28703.9,Normal,Normal
2023-11-08 14:00:00,Rolling_Mill_03,Rolling Mill,2808.1,1665.0,Alignment Check,0.529,84.5,839.5,194.1,89.6,125.1,70.3,440.3,0.033,0.952,545.8,37280,0,0.0,36824.4,Normal,Normal
2023-11-08 14:00:00,Blast_Furnace_Blower_02,Blast Furnace Blower,5163.6,1204.0,Bearing Replacement,2.363,82.1,495.2,201.6,87.5,109.8,74.8,232.6,1.282,0.903,428.6,97728,3,0.2109,26094.1,Normal,Normal
2023-11-08 16:00:00,Electric_Arc_Furnace_02,Electric Arc Furnace,24501.3,395.0,Electrical Inspection,6.937,127.5,1385.3,171.6,36.3,84.6,83.4,740.5,1.149,0.868,317.1,370736,7,0.7345,218.6,Electrical Fault,Immediate Action
2023-11-08 17:00:00,Rolling_Mill_03,Rolling Mill,885.0,47.0,Bearing Replacement,1.513,84.5,847.3,201.1,84.0,101.5,73.8,432.3,0.43,0.952,462.6,10350,1,0.1072,38082.2,Normal,Normal
2023-11-08 18:00:00,Hot_Strip_Mill_01,Hot Strip Mill,29989.9,1494.0,Full Overhaul,7.489,109.0,1130.6,164.6,33.1,85.2,82.8,576.7,7.432,0.841,239.2,307624,1,0.8009,9357.9,Lubrication Failure,Warning
2023-11-08 19:00:00,Electric_Arc_Furnace_01,Electric Arc Furnace,24334.5,1622.0,Electrical Inspection,7.33,120.5,1420.4,175.5,45.6,83.1,81.8,749.7,5.831,0.839,252.8,344319,2,0.7534,701.4,Lubrication Failure,Immediate Action
2023-11-08 21:00:00,Cold_Rolling_Mill_02,Cold Rolling Mill,26906.2,962.0,Lubrication,7.48,82.9,872.8,171.6,36.8,76.7,83.3,469.8,3.801,0.839,219.6,292727,4,0.8019,7929.1,Lubrication Failure,Warning
2023-11-09 01:00:00,Pickling_Line_03,Pickling Line,29275.9,1244.0,Electrical Inspection,7.417,72.6,324.6,166.2,37.7,84.1,83.3,174.1,0.793,0.853,237.2,565345,5,0.8061,0.0,Electrical Fault,Immediate Action
2023-11-09 02:00:00,Hot_Strip_Mill_02,Hot Strip Mill,4382.6,1957.0,Electrical Inspection,1.639,80.3,942.1,186.8,90.3,116.0,71.5,435.6,0.237,0.908,490.4,52281,1,0.1184,33281.9,Normal,Normal
2023-11-09 04:00:00,Electric_Arc_Furnace_01,Electric Arc Furnace,28803.5,675.0,Bearing Replacement,7.815,121.0,1455.9,172.8,36.5,84.1,82.3,782.3,3.814,0.805,216.8,246017,0,0.8126,0.0,Thermal Degradation,Immediate Action
2023-11-09 05:00:00,Hydraulic_Press_02,Hydraulic Press,17712.0,1700.0,Seal Replacement,4.812,77.5,239.3,179.5,60.0,92.0,80.3,130.0,2.063,0.879,343.2,308242,0,0.4878,2345.0,Normal,Critical
2023-11-09 10:00:00,Continuous_Caster_03,Continuous Caster,31004.8,1746.0,Bearing Replacement,7.543,115.2,707.3,173.2,32.2,76.4,79.6,376.7,1.423,0.829,239.7,542489,4,0.8184,3829.2,Electrical Fault,Critical
2023-11-09 12:00:00,Hot_Strip_Mill_02,Hot Strip Mill,31041.9,167.0,Lubrication,8.705,107.3,1080.7,160.4,21.1,70.5,87.3,565.2,4.611,0.841,200.5,579925,6,0.9456,5034.5,Mechanical Wear,Critical
2023-11-09 15:00:00,Electric_Arc_Furnace_02,Electric Arc Furnace,943.8,950.0,Seal Replacement,0.682,110.6,1219.4,199.6,98.5,115.7,72.7,593.7,0.592,0.965,534.6,16828,0,0.0,23261.7,Normal,Normal
2023-11-09 16:00:00,Hot_Strip_Mill_02,Hot Strip Mill,13462.0,1159.0,Electrical Inspection,3.429,99.5,946.5,188.5,85.5,102.0,78.7,517.7,0.262,0.882,385.5,155684,1,0.3321,26664.5,Normal,Normal
2023-11-09 17:00:00,Hydraulic_Press_03,Hydraulic Press,18471.3,289.0,Bearing Replacement,7.129,82.0,239.8,186.4,55.8,94.4,80.6,122.0,1.445,0.858,316.1,316668,2,0.5877,1577.5,Mechanical Wear,Critical
2023-11-09 21:00:00,Blast_Furnace_Blower_02,Blast Furnace Blower,23774.8,822.0,Lubrication,6.116,90.8,506.6,171.6,47.0,85.7,83.5,279.8,2.475,0.861,312.3,435060,6,0.6091,7437.2,Lubrication Failure,Warning
2023-11-10 07:00:00,Ladle_Crane_02,Ladle Crane,10087.9,906.0,Bearing Replacement,3.175,48.2,357.7,187.0,71.5,107.9,77.9,175.8,0.704,0.872,410.8,183054,2,0.2731,40375.3,Normal,Normal
2023-11-10 08:00:00,Cold_Rolling_Mill_02,Cold Rolling Mill,8899.8,555.0,Electrical Inspection,2.818,69.5,809.1,189.1,83.2,99.3,79.9,383.2,2.037,0.912,502.3,119752,3,0.2046,28436.3,Normal,Normal
2023-11-10 10:00:00,Hydraulic_Press_01,Hydraulic Press,13406.2,180.0,Full Overhaul,4.781,65.6,251.0,178.3,54.3,98.8,83.6,123.9,0.783,0.866,362.6,220283,0,0.4649,6927.3,Normal,Normal
2023-11-10 10:00:00,Rolling_Mill_01,Rolling Mill,17582.8,697.0,Bearing Replacement,5.726,95.1,985.2,177.3,59.8,94.1,78.8,509.8,0.559,0.851,354.0,336802,1,0.5596,21281.6,Electrical Fault,Normal
2023-11-10 11:00:00,Annealing_Furnace_02,Annealing Furnace,33295.0,1223.0,Bearing Replacement,8.396,140.7,470.0,169.2,14.4,72.1,92.1,236.8,6.755,0.788,205.1,516297,3,0.9102,0.0,Mechanical Wear,Immediate Action
2023-11-10 13:00:00,Blast_Furnace_Blower_01,Blast Furnace Blower,26697.6,743.0,Full Overhaul,6.768,84.4,539.4,169.6,41.4,81.5,85.7,275.3,4.376,0.838,253.3,316614,2,0.7129,2444.9,Bearing Failure,Critical
2023-11-10 14:00:00,Cold_Rolling_Mill_03,Cold Rolling Mill,15083.3,470.0,Bearing Replacement,4.504,69.6,802.6,190.6,53.5,101.2,78.6,409.3,7.705,0.919,341.7,135284,3,0.4693,21920.4,Normal,Normal
2023-11-10 17:00:00,Cold_Rolling_Mill_03,Cold Rolling Mill,1997.4,397.0,Lubrication,1.268,63.8,724.6,203.4,95.9,110.4,70.6,384.4,1.181,0.91,483.5,18659,0,0.0787,34237.8,Normal,Normal
2023-11-10 19:00:00,Hot_Strip_Mill_02,Hot Strip Mill,5981.4,815.0,Seal Replacement,1.94,90.0,953.7,193.3,84.0,120.5,73.3,481.4,0.473,0.911,457.6,82332,0,0.1532,32040.0,Normal,Normal
2023-11-10 19:00:00,Hydraulic_Press_03,Hydraulic Press,16011.8,1936.0,Lubrication,4.493,74.5,229.2,178.9,68.7,97.8,77.7,116.1,0.894,0.907,368.4,244319,0,0.4352,3725.1,Normal,Warning
2023-11-10 20:00:00,Ladle_Crane_01,Ladle Crane,28502.5,1261.0,Full Overhaul,7.51,56.2,384.2,171.6,25.0,77.1,85.2,203.5,3.347,0.854,236.4,289284,2,0.8027,22695.1,Electrical Fault,Normal
2023-11-10 21:00:00,Ladle_Crane_02,Ladle Crane,13386.3,211.0,Lubrication,4.415,57.6,338.6,190.3,71.4,90.0,76.6,179.4,2.703,0.851,352.1,137230,4,0.4276,36377.2,Normal,Normal
2023-11-11 02:00:00,Pickling_Line_01,Pickling Line,18893.5,276.0,Lubrication,6.131,69.5,318.9,180.5,52.3,92.3,81.2,163.2,1.935,0.849,320.3,177483,2,0.6184,7502.2,Lubrication Failure,Warning
2023-11-11 06:00:00,Hydraulic_Press_03,Hydraulic Press,31224.0,1191.0,Electrical Inspection,8.871,87.6,259.3,157.2,21.2,71.2,88.1,143.9,2.652,0.81,194.3,369081,6,0.9833,0.0,Mechanical Wear,Immediate Action
2023-11-11 07:00:00,Blast_Furnace_Blower_03,Blast Furnace Blower,31991.5,496.0,Full Overhaul,8.047,92.3,561.2,164.2,25.6,79.3,83.2,293.3,4.496,0.825,231.0,478233,3,0.8773,0.0,Bearing Failure,Immediate Action
2023-11-11 09:00:00,Blast_Furnace_Blower_03,Blast Furnace Blower,7630.5,1666.0,Seal Replacement,2.434,72.8,476.6,183.9,80.8,115.9,75.1,218.2,0.944,0.91,427.6,123829,0,0.2209,23075.2,Normal,Normal
2023-11-11 12:00:00,Pickling_Line_03,Pickling Line,1621.5,139.0,Seal Replacement,1.527,56.7,276.4,188.9,94.5,110.5,72.1,152.1,0.707,0.955,468.0,30692,0,0.1135,27101.1,Normal,Normal
2023-11-11 13:00:00,Continuous_Caster_02,Continuous Caster,10758.8,473.0,Bearing Replacement,2.953,107.2,630.2,194.3,74.7,104.7,79.5,324.7,3.134,0.924,434.3,163102,2,0.2639,24582.4,Normal,Normal
2023-11-11 16:00:00,Hot_Strip_Mill_02,Hot Strip Mill,24383.5,1270.0,Full Overhaul,6.536,107.3,1079.0,176.5,46.4,81.9,80.5,545.8,6.404,0.841,278.5,262692,2,0.6626,13974.9,Bearing Failure,Normal
2023-11-11 21:00:00,Hot_Strip_Mill_02,Hot Strip Mill,2788.4,1427.0,Full Overhaul,1.5,91.3,937.0,191.9,96.4,122.4,70.6,440.1,0.878,0.964,498.5,52194,0,0.0562,35602.4,Normal,Normal
2023-11-11 21:00:00,Blast_Furnace_Blower_03,Blast Furnace Blower,33293.8,1313.0,Alignment Check,9.02,101.8,555.4,168.6,19.2,66.7,87.5,288.1,3.15,0.773,165.0,556955,6,0.9911,0.0,Mechanical Wear,Immediate Action
2023-11-12 06:00:00,Pickling_Line_03,Pickling Line,1094.1,1734.0,Seal Replacement,1.169,52.2,275.4,206.8,93.0,124.0,70.3,148.2,0.962,0.99,500.7,11507,0,0.0,27441.9,Normal,Normal
2023-11-12 12:00:00,Cold_Rolling_Mill_03,Cold Rolling Mill,30956.7,1938.0,Bearing Replacement,7.796,79.2,915.6,172.8,39.8,78.4,83.9,466.0,7.703,0.813,205.5,535002,3,0.8431,5031.7,Mechanical Wear,Critical
2023-11-12 14:00:00,Cold_Rolling_Mill_01,Cold Rolling Mill,26210.3,402.0,Lubrication,7.629,75.2,901.0,178.5,40.8,82.9,81.4,458.5,9.488,0.862,221.8,463471,2,0.7984,9291.8,Mechanical Wear,Warning
2023-11-12 19:00:00,Annealing_Furnace_03,Annealing Furnace,34729.5,518.0,Seal Replacement,9.037,137.8,473.8,164.4,11.1,78.9,87.3,236.1,10.075,0.805,155.0,405521,2,1.0,0.0,Bearing Failure,Immediate Action
2023-11-12 21:00:00,Blast_Furnace_Blower_01,Blast Furnace Blower,13948.1,789.0,Alignment Check,3.632,74.5,468.3,174.4,64.5,102.0,73.8,252.4,1.038,0.907,467.5,195298,1,0.3204,17897.6,Normal,Normal
2023-11-13 02:00:00,Pickling_Line_02,Pickling Line,14620.2,766.0,Full Overhaul,3.846,64.1,293.6,187.3,76.0,104.8,77.9,150.7,0.86,0.931,366.5,189804,3,0.3873,12467.0,Normal,Normal
2023-11-13 03:00:00,Blast_Furnace_Blower_03,Blast Furnace Blower,6113.7,707.0,Seal Replacement,3.108,84.1,483.2,180.1,79.1,109.9,76.1,233.5,1.217,0.943,450.0,67282,2,0.2658,24169.2,Normal,Normal
2023-11-13 09:00:00,Blast_Furnace_Blower_01,Blast Furnace Blower,4143.1,124.0,Electrical Inspection,1.641,72.6,463.4,184.5,81.8,110.4,74.0,241.6,1.404,0.912,462.3,58771,1,0.1149,24493.1,Normal,Normal
2023-11-13 10:00:00,Electric_Arc_Furnace_01,Electric Arc Furnace,20297.3,1726.0,Electrical Inspection,6.117,127.3,1351.1,178.7,52.1,91.0,82.1,637.2,4.74,0.87,328.0,375381,2,0.5678,4244.9,Thermal Degradation,Warning
2023-11-13 11:00:00,Ladle_Crane_02,Ladle Crane,12813.5,1327.0,Seal Replacement,3.803,53.3,340.9,189.3,69.2,98.4,79.5,169.4,1.957,0.913,392.0,113455,3,0.3665,38347.2,Normal,Normal
2023-11-13 14:00:00,Electric_Arc_Furnace_02,Electric Arc Furnace,2903.0,1575.0,Electrical Inspection,1.302,112.3,1276.1,187.7,95.7,122.9,71.7,633.4,1.477,0.925,493.4,54975,0,0.0932,20739.5,Normal,Normal
2023-11-13 16:00:00,Cold_Rolling_Mill_01,Cold Rolling Mill,31055.8,2000.0,Alignment Check,8.073,72.5,935.0,154.4,35.3,70.9,85.8,489.1,1.335,0.837,198.1,269051,2,0.8678,5921.3,Electrical Fault,Warning
2023-11-13 17:00:00,Ladle_Crane_02,Ladle Crane,7022.6,979.0,Electrical Inspection,3.251,52.5,348.6,187.1,79.2,96.2,76.0,164.0,0.012,0.885,434.2,93777,2,0.2677,46048.7,Normal,Normal
2023-11-13 18:00:00,Electric_Arc_Furnace_01,Electric Arc Furnace,26225.6,266.0,Seal Replacement,6.981,119.9,1475.8,173.6,41.1,75.9,84.8,764.0,0.545,0.836,253.9,218181,2,0.7258,0.0,Bearing Failure,Immediate Action
2023-11-13 20:00:00,Electric_Arc_Furnace_02,Electric Arc Furnace,9949.8,1666.0,Lubrication,4.356,112.9,1260.6,186.6,70.9,100.5,76.0,677.4,2.148,0.932,388.9,165908,0,0.334,15996.7,Normal,Normal
2023-11-13 21:00:00,Rolling_Mill_01,Rolling Mill,4232.0,1536.0,Full Overhaul,1.913,98.6,844.3,188.4,86.7,105.6,73.7,455.2,0.463,0.945,453.2,76274,0,0.1398,36621.3,Normal,Normal
2023-11-13 21:00:00,Blast_Furnace_Blower_02,Blast Furnace Blower,26486.9,322.0,Full Overhaul,6.557,88.9,523.8,170.1,46.2,86.0,82.5,274.8,0.585,0.848,259.0,497402,6,0.7044,3921.5,Lubrication Failure,Critical
2023-11-13 21:00:00,Electric_Arc_Furnace_01,Electric Arc Furnace,28470.4,1485.0,Electrical Inspection,8.745,121.4,1481.3,162.1,34.7,76.2,82.1,743.0,1.857,0.824,203.0,266346,0,0.9046,0.0,Bearing Failure,Immediate Action
2023-11-13 23:00:00,Ladle_Crane_03,Ladle Crane,3524.3,1509.0,Alignment Check,1.437,44.8,325.8,200.6,85.8,116.3,76.0,163.4,1.04,0.929,477.6,45246,0,0.1101,45710.6,Normal,Normal
2023-11-13 23:00:00,Cold_Rolling_Mill_01,Cold Rolling Mill,15697.4,1185.0,Full Overhaul,5.254,68.2,813.5,184.1,60.0,97.1,80.0,431.4,4.135,0.909,383.1,311296,2,0.4203,19655.0,Normal,Normal
2023-11-14 01:00:00,Ladle_Crane_03,Ladle Crane,25716.8,101.0,Seal Replacement,7.963,58.6,382.0,170.5,38.6,80.2,81.2,193.4,2.757,0.871,267.8,328363,2,0.7797,26055.4,Lubrication Failure,Normal
2023-11-14 02:00:00,Blast_Furnace_Blower_02,Blast Furnace Blower,6145.3,584.0,Lubrication,2.177,78.0,500.0,201.4,83.2,113.2,77.1,244.5,2.468,0.941,446.0,82891,0,0.1859,23816.7,Normal,Normal
2023-11-14 02:00:00,Blast_Furnace_Blower_02,Blast Furnace Blower,10069.7,441.0,Full Overhaul,3.2,82.1,485.2,198.7,70.6,107.3,74.4,238.9,2.122,0.902,476.0,131243,0,0.2818,19802.7,Normal,Normal
2023-11-14 04:00:00,Hydraulic_Press_02,Hydraulic Press,30280.4,582.0,Bearing Replacement,7.817,79.7,258.9,176.9,33.2,79.9,82.5,132.7,8.94,0.863,244.6,440149,7,0.8147,0.0,Electrical Fault,Immediate Action
2023-11-14 08:00:00,Electric_Arc_Furnace_01,Electric Arc Furnace,1668.2,796.0,Alignment Check,1.116,119.5,1141.8,195.4,99.2,116.6,72.5,595.4,0.074,0.929,507.5,15505,0,0.0071,22442.6,Normal,Normal
2023-11-14 08:00:00,Cold_Rolling_Mill_03,Cold Rolling Mill,30990.7,400.0,Electrical Inspection,7.494,76.3,900.9,181.7,49.0,70.5,84.2,454.2,0.591,0.847,233.0,589926,3,0.7924,5340.3,Bearing Failure,Critical
2023-11-14 10:00:00,Ladle_Crane_03,Ladle Crane,5966.4,434.0,Seal Replacement,2.25,41.7,330.2,185.9,82.3,104.1,74.8,163.1,1.316,0.922,440.5,75972,0,0.203,43760.4,Normal,Normal
2023-11-14 11:00:00,Electric_Arc_Furnace_01,Electric Arc Furnace,19352.8,694.0,Lubrication,5.457,133.2,1399.7,167.2,56.2,97.9,82.9,735.6,2.983,0.857,319.7,186988,0,0.5624,4974.0,Lubrication Failure,Warning
2023-11-14 11:00:00,Rolling_Mill_01,Rolling Mill,33959.6,1472.0,Alignment Check,8.542,108.9,1061.6,163.3,25.4,81.1,85.6,559.0,1.159,0.787,179.1,587846,3,0.923,6291.5,Lubrication Failure,Warning
2023-11-14 11:00:00,Hydraulic_Press_02,Hydraulic Press,4199.8,792.0,Electrical Inspection,2.703,64.0,216.0,195.6,84.2,114.1,74.4,105.8,1.836,0.926,464.8,51574,0,0.1791,15986.6,Normal,Normal
2023-11-14 11:00:00,Hot_Strip_Mill_01,Hot Strip Mill,6371.3,33.0,Lubrication,2.065,95.3,936.3,192.0,92.7,109.3,71.9,494.5,0.997,0.934,449.4,58608,0,0.1665,30170.6,Normal,Normal
2023-11-14 12:00:00,Annealing_Furnace_02,Annealing Furnace,16437.1,575.0,Full Overhaul,5.012,131.7,431.9,181.5,63.3,101.5,79.4,222.3,0.13,0.877,342.8,140725,6,0.5041,15862.8,Normal,Normal
2023-11-14 22:00:00,Blast_Furnace_Blower_01,Blast Furnace Blower,34457.9,1718.0,Alignment Check,9.274,90.1,576.8,157.9,26.5,68.1,90.6,311.7,6.098,0.786,206.4,678241,2,1.0,0.0,Mechanical Wear,Immediate Action
2023-11-14 22:00:00,Hydraulic_Press_01,Hydraulic Press,19537.8,1497.0,Bearing Replacement,5.699,82.4,235.7,175.4,50.9,88.4,80.5,119.5,5.367,0.859,304.1,319781,2,0.5679,389.7,Lubrication Failure,Immediate Action
2023-11-14 23:00:00,Annealing_Furnace_02,Annealing Furnace,23173.0,1726.0,Bearing Replacement,7.231,135.8,459.1,168.7,33.9,79.9,81.8,236.2,1.549,0.867,247.3,388304,4,0.7656,7791.5,Bearing Failure,Warning
2023-11-15 01:00:00,Continuous_Caster_02,Continuous Caster,11713.7,1746.0,Full Overhaul,4.23,103.3,668.7,176.1,64.6,104.8,76.2,309.2,1.387,0.879,365.5,174540,4,0.3981,23535.2,Normal,Normal
2023-11-15 05:00:00,Blast_Furnace_Blower_02,Blast Furnace Blower,13435.8,1459.0,Seal Replacement,3.367,73.7,498.5,184.0,77.4,109.7,79.0,249.6,0.919,0.914,415.3,135111,1,0.3227,16991.0,Normal,Normal
2023-11-15 10:00:00,Annealing_Furnace_01,Annealing Furnace,20844.9,115.0,Electrical Inspection,5.767,135.1,421.3,186.5,62.1,92.6,80.4,212.0,3.544,0.886,326.0,300337,0,0.5222,10255.7,Normal,Normal
2023-11-15 12:00:00,Annealing_Furnace_03,Annealing Furnace,2535.5,191.0,Full Overhaul,0.655,116.6,402.5,201.0,99.7,124.9,69.4,189.5,2.226,0.934,514.7,43917,0,0.0159,27814.7,Normal,Normal
2023-11-15 13:00:00,Electric_Arc_Furnace_02,Electric Arc Furnace,9030.3,147.0,Alignment Check,3.426,118.6,1266.6,194.6,79.6,103.0,77.0,622.7,0.773,0.893,393.0,149016,0,0.3164,15269.3,Normal,Normal
2023-11-15 15:00:00,Pickling_Line_02,Pickling Line,6968.7,496.0,Seal Replacement,1.493,57.5,284.1,189.5,94.8,115.3,74.8,140.3,0.739,0.94,477.6,109420,1,0.1136,20990.7,Normal,Normal
2023-11-15 15:00:00,Hydraulic_Press_03,Hydraulic Press,654.7,1728.0,Lubrication,1.029,66.6,216.9,199.6,93.6,115.7,70.0,114.1,0.966,0.955,485.8,5883,1,0.0416,19072.1,Normal,Normal
2023-11-15 21:00:00,Electric_Arc_Furnace_01,Electric Arc Furnace,18837.9,77.0,Lubrication,5.092,120.8,1302.4,173.4,50.1,103.5,79.5,711.7,1.838,0.854,351.3,297090,2,0.5297,6970.3,Normal,Warning
2023-11-16 01:00:00,Electric_Arc_Furnace_03,Electric Arc Furnace,19680.7,113.0,Alignment Check,5.579,117.0,1316.4,190.6,57.8,104.4,77.8,662.8,1.252,0.893,342.8,173311,1,0.5001,5707.1,Normal,Warning
2023-11-16 01:00:00,Pickling_Line_02,Pickling Line,13499.5,235.0,Lubrication,3.888,59.6,308.6,178.5,70.8,104.0,77.1,156.7,1.232,0.908,365.6,256655,0,0.3981,14586.2,Normal,Normal
2023-11-16 02:00:00,Hot_Strip_Mill_02,Hot Strip Mill,9478.6,1157.0,Seal Replacement,2.876,99.0,909.7,194.6,81.5,105.7,73.9,506.7,1.088,0.914,416.4,172990,0,0.262,26532.2,Normal,Normal
2023-11-16 03:00:00,Electric_Arc_Furnace_03,Electric Arc Furnace,22856.9,638.0,Seal Replacement,6.851,123.8,1379.3,170.2,35.5,76.8,78.5,674.6,3.787,0.836,260.6,189264,2,0.6934,2615.9,Thermal Degradation,Critical
2023-11-16 13:00:00,Hot_Strip_Mill_03,Hot Strip Mill,18199.7,271.0,Alignment Check,5.047,97.5,984.7,174.3,65.4,99.1,81.1,511.5,2.547,0.876,343.0,269916,1,0.4753,20783.4,Normal,Normal
2023-11-16 13:00:00,Cold_Rolling_Mill_02,Cold Rolling Mill,4799.6,1882.0,Electrical Inspection,1.037,58.5,762.4,203.6,83.7,117.5,70.1,397.8,0.975,0.957,502.8,50712,0,0.0558,33337.9,Normal,Normal
2023-11-16 14:00:00,Hot_Strip_Mill_03,Hot Strip Mill,26905.8,1609.0,Alignment Check,7.252,107.3,1111.3,168.4,45.6,76.7,81.7,596.0,4.288,0.851,308.0,229741,5,0.7251,10344.4,Bearing Failure,Warning
2023-11-16 18:00:00,Rolling_Mill_02,Rolling Mill,5834.0,1290.0,Lubrication,2.567,86.3,910.9,195.2,85.8,118.8,78.6,436.2,0.6,0.952,475.1,110360,1,0.1998,34002.4,Normal,Normal
2023-11-16 18:00:00,Continuous_Caster_01,Continuous Caster,26388.8,1306.0,Full Overhaul,6.878,116.2,719.4,169.9,45.2,90.0,81.0,376.3,4.977,0.849,273.9,495698,5,0.7421,9093.3,Electrical Fault,Warning
2023-11-16 19:00:00,Hydraulic_Press_03,Hydraulic Press,26651.7,704.0,Alignment Check,7.57,80.8,254.0,168.1,35.4,74.4,84.8,122.5,4.6,0.815,219.0,267286,5,0.8205,0.0,Lubrication Failure,Immediate Action
2023-11-16 22:00:00,Rolling_Mill_01,Rolling Mill,2191.4,9.0,Seal Replacement,0.918,84.5,878.6,196.2,89.9,118.6,73.1,427.9,1.252,0.915,492.0,41739,0,0.0427,36961.7,Normal,Normal
2023-11-16 22:00:00,Continuous_Caster_01,Continuous Caster,755.6,733.0,Alignment Check,0.838,98.1,605.9,197.7,95.8,119.5,72.5,300.3,0.204,0.95,499.1,12419,0,0.0326,33755.6,Normal,Normal
2023-11-17 00:00:00,Hot_Strip_Mill_03,Hot Strip Mill,34090.3,1203.0,Bearing Replacement,9.011,108.9,1098.2,158.8,19.6,69.8,89.3,570.6,5.605,0.806,200.1,461688,7,1.0,3860.4,Electrical Fault,Critical
2023-11-17 06:00:00,Continuous_Caster_02,Continuous Caster,6849.1,1475.0,Electrical Inspection,1.994,98.7,622.2,192.0,88.6,115.9,71.1,309.0,0.571,0.912,475.4,92543,0,0.107,28013.7,Normal,Normal
2023-11-17 08:00:00,Cold_Rolling_Mill_01,Cold Rolling Mill,28792.7,1106.0,Lubrication,7.73,76.3,888.4,177.2,31.1,75.6,86.6,476.9,6.055,0.796,213.6,339130,5,0.8241,8063.1,Bearing Failure,Warning
2023-11-17 09:00:00,Electric_Arc_Furnace_03,Electric Arc Furnace,19708.6,1962.0,Full Overhaul,5.392,114.3,1383.9,185.8,54.6,91.3,79.7,740.7,5.858,0.865,308.8,296200,8,0.5615,5488.1,Thermal Degradation,Warning
2023-11-17 09:00:00,Hydraulic_Press_01,Hydraulic Press,9330.1,1173.0,Electrical Inspection,2.534,65.3,223.8,198.1,77.7,109.4,76.3,113.5,2.252,0.902,421.5,142005,0,0.2272,9831.6,Normal,Normal
2023-11-17 10:00:00,Blast_Furnace_Blower_02,Blast Furnace Blower,4636.0,166.0,Lubrication,1.792,78.7,455.5,198.6,79.4,110.7,73.6,233.0,0.138,0.961,457.7,46554,1,0.1243,24772.9,Normal,Normal
2023-11-17 12:00:00,Cold_Rolling_Mill_02,Cold Rolling Mill,17434.0,1710.0,Alignment Check,4.985,68.5,892.6,184.5,59.4,98.0,82.6,436.4,0.356,0.86,371.4,240700,2,0.5137,17887.7,Normal,Normal
2023-11-17 13:00:00,Hot_Strip_Mill_02,Hot Strip Mill,14316.7,1306.0,Full Overhaul,4.258,105.7,1018.1,181.8,76.5,101.5,75.8,509.3,0.308,0.878,389.1,133493,1,0.3717,21158.3,Normal,Normal
2023-11-17 14:00:00,Rolling_Mill_01,Rolling Mill,24491.1,1034.0,Seal Replacement,6.542,95.9,997.9,166.5,32.8,82.4,79.6,514.9,5.135,0.844,256.3,423123,3,0.7025,16624.4,Electrical Fault,Normal
2023-11-17 17:00:00,Ladle_Crane_03,Ladle Crane,31655.5,1558.0,Alignment Check,8.396,56.8,393.1,172.3,32.6,72.8,86.2,209.9,2.313,0.812,218.8,555304,3,0.8535,18543.2,Thermal Degradation,Normal
2023-11-17 17:00:00,Annealing_Furnace_02,Annealing Furnace,28203.2,1381.0,Bearing Replacement,7.59,136.1,459.4,170.7,31.3,83.4,84.2,232.8,6.408,0.813,292.6,515183,4,0.7956,3277.8,Mechanical Wear,Critical
2023-11-17 21:00:00,Cold_Rolling_Mill_01,Cold Rolling Mill,9678.4,1898.0,Lubrication,4.187,67.5,798.4,193.6,77.6,104.3,77.5,388.8,0.625,0.915,387.3,82685,0,0.323,27296.4,Normal,Normal
2023-11-17 21:00:00,Electric_Arc_Furnace_03,Electric Arc Furnace,30774.8,928.0,Electrical Inspection,8.393,132.1,1499.0,165.2,27.7,69.8,88.4,759.6,5.528,0.825,202.5,492255,1,0.9281,0.0,Lubrication Failure,Immediate Action
2023-11-17 23:00:00,Blast_Furnace_Blower_03,Blast Furnace Blower,29185.4,1421.0,Alignment Check,8.105,82.8,547.8,160.8,33.9,73.8,85.9,286.6,0.627,0.831,191.5,540227,5,0.8925,0.0,Thermal Degradation,Immediate Action
2023-11-18 01:00:00,Blast_Furnace_Blower_01,Blast Furnace Blower,32526.9,918.0,Electrical Inspection,8.565,99.5,535.0,157.4,21.8,72.0,85.3,290.2,2.643,0.825,186.0,391090,2,0.9243,0.0,Lubrication Failure,Immediate Action
2023-11-18 01:00:00,Rolling_Mill_02,Rolling Mill,16107.3,556.0,Full Overhaul,5.003,88.6,931.3,185.3,64.8,102.0,78.6,497.7,1.51,0.92,347.1,281997,1,0.4439,25540.3,Normal,Normal
2023-11-18 02:00:00,Hydraulic_Press_02,Hydraulic Press,26923.3,639.0,Electrical Inspection,7.746,85.5,249.1,172.1,48.0,87.4,88.0,136.2,1.263,0.803,218.0,217231,1,0.8061,0.0,Lubrication Failure,Immediate Action
2023-11-18 03:00:00,Blast_Furnace_Blower_03,Blast Furnace Blower,20748.9,1184.0,Alignment Check,6.327,95.9,497.1,177.0,48.9,86.7,82.4,258.6,0.948,0.844,274.2,331636,6,0.6512,9190.8,Bearing Failure,Normal
2023-11-18 05:00:00,Ladle_Crane_01,Ladle Crane,10936.5,361.0,Electrical Inspection,3.201,54.3,358.1,182.6,78.2,106.0,78.3,174.9,0.904,0.892,406.2,119079,1,0.3166,39225.1,Normal,Normal
2023-11-18 06:00:00,Rolling_Mill_02,Rolling Mill,34805.6,1011.0,Seal Replacement,9.131,100.4,1049.1,161.4,27.0,73.1,85.4,583.1,8.939,0.803,196.3,311100,3,1.0,3732.9,Bearing Failure,Critical
2023-11-18 06:00:00,Cold_Rolling_Mill_01,Cold Rolling Mill,1436.9,1387.0,Lubrication,1.278,60.8,755.9,198.6,89.5,110.4,74.8,364.1,0.824,0.898,473.6,20120,0,0.0766,34715.8,Normal,Normal
2023-11-18 10:00:00,Ladle_Crane_02,Ladle Crane,5763.3,1073.0,Seal Replacement,1.891,50.7,352.5,191.5,79.0,113.4,73.2,161.8,1.491,0.934,453.7,71457,1,0.1361,42899.4,Normal,Normal
2023-11-18 11:00:00,Electric_Arc_Furnace_01,Electric Arc Furnace,31249.7,1125.0,Electrical Inspection,7.987,127.5,1426.0,172.2,21.9,78.7,81.6,765.0,3.591,0.816,198.9,473735,1,0.8704,0.0,Lubrication Failure,Immediate Action
2023-11-18 14:00:00,Ladle_Crane_01,Ladle Crane,2213.6,425.0,Bearing Replacement,1.114,42.0,324.0,197.1,89.3,119.5,73.3,149.7,1.438,0.954,550.0,40452,1,0.0612,48035.2,Normal,Normal
2023-11-18 23:00:00,Electric_Arc_Furnace_02,Electric Arc Furnace,31050.0,1315.0,Lubrication,7.664,126.6,1385.4,175.6,33.2,78.3,84.4,708.1,2.661,0.874,220.7,394475,4,0.8086,0.0,Bearing Failure,Immediate Action
2023-11-18 23:00:00,Hot_Strip_Mill_03,Hot Strip Mill,25061.2,1195.0,Bearing Replacement,7.219,101.7,1037.6,174.7,47.4,79.1,83.0,554.8,0.594,0.848,271.7,479189,3,0.6884,13585.8,Thermal Degradation,Normal
2023-11-18 23:00:00,Cold_Rolling_Mill_01,Cold Rolling Mill,1380.3,1067.0,Electrical Inspection,1.644,64.3,756.4,195.7,97.0,117.7,72.9,395.8,0.507,0.929,467.1,15489,1,0.0965,33617.8,Normal,Normal
2023-11-18 23:00:00,Pickling_Line_01,Pickling Line,15083.3,1392.0,Alignment Check,5.066,60.7,324.3,181.0,54.8,96.3,81.6,164.3,4.158,0.874,363.7,261469,3,0.4982,13074.3,Normal,Normal
2023-11-19 06:00:00,Blast_Furnace_Blower_03,Blast Furnace Blower,26431.1,1402.0,Alignment Check,8.326,82.7,525.3,159.1,49.2,85.7,84.2,279.6,8.17,0.836,289.6,414644,3,0.7695,4429.4,Electrical Fault,Critical
2023-11-19 06:00:00,Annealing_Furnace_01,Annealing Furnace,20450.2,1384.0,Lubrication,5.71,128.1,447.4,176.0,57.9,79.2,80.4,217.7,2.448,0.859,315.8,290040,3,0.607,10442.6,Lubrication Failure,Normal
2023-11-19 09:00:00,Blast_Furnace_Blower_01,Blast Furnace Blower,32761.9,281.0,Bearing Replacement,8.335,86.6,590.0,151.8,23.8,74.1,88.0,286.4,0.634,0.812,194.4,438733,9,0.9206,0.0,Thermal Degradation,Immediate Action
2023-11-19 09:00:00,Hydraulic_Press_01,Hydraulic Press,30380.8,1178.0,Bearing Replacement,8.017,79.2,264.9,164.3,45.0,76.6,85.3,135.7,4.428,0.835,213.1,576122,8,0.836,0.0,Lubrication Failure,Immediate Action
2023-11-19 09:00:00,Rolling_Mill_03,Rolling Mill,11709.4,1398.0,Full Overhaul,3.759,94.9,854.4,187.8,73.9,99.4,77.7,444.3,2.228,0.914,376.9,184779,2,0.3631,30243.5,Normal,Normal
2023-11-19 11:00:00,Cold_Rolling_Mill_02,Cold Rolling Mill,3053.5,1217.0,Lubrication,1.223,59.7,773.4,195.7,94.4,110.6,72.0,398.6,1.322,0.938,491.7,37660,0,0.0653,31915.3,Normal,Normal
2023-11-19 12:00:00,Continuous_Caster_03,Continuous Caster,33054.6,386.0,Alignment Check,9.077,114.9,778.3,167.9,15.3,65.1,91.0,372.7,0.29,0.801,156.9,483474,6,1.0,1886.4,Bearing Failure,Critical
2023-11-19 13:00:00,Annealing_Furnace_03,Annealing Furnace,18153.3,48.0,Alignment Check,5.294,126.8,421.8,178.8,51.3,93.7,78.1,226.9,0.252,0.885,333.5,265310,2,0.5391,13661.5,Normal,Normal
2023-11-19 14:00:00,Cold_Rolling_Mill_03,Cold Rolling Mill,2696.5,1217.0,Bearing Replacement,1.519,62.1,766.7,199.7,96.7,111.3,72.8,376.3,0.47,0.952,471.4,49949,0,0.0993,31827.4,Normal,Normal
2023-11-19 15:00:00,Rolling_Mill_02,Rolling Mill,28598.5,441.0,Lubrication,7.122,96.5,1004.4,169.2,39.4,76.9,82.8,514.2,2.634,0.855,236.3,243055,3,0.7641,12239.3,Bearing Failure,Normal
2023-11-19 18:00:00,Hydraulic_Press_02,Hydraulic Press,30410.9,1655.0,Full Overhaul,7.076,75.3,255.5,172.1,41.9,82.0,82.9,123.5,5.528,0.875,253.9,404146,8,0.753,0.0,Mechanical Wear,Immediate Action
2023-11-19 23:00:00,Continuous_Caster_03,Continuous Caster,22415.9,1871.0,Lubrication,6.278,107.4,690.8,172.3,41.3,82.8,83.1,398.5,3.852,0.9,296.7,316547,4,0.6627,13234.8,Electrical Fault,Normal
2023-11-20 02:00:00,Rolling_Mill_03,Rolling Mill,15718.1,1677.0,Bearing Replacement,4.95,90.8,988.9,186.5,68.8,98.4,79.2,485.5,1.679,0.939,353.0,154406,2,0.4242,23983.8,Normal,Normal
2023-11-20 02:00:00,Hot_Strip_Mill_01,Hot Strip Mill,23209.8,341.0,Bearing Replacement,7.732,93.0,1093.5,177.7,43.4,83.9,83.8,570.4,5.267,0.842,270.0,185896,4,0.7123,13990.2,Electrical Fault,Normal
2023-11-20 03:00:00,Hydraulic_Press_03,Hydraulic Press,24763.3,1637.0,Full Overhaul,6.676,77.9,234.9,174.5,41.6,87.8,81.8,118.4,1.11,0.862,302.1,198740,2,0.6619,0.0,Electrical Fault,Immediate Action
2023-11-20 04:00:00,Rolling_Mill_02,Rolling Mill,33459.6,596.0,Alignment Check,9.093,100.8,1067.9,159.0,20.2,74.2,85.5,570.5,6.966,0.794,155.1,298152,3,1.0,5632.9,Lubrication Failure,Critical
2023-11-20 04:00:00,Blast_Furnace_Blower_02,Blast Furnace Blower,31266.7,357.0,Seal Replacement,9.262,88.4,526.5,172.6,23.5,72.0,87.3,291.6,0.057,0.818,196.8,619467,5,0.8668,0.0,Mechanical Wear,Immediate Action
2023-11-20 06:00:00,Hot_Strip_Mill_02,Hot Strip Mill,18049.8,1656.0,Electrical Inspection,5.624,106.3,1015.2,185.3,60.4,96.9,78.4,524.0,4.409,0.888,319.0,163941,6,0.5375,20194.8,Normal,Normal
2023-11-20 07:00:00,Blast_Furnace_Blower_03,Blast Furnace Blower,27967.5,291.0,Electrical Inspection,7.023,93.4,533.2,174.3,45.4,82.3,80.8,271.9,2.58,0.831,238.1,265445,4,0.749,525.3,Thermal Degradation,Immediate Action
2023-11-20 11:00:00,Hydraulic_Press_03,Hydraulic Press,33761.4,376.0,Bearing Replacement,9.125,85.8,257.1,160.6,23.9,73.3,85.6,131.6,1.218,0.821,184.5,670671,6,0.9663,0.0,Electrical Fault,Immediate Action
2023-11-20 12:00:00,Ladle_Crane_03,Ladle Crane,5378.4,1690.0,Lubrication,2.683,50.2,329.7,193.9,76.1,109.7,75.9,176.1,1.497,0.906,423.8,91086,0,0.2489,45605.3,Normal,Normal
2023-11-20 14:00:00,Rolling_Mill_03,Rolling Mill,737.6,1974.0,Seal Replacement,1.241,88.0,856.7,202.6,97.8,121.4,71.3,413.3,0.904,0.921,511.0,9517,1,0.0283,39047.2,Normal,Normal
2023-11-20 14:00:00,Ladle_Crane_02,Ladle Crane,30426.8,1272.0,Full Overhaul,7.853,60.7,393.5,170.3,32.8,79.4,83.9,202.9,2.406,0.816,208.7,603806,5,0.8619,20639.5,Mechanical Wear,Normal
2023-11-20 16:00:00,Rolling_Mill_01,Rolling Mill,6915.0,1235.0,Electrical Inspection,2.654,90.2,928.0,180.1,76.8,110.2,77.9,474.9,1.359,0.929,419.0,101819,1,0.2423,34060.8,Normal,Normal
2023-11-20 17:00:00,Electric_Arc_Furnace_01,Electric Arc Furnace,5687.4,489.0,Full Overhaul,2.907,115.1,1271.9,189.5,81.4,110.1,74.9,654.2,0.351,0.922,443.6,50657,0,0.2347,20638.7,Normal,Normal
2023-11-20 17:00:00,Pickling_Line_02,Pickling Line,1582.5,1081.0,Seal Replacement,1.552,54.6,294.5,192.2,92.6,118.3,71.6,151.2,0.272,0.931,492.5,27985,0,0.0628,26648.8,Normal,Normal
2023-11-20 22:00:00,Electric_Arc_Furnace_03,Electric Arc Furnace,13505.6,76.0,Bearing Replacement,4.31,119.6,1339.9,184.6,67.2,88.1,79.1,668.0,2.057,0.865,355.1,260278,4,0.4236,12509.9,Normal,Normal
2023-11-21 00:00:00,Annealing_Furnace_02,Annealing Furnace,7752.4,901.0,Full Overhaul,3.103,126.2,386.2,192.6,72.4,101.0,72.7,209.9,2.256,0.891,415.3,150630,3,0.2668,24849.9,Normal,Normal
2023-11-21 00:00:00,Continuous_Caster_02,Continuous Caster,10753.4,1694.0,Seal Replacement,3.807,101.2,670.2,182.8,66.7,103.7,75.3,343.9,0.155,0.915,392.9,197458,2,0.3819,24619.5,Normal,Normal
2023-11-21 01:00:00,Cold_Rolling_Mill_03,Cold Rolling Mill,34137.8,1777.0,Full Overhaul,8.994,82.0,960.2,165.8,23.9,66.6,87.9,460.2,9.803,0.794,185.2,339073,4,0.9604,1585.4,Electrical Fault,Immediate Action
2023-11-21 01:00:00,Hydraulic_Press_03,Hydraulic Press,24683.8,1011.0,Lubrication,6.243,77.7,249.6,162.5,48.5,86.3,78.4,125.3,1.266,0.868,417.5,198444,3,0.6753,0.0,Thermal Degradation,Immediate Action
2023-11-21 02:00:00,Hot_Strip_Mill_02,Hot Strip Mill,24955.5,1879.0,Seal Replacement,6.526,102.0,1044.0,167.4,49.0,83.6,78.7,525.2,0.088,0.846,277.8,468709,4,0.6457,13953.6,Electrical Fault,Normal
2023-11-21 02:00:00,Annealing_Furnace_01,Annealing Furnace,3404.5,1128.0,Electrical Inspection,1.455,114.4,377.3,194.1,94.5,116.8,70.0,200.0,1.19,0.933,478.1,39783,0,0.0867,28404.3,Normal,Normal
2023-11-21 10:00:00,Pickling_Line_02,Pickling Line,25650.2,1519.0,Electrical Inspection,7.037,64.9,318.7,183.8,47.9,70.7,81.3,154.8,2.478,0.868,270.8,316940,2,0.6674,1497.9,Lubrication Failure,Critical
2023-11-21 11:00:00,Pickling_Line_03,Pickling Line,25903.1,884.0,Bearing Replacement,7.141,73.6,331.5,174.3,35.2,83.5,80.8,170.4,2.779,0.885,240.2,353418,5,0.7584,1423.1,Thermal Degradation,Critical
2023-11-21 12:00:00,Annealing_Furnace_01,Annealing Furnace,23125.1,164.0,Seal Replacement,6.026,135.7,445.1,172.9,56.5,87.7,79.8,229.6,7.088,0.847,283.8,273147,4,0.63,8231.5,Lubrication Failure,Warning
2023-11-21 19:00:00,Continuous_Caster_03,Continuous Caster,8072.4,1676.0,Lubrication,3.049,100.5,604.6,197.3,75.8,101.2,78.5,310.1,1.074,0.949,492.8,122196,1,0.2788,28768.8,Normal,Normal
2023-11-21 19:00:00,Hydraulic_Press_01,Hydraulic Press,14864.0,1886.0,Electrical Inspection,4.575,72.0,226.0,176.6,59.1,101.3,78.5,119.5,0.935,0.877,358.5,190869,0,0.4636,5644.7,Normal,Warning
2023-11-21 21:00:00,Cold_Rolling_Mill_03,Cold Rolling Mill,29635.0,1447.0,Lubrication,7.586,77.2,926.2,163.3,26.5,87.1,84.8,473.7,1.267,0.823,212.2,497303,6,0.8272,6402.0,Electrical Fault,Warning
2023-11-21 22:00:00,Pickling_Line_01,Pickling Line,23490.0,818.0,Seal Replacement,7.173,59.8,344.9,172.6,39.8,73.3,83.5,157.1,9.721,0.906,262.7,196913,2,0.72,4857.7,Lubrication Failure,Warning
2023-11-21 23:00:00,Ladle_Crane_02,Ladle Crane,25673.6,1721.0,Seal Replacement,6.946,60.4,377.6,171.0,37.2,79.6,85.2,195.5,4.989,0.838,242.4,268564,5,0.741,25121.4,Lubrication Failure,Normal
2023-11-22 04:00:00,Hot_Strip_Mill_03,Hot Strip Mill,20599.4,1262.0,Alignment Check,4.976,95.0,1030.2,182.1,58.1,87.4,78.5,504.0,3.178,0.875,334.9,390898,3,0.5,16410.4,Normal,Normal
2023-11-22 12:00:00,Continuous_Caster_01,Continuous Caster,15790.6,6.0,Lubrication,3.921,102.7,658.2,182.2,69.5,91.1,77.9,324.9,0.913,0.905,379.8,134899,0,0.4017,17983.5,Normal,Normal
2023-11-22 13:00:00,Rolling_Mill_03,Rolling Mill,26590.9,1871.0,Electrical Inspection,6.669,100.3,1006.9,174.5,48.1,84.3,82.4,534.2,7.717,0.845,247.7,365084,5,0.7235,14670.9,Lubrication Failure,Normal
2023-11-22 17:00:00,Electric_Arc_Furnace_01,Electric Arc Furnace,2470.6,926.0,Bearing Replacement,1.377,110.0,1181.9,197.8,98.4,111.1,71.1,665.2,0.329,0.951,476.1,25143,0,0.0711,21517.1,Normal,Normal
2023-11-22 19:00:00,Pickling_Line_02,Pickling Line,23593.3,349.0,Alignment Check,6.682,71.0,330.4,180.0,37.7,82.0,81.5,171.3,0.263,0.846,277.3,409266,2,0.6526,4392.0,Thermal Degradation,Warning
2023-11-22 23:00:00,Blast_Furnace_Blower_03,Blast Furnace Blower,34902.4,366.0,Alignment Check,8.955,91.9,549.2,165.3,27.4,67.6,87.2,296.7,0.271,0.803,181.8,496890,3,0.9708,0.0,Bearing Failure,Immediate Action
2023-11-23 01:00:00,Cold_Rolling_Mill_03,Cold Rolling Mill,27328.7,682.0,Electrical Inspection,7.438,73.3,907.3,164.3,37.8,79.1,85.9,440.1,5.699,0.832,268.2,454325,3,0.8099,8910.0,Bearing Failure,Warning
2023-11-23 05:00:00,Continuous_Caster_03,Continuous Caster,10240.7,85.0,Full Overhaul,3.358,104.1,663.3,180.8,82.5,108.9,75.2,323.8,1.954,0.889,390.2,183859,2,0.3319,24493.6,Normal,Normal
2023-11-23 06:00:00,Annealing_Furnace_02,Annealing Furnace,9795.9,611.0,Alignment Check,3.306,123.5,410.8,195.4,76.9,109.2,77.9,205.9,2.603,0.948,475.6,166658,1,0.249,22716.7,Normal,Normal
2023-11-23 08:00:00,Hydraulic_Press_03,Hydraulic Press,23385.9,182.0,Full Overhaul,6.181,82.9,237.8,169.5,44.9,90.2,80.6,121.3,6.061,0.855,296.9,301907,3,0.6257,0.0,Electrical Fault,Immediate Action
2023-11-23 09:00:00,Hydraulic_Press_01,Hydraulic Press,31365.3,404.0,Seal Replacement,9.671,84.2,262.1,166.9,27.6,67.8,88.9,145.7,5.021,0.82,178.2,422218,5,0.9594,0.0,Mechanical Wear,Immediate Action
2023-11-23 09:00:00,Ladle_Crane_03,Ladle Crane,20270.4,36.0,Bearing Replacement,6.607,61.5,371.7,170.1,46.5,88.6,82.7,193.7,3.778,0.864,251.8,321490,5,0.7155,30832.6,Mechanical Wear,Normal
2023-11-23 13:00:00,Rolling_Mill_03,Rolling Mill,5697.4,1151.0,Lubrication,2.823,88.9,915.4,188.6,82.1,114.0,74.3,459.9,1.447,0.896,458.8,71022,3,0.2073,35378.3,Normal,Normal
2023-11-23 13:00:00,Rolling_Mill_02,Rolling Mill,18506.3,1362.0,Full Overhaul,5.293,98.4,971.2,183.9,58.1,101.3,79.8,512.0,0.037,0.888,393.6,314199,2,0.4817,22707.5,Normal,Normal
2023-11-23 18:00:00,Rolling_Mill_03,Rolling Mill,25069.4,184.0,Electrical Inspection,7.2,93.1,1020.6,174.0,45.6,80.7,85.8,523.4,0.264,0.864,251.8,434664,3,0.7093,15307.1,Electrical Fault,Normal
2023-11-23 20:00:00,Hydraulic_Press_01,Hydraulic Press,24610.2,1551.0,Bearing Replacement,6.766,82.2,258.1,176.3,42.8,87.1,81.3,129.9,11.508,0.846,273.6,198338,1,0.7369,0.0,Mechanical Wear,Immediate Action
2023-11-23 21:00:00,Ladle_Crane_03,Ladle Crane,33846.6,1376.0,Bearing Replacement,8.721,68.2,398.7,161.0,26.3,80.1,87.8,216.4,0.162,0.817,194.3,641226,8,0.9194,16811.0,Electrical Fault,Normal
2023-11-23 21:00:00,Electric_Arc_Furnace_03,Electric Arc Furnace,10576.7,309.0,Alignment Check,2.775,113.7,1327.9,186.0,81.3,112.1,73.4,639.7,0.767,0.896,418.2,160227,2,0.2396,14640.4,Normal,Normal
2023-11-23 22:00:00,Blast_Furnace_Blower_03,Blast Furnace Blower,26499.9,83.0,Bearing Replacement,6.714,93.0,539.0,168.0,39.8,84.0,81.2,262.6,7.178,0.857,278.8,391864,1,0.701,4289.0,Mechanical Wear,Critical
2023-11-23 22:00:00,Pickling_Line_02,Pickling Line,15248.9,270.0,Seal Replacement,4.154,58.5,302.9,172.0,66.4,95.4,81.5,156.4,1.183,0.867,379.3,224678,2,0.4075,13273.3,Normal,Normal
2023-11-23 23:00:00,Blast_Furnace_Blower_02,Blast Furnace Blower,19590.7,234.0,Seal Replacement,5.565,86.6,515.3,173.9,49.2,93.5,81.5,252.3,2.33,0.84,331.1,166109,2,0.548,10494.1,Normal,Normal
2023-11-24 00:00:00,Ladle_Crane_02,Ladle Crane,28594.2,1221.0,Lubrication,10.467,61.1,399.8,171.6,30.8,74.2,85.5,195.3,2.527,0.822,239.2,554528,7,0.8642,22055.5,Bearing Failure,Normal
2023-11-24 00:00:00,Hot_Strip_Mill_01,Hot Strip Mill,7847.6,102.0,Lubrication,2.424,87.3,972.9,184.2,78.5,96.0,75.1,465.6,0.366,0.93,464.7,134739,0,0.1825,30747.1,Normal,Normal
2023-11-24 01:00:00,Annealing_Furnace_02,Annealing Furnace,12066.1,622.0,Seal Replacement,3.499,127.9,405.4,184.8,69.5,101.1,78.9,202.9,1.143,0.889,438.9,200167,2,0.3129,20978.7,Normal,Normal
2023-11-24 02:00:00,Annealing_Furnace_03,Annealing Furnace,27088.5,718.0,Full Overhaul,8.282,134.0,458.9,165.6,45.7,77.4,85.9,219.3,1.153,0.809,202.3,444614,2,0.878,6578.0,Lubrication Failure,Warning
2023-11-24 05:00:00,Annealing_Furnace_01,Annealing Furnace,20009.0,171.0,Electrical Inspection,5.738,133.0,442.2,177.6,44.6,93.5,80.7,222.3,3.743,0.887,315.5,290604,7,0.5744,12564.2,Lubrication Failure,Normal
2023-11-24 08:00:00,Pickling_Line_01,Pickling Line,3325.6,687.0,Electrical Inspection,1.555,53.2,281.6,191.5,96.1,122.2,74.6,148.2,1.896,0.958,546.8,51453,2,0.1093,25116.6,Normal,Normal
2023-11-24 09:00:00,Continuous_Caster_01,Continuous Caster,15113.5,1132.0,Bearing Replacement,4.603,97.7,667.9,187.8,63.8,103.4,78.6,338.9,0.289,0.889,353.7,288560,1,0.4691,19652.4,Normal,Normal
2023-11-24 12:00:00,Hydraulic_Press_01,Hydraulic Press,20573.5,644.0,Lubrication,5.734,73.4,240.6,181.3,56.6,94.3,79.6,130.0,1.832,0.885,314.4,253595,2,0.5616,0.0,Electrical Fault,Immediate Action
2023-11-24 17:00:00,Rolling_Mill_01,Rolling Mill,31842.2,1861.0,Full Overhaul,8.242,107.3,1041.1,158.8,22.0,70.5,84.2,551.3,0.488,0.832,194.5,483113,3,0.9089,7286.9,Lubrication Failure,Warning
2023-11-24 18:00:00,Pickling_Line_03,Pickling Line,6678.2,572.0,Electrical Inspection,2.412,57.9,299.7,192.3,89.7,111.8,72.5,151.6,1.846,0.902,465.7,84710,0,0.1747,18634.0,Normal,Normal
2023-11-24 18:00:00,Blast_Furnace_Blower_01,Blast Furnace Blower,28227.8,1302.0,Bearing Replacement,7.824,91.2,551.3,165.0,26.7,77.7,85.0,265.8,3.844,0.833,228.3,266043,4,0.8024,1017.0,Lubrication Failure,Immediate Action
2023-11-24 19:00:00,Pickling_Line_03,Pickling Line,8554.0,750.0,Lubrication,3.587,61.0,290.6,196.3,77.8,119.4,72.9,156.2,1.884,0.914,451.9,75067,1,0.2781,19188.7,Normal,Normal
2023-11-24 19:00:00,Rolling_Mill_02,Rolling Mill,4658.8,1077.0,Bearing Replacement,2.211,89.1,893.0,195.4,83.5,100.5,74.3,446.9,2.412,0.921,439.6,45349,1,0.1753,35133.9,Normal,Normal
2023-11-24 20:00:00,Hydraulic_Press_01,Hydraulic Press,8592.7,1938.0,Electrical Inspection,1.809,75.1,226.1,197.3,97.8,107.9,73.2,106.4,0.022,0.891,467.2,108950,1,0.1314,11681.3,Normal,Normal
2023-11-24 21:00:00,Continuous_Caster_02,Continuous Caster,30724.0,1718.0,Electrical Inspection,8.444,113.4,726.6,171.0,29.1,64.3,86.5,409.1,2.436,0.814,189.9,374538,5,0.9277,3431.8,Thermal Degradation,Critical
2023-11-24 21:00:00,Blast_Furnace_Blower_01,Blast Furnace Blower,7045.7,401.0,Full Overhaul,2.199,71.1,464.1,192.1,83.1,101.4,73.4,246.8,1.481,0.937,444.6,66830,1,0.184,22270.3,Normal,Normal
2023-11-24 23:00:00,Continuous_Caster_01,Continuous Caster,27564.9,1945.0,Alignment Check,8.071,109.7,707.3,159.7,34.0,78.6,84.7,380.4,6.908,0.816,268.0,369069,6,0.8073,5215.7,Bearing Failure,Critical
2023-11-25 00:00:00,Continuous_Caster_02,Continuous Caster,16217.0,38.0,Lubrication,5.787,104.1,640.5,178.7,67.4,102.8,74.2,338.0,1.179,0.889,349.0,171194,4,0.443,19278.0,Normal,Normal
2023-11-25 03:00:00,Pickling_Line_03,Pickling Line,34968.3,22.0,Alignment Check,9.135,69.9,358.4,163.8,14.2,66.6,90.1,168.0,8.858,0.827,161.1,322213,4,0.9965,0.0,Thermal Degradation,Immediate Action
2023-11-25 04:00:00,Rolling_Mill_01,Rolling Mill,29384.3,191.0,Lubrication,8.25,102.2,1089.7,163.4,33.1,77.4,86.1,555.2,1.399,0.785,192.7,348589,2,0.9053,9756.5,Mechanical Wear,Warning
2023-11-25 04:00:00,Rolling_Mill_01,Rolling Mill,25915.6,711.0,Seal Replacement,7.038,99.2,979.6,170.3,38.9,83.9,79.5,511.0,1.573,0.83,248.9,417010,6,0.7573,14762.1,Bearing Failure,Normal
2023-11-25 08:00:00,Electric_Arc_Furnace_03,Electric Arc Furnace,30488.3,730.0,Electrical Inspection,8.683,135.8,1415.6,160.4,20.9,71.7,79.2,750.5,7.705,0.81,242.5,257534,6,0.9343,0.0,Lubrication Failure,Immediate Action
2023-11-25 16:00:00,Cold_Rolling_Mill_02,Cold Rolling Mill,22227.7,112.0,Seal Replacement,6.131,69.9,872.4,172.0,42.4,83.2,82.0,440.9,2.022,0.823,283.1,360828,5,0.6325,14183.1,Mechanical Wear,Normal
2023-11-25 18:00:00,Cold_Rolling_Mill_01,Cold Rolling Mill,29543.5,1486.0,Full Overhaul,7.907,80.5,915.1,172.3,20.6,82.4,82.7,448.5,2.243,0.833,227.4,286942,5,0.8364,5153.4,Thermal Degradation,Critical
2023-11-25 19:00:00,Hydraulic_Press_02,Hydraulic Press,9213.3,642.0,Bearing Replacement,3.284,69.7,210.5,198.8,87.7,107.6,76.6,109.1,0.397,0.893,424.0,174167,1,0.2638,10774.0,Normal,Normal
2023-11-25 20:00:00,Ladle_Crane_01,Ladle Crane,3509.8,1896.0,Lubrication,1.185,49.2,313.1,196.2,87.6,118.1,74.2,166.5,1.044,0.91,493.2,32187,1,0.0368,45575.7,Normal,Normal
2023-11-25 21:00:00,Hydraulic_Press_01,Hydraulic Press,21596.0,1996.0,Electrical Inspection,4.692,80.2,243.7,177.6,63.8,102.1,77.7,122.4,0.965,0.879,341.8,222366,3,0.4825,0.0,Normal,Immediate Action
2023-11-26 07:00:00,Hot_Strip_Mill_03,Hot Strip Mill,15270.7,1380.0,Seal Replacement,4.028,99.5,1006.1,188.4,70.4,101.6,79.4,508.2,0.3,0.944,371.9,163877,1,0.3973,24452.6,Normal,Normal
2023-11-26 09:00:00,Hydraulic_Press_01,Hydraulic Press,14982.8,231.0,Bearing Replacement,5.125,74.4,243.5,188.6,59.3,92.2,81.0,113.2,3.727,0.857,337.5,239154,1,0.4794,4033.6,Normal,Warning
2023-11-26 10:00:00,Rolling_Mill_03,Rolling Mill,18483.5,1034.0,Full Overhaul,5.894,101.6,950.9,181.6,51.5,95.2,81.9,523.3,3.608,0.875,303.6,327775,1,0.5991,23223.4,Lubrication Failure,Normal
2023-11-26 14:00:00,Electric_Arc_Furnace_03,Electric Arc Furnace,21949.5,1836.0,Electrical Inspection,6.496,124.5,1405.4,178.2,45.8,87.4,80.5,684.6,7.452,0.873,262.6,371602,2,0.6915,3702.3,Electrical Fault,Critical
2023-11-26 14:00:00,Ladle_Crane_02,Ladle Crane,12712.3,1569.0,Electrical Inspection,2.791,44.4,341.1,199.2,76.9,113.6,78.6,176.1,3.106,0.903,412.0,182477,1,0.2631,35909.6,Normal,Normal
2023-11-26 19:00:00,Annealing_Furnace_03,Annealing Furnace,1166.8,853.0,Lubrication,1.001,115.1,392.7,204.0,97.8,118.8,69.3,196.4,1.462,0.949,536.5,21761,0,0.0037,31857.8,Normal,Normal
2023-11-27 03:00:00,Hydraulic_Press_03,Hydraulic Press,33949.2,0.0,Lubrication,8.195,86.2,253.2,170.4,26.7,83.6,82.2,131.1,3.795,0.783,239.8,520358,1,0.8987,0.0,Electrical Fault,Immediate Action
2023-11-27 05:00:00,Ladle_Crane_02,Ladle Crane,32372.3,814.0,Seal Replacement,9.164,65.0,393.4,163.2,21.4,78.9,86.8,210.5,1.612,0.837,167.6,379578,3,0.9779,15800.0,Thermal Degradation,Normal
2023-11-27 06:00:00,Hot_Strip_Mill_02,Hot Strip Mill,32740.9,1145.0,Seal Replacement,8.485,107.9,1118.7,164.3,30.3,76.6,86.5,542.7,0.552,0.817,181.6,322080,4,0.9102,5569.6,Electrical Fault,Critical
2023-11-27 07:00:00,Hot_Strip_Mill_02,Hot Strip Mill,12838.6,222.0,Full Overhaul,4.777,98.5,1033.2,183.1,63.2,88.4,80.7,507.6,2.247,0.863,370.0,193407,2,0.4976,28079.3,Normal,Normal
2023-11-27 08:00:00,Blast_Furnace_Blower_02,Blast Furnace Blower,31591.9,956.0,Electrical Inspection,7.91,99.7,558.8,168.6,34.5,74.1,85.5,287.7,2.707,0.825,220.5,631639,8,0.8538,0.0,Mechanical Wear,Immediate Action
2023-11-27 08:00:00,Continuous_Caster_03,Continuous Caster,18663.0,1292.0,Bearing Replacement,5.097,107.7,666.8,182.8,59.4,91.5,79.4,315.7,3.57,0.895,356.5,336629,1,0.4996,16348.8,Normal,Normal
2023-11-27 08:00:00,Continuous_Caster_02,Continuous Caster,33399.2,1125.0,Full Overhaul,8.54,106.7,745.3,159.2,23.5,84.6,86.7,383.4,5.49,0.815,181.6,343490,8,0.9404,1495.0,Lubrication Failure,Immediate Action
2023-11-27 13:00:00,Hot_Strip_Mill_01,Hot Strip Mill,14315.9,60.0,Alignment Check,4.667,93.8,989.1,184.6,58.3,92.2,79.8,513.9,1.654,0.855,430.7,121242,3,0.4489,23584.7,Normal,Normal
2023-11-27 13:00:00,Rolling_Mill_02,Rolling Mill,27679.5,1085.0,Seal Replacement,7.397,100.4,1027.8,169.0,31.8,85.9,84.8,514.1,0.24,0.791,269.7,263651,9,0.7983,12939.1,Electrical Fault,Normal
2023-11-27 17:00:00,Cold_Rolling_Mill_02,Cold Rolling Mill,19795.4,1506.0,Full Overhaul,5.03,59.1,846.7,181.1,55.0,92.5,81.0,409.5,3.206,0.885,344.9,321304,1,0.4791,16511.9,Normal,Normal
2023-11-27 18:00:00,Pickling_Line_03,Pickling Line,27772.6,1398.0,Full Overhaul,7.579,70.9,343.3,169.1,35.1,76.0,81.9,174.3,0.989,0.816,223.5,343844,4,0.8263,0.0,Bearing Failure,Immediate Action
2023-11-27 19:00:00,Ladle_Crane_03,Ladle Crane,9628.1,402.0,Lubrication,3.166,51.0,341.2,191.5,85.1,110.0,74.4,181.2,1.133,0.936,451.9,154485,0,0.2547,38817.5,Normal,Normal
2023-11-27 20:00:00,Continuous_Caster_03,Continuous Caster,21963.1,153.0,Full Overhaul,5.47,107.9,697.4,171.2,53.6,92.1,81.7,350.5,1.843,0.832,322.8,223408,4,0.5845,15475.1,Electrical Fault,Normal
2023-11-27 22:00:00,Rolling_Mill_01,Rolling Mill,28994.9,785.0,Bearing Replacement,7.173,94.4,1035.6,166.3,40.7,95.5,80.1,538.1,3.981,0.826,266.4,296948,6,0.7584,10889.1,Thermal Degradation,Warning
2023-11-27 23:00:00,Continuous_Caster_01,Continuous Caster,24790.2,1515.0,Full Overhaul,7.155,105.2,721.2,162.5,36.8,73.6,83.1,376.2,5.757,0.837,254.3,347760,5,0.7572,13568.1,Mechanical Wear,Normal
2023-11-28 06:00:00,Hot_Strip_Mill_02,Hot Strip Mill,16833.9,791.0,Bearing Replacement,5.003,105.3,1034.9,187.4,61.7,86.3,81.5,533.8,2.792,0.877,335.7,325621,5,0.4953,21650.5,Normal,Normal
2023-11-28 07:00:00,Continuous_Caster_02,Continuous Caster,21109.4,92.0,Electrical Inspection,6.034,106.1,720.1,174.8,37.7,90.5,82.2,374.0,3.402,0.853,282.9,355615,4,0.6296,13268.0,Lubrication Failure,Normal
2023-11-28 07:00:00,Hot_Strip_Mill_03,Hot Strip Mill,34604.8,1553.0,Alignment Check,9.003,110.4,1112.1,161.7,22.4,71.5,88.3,600.1,3.107,0.823,211.1,307111,9,1.0,3042.6,Lubrication Failure,Critical
2023-11-28 07:00:00,Electric_Arc_Furnace_01,Electric Arc Furnace,20502.8,1445.0,Bearing Replacement,5.314,114.9,1361.3,177.7,56.1,89.1,83.4,663.3,0.521,0.884,309.4,256384,5,0.5567,4947.2,Mechanical Wear,Warning
2023-11-28 08:00:00,Hydraulic_Press_03,Hydraulic Press,27518.1,791.0,Full Overhaul,7.574,79.4,239.5,161.8,35.8,78.1,86.3,138.2,1.941,0.817,221.5,524678,3,0.8296,0.0,Electrical Fault,Immediate Action
2023-11-28 08:00:00,Pickling_Line_03,Pickling Line,25458.5,1977.0,Seal Replacement,8.048,70.1,340.2,166.8,38.4,74.5,85.0,169.1,7.736,0.816,229.7,314627,6,0.8094,1842.4,Lubrication Failure,Critical
2023-11-28 10:00:00,Pickling_Line_03,Pickling Line,24582.0,53.0,Electrical Inspection,6.62,67.1,327.4,171.5,46.0,83.6,84.0,170.4,7.484,0.865,294.6,331484,2,0.7132,2641.2,Electrical Fault,Critical
2023-11-28 10:00:00,Annealing_Furnace_03,Annealing Furnace,25101.3,1790.0,Lubrication,7.583,134.0,465.1,158.7,34.3,74.5,88.0,226.4,7.521,0.844,239.9,487405,2,0.8138,8611.9,Bearing Failure,Warning
2023-11-28 12:00:00,Rolling_Mill_03,Rolling Mill,15958.9,234.0,Full Overhaul,5.153,99.5,932.0,181.5,66.6,93.4,80.0,483.7,1.134,0.851,320.9,270926,3,0.5273,25000.8,Normal,Normal
2023-11-28 13:00:00,Ladle_Crane_02,Ladle Crane,16648.2,1221.0,Electrical Inspection,5.118,53.7,364.7,181.2,63.5,98.8,79.3,177.0,0.747,0.871,324.3,266863,1,0.5148,35599.1,Normal,Normal
2023-11-28 13:00:00,Electric_Arc_Furnace_01,Electric Arc Furnace,16428.4,1900.0,Lubrication,4.229,112.8,1336.8,182.9,76.5,89.7,80.4,694.6,1.554,0.893,424.1,156755,1,0.3848,9415.3,Normal,Normal
2023-11-28 15:00:00,Annealing_Furnace_02,Annealing Furnace,8513.2,380.0,Electrical Inspection,2.68,120.9,394.4,191.7,79.6,97.9,76.8,209.1,1.33,0.93,455.6,155967,3,0.2555,22008.7,Normal,Normal
2023-11-28 15:00:00,Continuous_Caster_01,Continuous Caster,1260.6,1232.0,Alignment Check,1.044,95.5,613.5,205.7,98.9,123.5,72.4,316.0,0.495,0.943,486.4,18878,0,0.0415,33108.0,Normal,Normal
2023-11-28 17:00:00,Annealing_Furnace_03,Annealing Furnace,5494.3,415.0,Electrical Inspection,2.368,119.0,389.1,197.8,89.5,105.9,76.1,201.3,0.122,0.919,446.2,91854,0,0.1678,26064.0,Normal,Normal
2023-11-28 18:00:00,Electric_Arc_Furnace_02,Electric Arc Furnace,31036.9,60.0,Electrical Inspection,8.017,133.4,1489.7,166.7,26.4,88.7,83.0,765.6,3.55,0.838,193.4,291558,4,0.8813,0.0,Lubrication Failure,Immediate Action
2023-11-28 20:00:00,Pickling_Line_01,Pickling Line,9696.4,712.0,Alignment Check,3.437,60.5,300.8,189.7,79.4,101.6,76.6,152.2,2.233,0.885,398.4,155682,0,0.3093,19264.8,Normal,Normal
2023-11-28 21:00:00,Ladle_Crane_02,Ladle Crane,4931.6,1170.0,Bearing Replacement,2.517,43.5,315.2,182.0,83.3,115.9,73.7,172.7,1.125,0.917,453.1,87080,0,0.1799,44986.4,Normal,Normal
2023-11-28 22:00:00,Annealing_Furnace_03,Annealing Furnace,4279.9,1621.0,Full Overhaul,0.928,120.4,378.3,195.8,94.0,125.1,71.8,200.6,1.159,0.936,525.9,53840,0,0.0387,30567.8,Normal,Normal
2023-11-28 23:00:00,Ladle_Crane_01,Ladle Crane,24529.6,1165.0,Lubrication,7.212,60.6,392.9,168.8,31.9,86.6,85.2,201.9,1.238,0.831,253.6,418209,6,0.7686,24821.3,Lubrication Failure,Normal
2023-11-29 00:00:00,Cold_Rolling_Mill_01,Cold Rolling Mill,312.3,1824.0,Alignment Check,0.504,59.2,746.7,194.5,100.0,111.6,69.7,393.8,1.663,0.97,529.7,5167,0,0.0,36326.0,Normal,Normal
2023-11-29 02:00:00,Hot_Strip_Mill_03,Hot Strip Mill,16548.5,1383.0,Full Overhaul,4.835,97.1,966.2,180.7,73.9,95.8,78.2,559.7,3.038,0.902,390.6,198412,2,0.4525,20769.1,Normal,Normal
2023-11-29 04:00:00,Continuous_Caster_03,Continuous Caster,4248.6,1106.0,Alignment Check,1.519,91.0,605.1,201.5,100.0,111.2,73.7,315.3,2.215,0.961,473.2,71832,0,0.077,31178.0,Normal,Normal
2023-11-29 04:00:00,Annealing_Furnace_03,Annealing Furnace,29753.3,412.0,Electrical Inspection,7.498,134.6,457.1,167.5,39.4,81.1,84.0,228.1,0.393,0.807,236.2,466398,3,0.814,2126.2,Lubrication Failure,Critical
2023-11-29 09:00:00,Hydraulic_Press_02,Hydraulic Press,33549.9,1570.0,Bearing Replacement,9.148,81.8,257.8,153.4,24.6,66.7,87.7,132.2,0.377,0.784,159.7,394016,6,1.0,0.0,Electrical Fault,Immediate Action
2023-11-29 11:00:00,Electric_Arc_Furnace_03,Electric Arc Furnace,33560.5,606.0,Seal Replacement,9.059,128.8,1538.0,163.8,27.3,77.7,87.6,747.0,3.28,0.783,181.2,484389,8,0.965,0.0,Bearing Failure,Immediate Action
2023-11-29 14:00:00,Cold_Rolling_Mill_03,Cold Rolling Mill,15524.5,642.0,Electrical Inspection,4.693,71.2,832.8,171.3,61.2,99.2,80.5,425.7,2.174,0.891,333.9,209311,6,0.4777,20634.8,Normal,Normal
2023-11-29 14:00:00,Hydraulic_Press_03,Hydraulic Press,22593.6,212.0,Seal Replacement,6.309,85.5,244.1,175.9,43.9,83.3,84.4,125.9,3.845,0.864,266.3,194454,6,0.6771,0.0,Lubrication Failure,Immediate Action
2023-11-29 14:00:00,Ladle_Crane_01,Ladle Crane,21029.7,102.0,Bearing Replacement,5.013,58.2,358.9,177.2,54.7,94.4,84.3,184.4,2.529,0.867,348.5,340592,4,0.5051,27507.7,Normal,Normal
2023-11-29 16:00:00,Annealing_Furnace_02,Annealing Furnace,15597.9,245.0,Seal Replacement,4.722,130.6,430.2,173.4,60.4,95.3,79.2,220.1,4.873,0.869,344.7,170128,2,0.4831,16875.6,Normal,Normal
2023-11-29 16:00:00,Continuous_Caster_02,Continuous Caster,12316.4,911.0,Bearing Replacement,3.64,90.6,616.1,196.5,83.4,105.8,78.7,329.4,1.036,0.907,429.2,118686,0,0.324,22632.6,Normal,Normal
2023-11-29 18:00:00,Hydraulic_Press_02,Hydraulic Press,2344.9,677.0,Bearing Replacement,1.388,73.1,211.5,195.8,92.7,110.5,74.4,108.9,1.338,0.92,469.4,45723,0,0.0998,18064.8,Normal,Normal
2023-11-29 19:00:00,Continuous_Caster_02,Continuous Caster,27869.9,1676.0,Seal Replacement,7.053,108.6,662.3,166.1,37.7,82.9,82.0,380.9,0.223,0.845,278.7,300130,3,0.7084,9086.3,Lubrication Failure,Warning
2023-11-29 22:00:00,Ladle_Crane_01,Ladle Crane,8504.0,659.0,Bearing Replacement,3.09,57.1,329.2,186.3,72.6,102.6,78.6,182.7,0.499,0.887,398.0,108021,3,0.2945,42364.0,Normal,Normal
2023-11-30 03:00:00,Hydraulic_Press_01,Hydraulic Press,16172.4,1241.0,Seal Replacement,4.905,70.4,235.5,191.1,55.6,85.3,80.0,119.6,5.611,0.834,353.6,315668,2,0.4929,3587.6,Normal,Warning
2023-11-30 04:00:00,Continuous_Caster_02,Continuous Caster,16873.7,1702.0,Seal Replacement,4.541,100.2,687.2,180.7,63.5,102.4,81.7,342.4,0.829,0.894,381.2,286911,1,0.434,17529.9,Normal,Normal
2023-11-30 05:00:00,Rolling_Mill_03,Rolling Mill,19668.8,298.0,Alignment Check,5.565,96.0,992.1,170.7,56.6,87.5,80.1,529.1,1.607,0.845,297.4,317971,3,0.5824,19634.9,Electrical Fault,Normal
2023-11-30 07:00:00,Pickling_Line_02,Pickling Line,28643.9,1893.0,Full Overhaul,7.673,70.6,341.2,170.9,37.8,76.6,83.6,170.8,3.293,0.825,227.9,511295,1,0.8069,0.0,Mechanical Wear,Immediate Action
2023-11-30 09:00:00,Continuous_Caster_03,Continuous Caster,24246.6,1120.0,Bearing Replacement,6.782,112.7,709.4,169.5,45.6,87.8,82.3,353.9,1.06,0.819,251.5,211252,4,0.7174,10979.9,Electrical Fault,Normal
2023-11-30 09:00:00,Continuous_Caster_01,Continuous Caster,23240.9,1471.0,Full Overhaul,5.633,106.5,693.0,175.2,54.0,92.5,79.6,342.6,2.134,0.881,333.4,433342,6,0.574,12200.7,Bearing Failure,Normal
2023-11-30 10:00:00,Hydraulic_Press_01,Hydraulic Press,3448.9,1558.0,Seal Replacement,2.361,78.1,213.6,192.0,86.7,112.8,74.9,107.5,1.699,0.941,496.0,33947,0,0.1576,16950.1,Normal,Normal
2023-11-30 10:00:00,Hot_Strip_Mill_03,Hot Strip Mill,18483.4,1716.0,Full Overhaul,5.107,99.8,1017.5,177.9,62.9,92.7,80.8,494.3,5.056,0.888,355.7,203814,3,0.5105,20456.6,Normal,Normal
2023-11-30 11:00:00,Blast_Furnace_Blower_03,Blast Furnace Blower,14130.1,482.0,Electrical Inspection,4.481,80.5,489.0,188.6,67.8,96.0,79.1,239.3,3.075,0.858,352.1,253693,2,0.4307,16991.4,Normal,Normal
2023-11-30 13:00:00,Hot_Strip_Mill_02,Hot Strip Mill,33510.4,502.0,Alignment Check,9.067,115.1,1124.7,152.3,18.3,64.9,83.0,570.2,3.169,0.841,176.5,380832,5,0.997,3727.1,Bearing Failure,Critical
2023-11-30 15:00:00,Hydraulic_Press_02,Hydraulic Press,34844.6,357.0,Alignment Check,8.881,86.3,256.8,161.0,26.8,69.0,84.8,142.2,2.43,0.808,199.6,378507,7,0.9839,0.0,Bearing Failure,Immediate Action
2023-11-30 20:00:00,Electric_Arc_Furnace_01,Electric Arc Furnace,25594.4,390.0,Seal Replacement,6.956,123.7,1367.2,170.9,34.8,80.1,83.2,697.6,4.084,0.845,245.8,447657,5,0.7595,0.0,Thermal Degradation,Immediate Action
2023-11-30 22:00:00,Annealing_Furnace_03,Annealing Furnace,8040.3,1609.0,Bearing Replacement,3.088,125.5,407.9,191.9,87.9,105.0,75.6,202.1,3.171,0.887,430.4,69698,1,0.2216,24293.7,Normal,Normal
2023-12-01 00:00:00,Electric_Arc_Furnace_03,Electric Arc Furnace,3656.0,1121.0,Seal Replacement,1.85,107.9,1233.2,192.1,97.2,110.0,76.1,590.9,0.597,0.944,504.7,32589,0,0.0582,21197.9,Normal,Normal
2023-12-01 05:00:00,Hydraulic_Press_03,Hydraulic Press,14575.3,257.0,Lubrication,3.962,73.4,220.5,178.7,75.3,99.7,76.2,118.1,1.803,0.889,369.1,258796,1,0.4038,5410.4,Normal,Warning
2023-12-01 06:00:00,Cold_Rolling_Mill_02,Cold Rolling Mill,29994.4,618.0,Bearing Replacement,8.603,78.6,896.6,161.2,22.3,61.1,83.7,478.3,0.805,0.782,186.4,390720,2,0.9297,6731.7,Lubrication Failure,Warning
2023-12-01 06:00:00,Hot_Strip_Mill_02,Hot Strip Mill,25293.1,155.0,Electrical Inspection,7.173,107.5,1084.4,163.8,36.5,81.0,81.6,566.7,8.13,0.82,252.9,459232,6,0.7793,11067.1,Bearing Failure,Warning
2023-12-01 07:00:00,Electric_Arc_Furnace_01,Electric Arc Furnace,30947.8,1656.0,Lubrication,8.486,126.2,1409.1,168.2,31.9,76.3,84.7,754.9,1.355,0.856,219.9,540725,5,0.8346,0.0,Bearing Failure,Immediate Action
2023-12-01 08:00:00,Hot_Strip_Mill_01,Hot Strip Mill,21590.6,1231.0,Seal Replacement,5.651,108.6,1034.8,182.1,48.0,89.4,82.4,505.2,4.055,0.846,326.2,317193,1,0.596,17263.5,Electrical Fault,Normal
2023-12-01 10:00:00,Pickling_Line_01,Pickling Line,4648.5,329.0,Seal Replacement,1.445,53.2,293.1,196.8,100.0,116.1,72.2,144.0,0.46,0.934,494.1,78998,2,0.0866,23349.7,Normal,Normal
2023-12-01 11:00:00,Continuous_Caster_01,Continuous Caster,4106.4,1674.0,Electrical Inspection,1.628,94.8,610.6,193.4,86.3,116.8,74.2,286.7,0.11,0.919,514.5,39907,2,0.1263,30624.2,Normal,Normal
2023-12-01 16:00:00,Continuous_Caster_02,Continuous Caster,1775.3,1794.0,Seal Replacement,1.476,98.0,627.0,185.3,87.3,111.8,71.1,285.9,2.676,0.945,480.3,18258,0,0.1006,32047.7,Normal,Normal
2023-12-01 16:00:00,Continuous_Caster_02,Continuous Caster,19891.1,1411.0,Electrical Inspection,6.287,105.2,691.4,174.7,53.7,84.2,79.5,374.0,5.06,0.867,287.0,360258,3,0.6699,14846.8,Electrical Fault,Normal
2023-12-01 17:00:00,Blast_Furnace_Blower_03,Blast Furnace Blower,8576.7,995.0,Lubrication,2.17,81.2,465.1,189.1,89.9,111.7,73.7,240.9,3.687,0.941,440.4,103737,1,0.1737,22036.1,Normal,Normal
2023-12-01 17:00:00,Hot_Strip_Mill_02,Hot Strip Mill,25730.0,1545.0,Electrical Inspection,7.277,110.8,1086.3,167.2,36.8,75.9,85.4,542.2,3.545,0.835,257.3,207369,8,0.7781,11627.7,Electrical Fault,Normal
2023-12-01 22:00:00,Electric_Arc_Furnace_01,Electric Arc Furnace,24050.1,767.0,Electrical Inspection,6.458,121.7,1430.2,168.8,35.8,81.2,80.9,719.8,1.309,0.87,279.1,467539,1,0.6868,1972.9,Thermal Degradation,Critical
2023-12-01 23:00:00,Rolling_Mill_02,Rolling Mill,11202.1,895.0,Bearing Replacement,3.098,91.4,882.1,186.9,84.4,106.2,76.2,479.1,0.018,0.888,407.5,185303,1,0.3017,30090.2,Normal,Normal
2023-12-02 02:00:00,Electric_Arc_Furnace_01,Electric Arc Furnace,6270.4,859.0,Alignment Check,1.824,115.3,1192.2,195.8,99.1,111.7,72.1,624.6,1.863,0.926,525.1,113773,0,0.1324,18467.1,Normal,Normal
2023-12-02 04:00:00,Pickling_Line_01,Pickling Line,3673.8,1950.0,Full Overhaul,2.718,62.4,280.8,194.3,87.5,105.0,72.8,143.7,1.792,0.915,442.2,69628,0,0.194,23827.0,Normal,Normal
2023-12-02 04:00:00,Cold_Rolling_Mill_03,Cold Rolling Mill,25832.3,661.0,Bearing Replacement,6.474,87.0,910.8,179.0,50.1,79.5,82.7,435.7,0.631,0.875,273.1,402333,4,0.6566,7182.1,Lubrication Failure,Warning
2023-12-02 04:00:00,Annealing_Furnace_03,Annealing Furnace,15820.4,993.0,Full Overhaul,4.516,123.1,415.7,181.9,66.8,98.0,77.3,201.6,2.224,0.846,356.9,222070,3,0.4275,15145.8,Normal,Normal
2023-12-02 07:00:00,Pickling_Line_02,Pickling Line,11391.2,1772.0,Lubrication,3.559,67.9,298.2,185.1,70.3,105.1,74.4,150.5,0.399,0.869,428.0,111746,1,0.3438,15652.6,Normal,Normal
2023-12-02 12:00:00,Cold_Rolling_Mill_01,Cold Rolling Mill,29997.2,171.0,Lubrication,8.347,75.0,921.5,171.0,35.7,79.5,82.3,454.7,1.843,0.788,196.8,307837,4,0.8797,4457.4,Lubrication Failure,Critical
2023-12-02 12:00:00,Rolling_Mill_03,Rolling Mill,20817.1,579.0,Seal Replacement,6.273,95.7,947.4,178.1,45.5,80.1,83.9,520.5,2.739,0.849,337.5,279103,3,0.6571,19139.7,Mechanical Wear,Normal
2023-12-02 15:00:00,Ladle_Crane_01,Ladle Crane,18178.3,1502.0,Alignment Check,4.589,55.1,354.4,187.4,64.8,98.2,75.8,185.1,1.552,0.873,356.4,159974,2,0.4753,32289.8,Normal,Normal
2023-12-02 18:00:00,Rolling_Mill_02,Rolling Mill,26043.9,1477.0,Bearing Replacement,7.253,100.8,1014.9,173.7,39.1,75.9,85.9,504.3,2.887,0.799,233.1,454230,3,0.7753,16133.7,Lubrication Failure,Normal
2023-12-02 20:00:00,Electric_Arc_Furnace_01,Electric Arc Furnace,28563.9,1114.0,Seal Replacement,7.453,131.3,1408.9,179.7,34.9,87.9,85.5,724.5,10.491,0.843,216.8,419921,3,0.813,0.0,Thermal Degradation,Immediate Action
2023-12-02 21:00:00,Cold_Rolling_Mill_01,Cold Rolling Mill,24044.0,1389.0,Seal Replacement,6.393,67.9,853.2,176.2,40.6,84.0,81.5,447.3,5.125,0.863,271.7,459539,3,0.689,9759.8,Mechanical Wear,Warning
2023-12-03 03:00:00,Annealing_Furnace_02,Annealing Furnace,15456.2,567.0,Full Overhaul,4.065,116.5,415.5,177.9,60.5,92.9,79.7,209.5,3.002,0.89,367.5,239520,2,0.4186,15825.9,Normal,Normal
2023-12-03 05:00:00,Hot_Strip_Mill_02,Hot Strip Mill,13337.5,1296.0,Bearing Replacement,3.908,105.5,974.3,188.2,71.3,102.1,77.4,523.0,1.608,0.865,372.4,262299,3,0.3892,25358.5,Normal,Normal
2023-12-03 06:00:00,Cold_Rolling_Mill_03,Cold Rolling Mill,27031.1,95.0,Bearing Replacement,7.125,69.5,881.8,171.2,36.6,81.3,84.3,492.8,4.208,0.888,233.1,306667,4,0.7652,8881.0,Electrical Fault,Warning
2023-12-03 07:00:00,Electric_Arc_Furnace_02,Electric Arc Furnace,18175.0,1971.0,Seal Replacement,5.123,124.0,1296.7,178.1,60.6,98.5,75.8,665.3,6.087,0.891,376.2,221715,2,0.5015,7467.7,Normal,Warning
2023-12-03 07:00:00,Ladle_Crane_03,Ladle Crane,24683.1,1281.0,Seal Replacement,6.503,64.2,359.9,170.5,46.7,87.1,82.5,199.1,1.106,0.871,280.6,322851,1,0.679,24546.3,Mechanical Wear,Normal
2023-12-03 09:00:00,Cold_Rolling_Mill_03,Cold Rolling Mill,31174.9,359.0,Seal Replacement,8.816,82.7,948.8,162.8,28.8,82.9,84.9,473.2,2.987,0.794,195.0,359884,6,0.9093,6069.3,Mechanical Wear,Warning
2023-12-03 09:00:00,Ladle_Crane_03,Ladle Crane,32064.6,1443.0,Full Overhaul,7.78,64.0,375.4,155.3,31.4,75.6,83.8,200.5,3.87,0.804,211.5,562664,2,0.8496,18304.5,Electrical Fault,Normal
2023-12-03 10:00:00,Ladle_Crane_02,Ladle Crane,9792.3,1279.0,Alignment Check,2.889,53.4,339.6,176.5,81.6,110.8,77.8,174.1,0.889,0.885,428.0,141031,2,0.2702,40614.9,Normal,Normal
2023-12-03 11:00:00,Blast_Furnace_Blower_01,Blast Furnace Blower,6657.4,1929.0,Full Overhaul,2.64,75.9,464.9,194.3,87.4,109.1,78.5,230.2,2.851,0.919,461.9,89617,1,0.1518,23477.6,Normal,Normal
2023-12-03 13:00:00,Continuous_Caster_01,Continuous Caster,9218.9,578.0,Electrical Inspection,2.863,92.5,629.9,187.2,78.2,108.2,78.5,313.3,6.172,0.904,447.6,124237,1,0.2573,24977.7,Normal,Normal
2023-12-03 16:00:00,Cold_Rolling_Mill_01,Cold Rolling Mill,26322.9,113.0,Lubrication,7.313,73.5,886.3,167.4,44.0,80.2,85.5,450.2,4.007,0.833,255.0,467842,7,0.7466,9615.4,Bearing Failure,Warning
2023-12-03 17:00:00,Rolling_Mill_01,Rolling Mill,13015.0,367.0,Bearing Replacement,4.232,91.1,929.1,181.7,66.9,104.7,76.6,482.1,2.471,0.906,369.4,141763,1,0.4152,27337.5,Normal,Normal
2023-12-03 18:00:00,Hydraulic_Press_01,Hydraulic Press,6151.3,838.0,Bearing Replacement,2.465,65.4,218.3,184.0,84.5,114.3,76.5,112.9,1.436,0.935,431.4,72899,3,0.2087,13008.3,Normal,Normal
2023-12-03 20:00:00,Pickling_Line_03,Pickling Line,3533.7,475.0,Lubrication,1.53,57.5,296.9,199.1,95.5,116.8,73.0,156.1,1.488,0.949,461.1,67685,0,0.1156,24533.2,Normal,Normal
2023-12-04 00:00:00,Hydraulic_Press_02,Hydraulic Press,11523.2,1487.0,Alignment Check,3.943,64.0,221.7,185.0,75.1,104.8,76.1,115.2,1.79,0.924,386.5,147118,1,0.3379,9205.7,Normal,Normal
2023-12-04 01:00:00,Rolling_Mill_03,Rolling Mill,4851.2,95.0,Seal Replacement,1.622,92.6,861.2,195.0,94.3,117.0,78.2,432.2,0.255,0.936,458.3,96770,0,0.1291,35669.4,Normal,Normal
2023-12-04 01:00:00,Electric_Arc_Furnace_01,Electric Arc Furnace,5557.4,257.0,Alignment Check,1.872,112.7,1277.4,198.8,80.2,117.4,70.2,615.1,3.947,0.967,473.8,73626,0,0.1483,20468.0,Normal,Normal
2023-12-04 01:00:00,Electric_Arc_Furnace_03,Electric Arc Furnace,23967.6,617.0,Alignment Check,5.914,120.0,1358.0,174.4,65.4,90.7,81.9,699.1,1.122,0.863,296.8,313275,5,0.5974,1338.2,Electrical Fault,Critical
2023-12-04 02:00:00,Rolling_Mill_02,Rolling Mill,788.7,1121.0,Bearing Replacement,1.216,84.9,851.2,202.1,98.9,119.8,73.7,430.3,0.467,0.95,501.8,11925,0,0.0592,38134.2,Normal,Normal
2023-12-04 04:00:00,Ladle_Crane_02,Ladle Crane,4202.6,584.0,Bearing Replacement,2.273,47.0,324.9,196.5,92.3,121.1,75.7,168.2,0.982,0.912,470.7,76320,0,0.1334,46983.5,Normal,Normal
2023-12-04 04:00:00,Continuous_Caster_01,Continuous Caster,29568.4,1123.0,Seal Replacement,8.203,109.0,754.6,168.2,26.9,73.8,87.2,410.7,2.276,0.798,189.1,491762,3,0.9048,4233.6,Bearing Failure,Critical
2023-12-04 07:00:00,Cold_Rolling_Mill_01,Cold Rolling Mill,29587.5,623.0,Bearing Replacement,7.764,72.2,923.3,172.1,27.1,80.4,85.3,465.0,6.982,0.833,232.8,507123,5,0.8176,6187.4,Mechanical Wear,Warning
2023-12-04 08:00:00,Hydraulic_Press_02,Hydraulic Press,11590.6,1520.0,Alignment Check,4.045,67.7,223.2,186.8,72.1,98.3,78.7,111.6,0.778,0.89,385.8,228597,1,0.3942,8243.8,Normal,Normal
2023-12-04 10:00:00,Hot_Strip_Mill_02,Hot Strip Mill,3169.6,1483.0,Full Overhaul,1.239,85.9,956.4,196.3,99.1,122.7,71.7,488.1,2.317,0.968,472.0,55644,1,0.081,34057.2,Normal,Normal
2023-12-04 12:00:00,Rolling_Mill_03,Rolling Mill,24703.5,1580.0,Lubrication,6.664,95.1,938.7,175.4,37.3,84.9,82.3,519.2,3.453,0.828,279.3,336136,1,0.6772,18151.3,Lubrication Failure,Normal
2023-12-04 13:00:00,Hydraulic_Press_01,Hydraulic Press,12668.6,1913.0,Full Overhaul,4.392,73.2,222.5,177.2,69.3,100.6,80.3,111.9,0.897,0.859,375.9,201179,3,0.4392,7287.8,Normal,Normal
2023-12-04 14:00:00,Blast_Furnace_Blower_02,Blast Furnace Blower,5608.2,1658.0,Bearing Replacement,3.598,73.6,462.5,194.2,88.0,112.8,76.4,242.8,0.757,0.903,424.6,56270,3,0.2438,24701.1,Normal,Normal
2023-12-04 14:00:00,Hot_Strip_Mill_03,Hot Strip Mill,1686.7,1652.0,Full Overhaul,1.292,95.7,872.2,199.2,100.0,127.3,71.7,462.4,1.127,0.946,479.2,30303,0,0.0664,38376.8,Normal,Normal
2023-12-04 17:00:00,Pickling_Line_01,Pickling Line,4888.8,762.0,Full Overhaul,1.96,61.6,286.7,189.3,90.8,111.4,75.9,150.5,0.784,0.927,455.1,59503,1,0.1482,22421.6,Normal,Normal
2023-12-04 18:00:00,Annealing_Furnace_01,Annealing Furnace,20660.2,622.0,Electrical Inspection,6.381,126.2,427.7,181.2,49.2,92.6,80.8,244.6,2.124,0.863,299.6,315218,7,0.6307,10946.6,Bearing Failure,Normal
2023-12-04 18:00:00,Pickling_Line_03,Pickling Line,31444.3,444.0,Full Overhaul,9.014,74.4,336.3,161.7,28.8,74.7,89.4,179.9,1.102,0.815,196.2,394962,7,0.9498,0.0,Lubrication Failure,Immediate Action
2023-12-04 19:00:00,Annealing_Furnace_02,Annealing Furnace,27778.2,887.0,Bearing Replacement,7.453,129.5,459.3,170.7,39.7,73.3,84.8,231.6,6.463,0.823,293.9,240256,4,0.7796,3893.7,Thermal Degradation,Critical
2023-12-04 23:00:00,Cold_Rolling_Mill_01,Cold Rolling Mill,19173.4,753.0,Seal Replacement,5.985,66.2,847.8,171.4,56.6,85.9,77.3,440.0,5.744,0.855,316.0,369735,0,0.5651,16530.7,Mechanical Wear,Normal
2023-12-04 23:00:00,Continuous_Caster_02,Continuous Caster,14833.2,443.0,Seal Replacement,4.255,104.9,677.9,171.6,62.8,96.9,78.7,334.4,1.061,0.905,374.3,214758,0,0.4315,20769.2,Normal,Normal
2023-12-05 00:00:00,Cold_Rolling_Mill_03,Cold Rolling Mill,15589.1,911.0,Bearing Replacement,3.975,70.8,825.7,183.6,72.9,97.4,75.8,429.7,0.95,0.901,371.6,259297,1,0.3921,21156.1,Normal,Normal
2023-12-05 00:00:00,Blast_Furnace_Blower_01,Blast Furnace Blower,21691.8,4.0,Alignment Check,6.637,89.4,536.0,179.6,39.0,88.7,80.4,257.3,2.47,0.852,283.4,338748,3,0.6614,8637.0,Electrical Fault,Warning
2023-12-05 01:00:00,Blast_Furnace_Blower_02,Blast Furnace Blower,8688.9,1961.0,Full Overhaul,3.368,76.8,489.9,193.8,76.1,106.2,74.3,224.1,2.073,0.907,407.2,73303,0,0.2783,22685.2,Normal,Normal
2023-12-05 06:00:00,Continuous_Caster_02,Continuous Caster,30576.2,1879.0,Full Overhaul,8.22,118.0,702.3,162.1,27.3,73.5,83.0,358.4,2.712,0.81,223.7,576115,8,0.8395,5593.4,Lubrication Failure,Warning
2023-12-05 06:00:00,Hydraulic_Press_01,Hydraulic Press,23804.0,1460.0,Lubrication,6.876,83.5,246.5,170.1,37.0,81.1,86.7,122.2,6.514,0.837,289.6,242366,6,0.7261,0.0,Lubrication Failure,Immediate Action
2023-12-05 07:00:00,Hot_Strip_Mill_02,Hot Strip Mill,13113.2,1001.0,Full Overhaul,3.986,97.5,934.5,195.4,72.6,101.3,76.7,494.0,3.584,0.913,404.8,228781,2,0.3306,26475.5,Normal,Normal
2023-12-05 08:00:00,Continuous_Caster_02,Continuous Caster,29469.7,1973.0,Lubrication,7.225,103.0,677.7,169.3,33.2,83.6,84.0,361.2,4.017,0.842,253.5,259124,4,0.7591,6888.9,Mechanical Wear,Warning
2023-12-05 11:00:00,Continuous_Caster_01,Continuous Caster,15144.8,398.0,Full Overhaul,5.274,98.0,693.0,179.1,62.5,95.7,78.6,358.8,8.556,0.85,317.6,264309,1,0.5366,18007.3,Normal,Normal
2023-12-05 13:00:00,Pickling_Line_01,Pickling Line,14106.6,1105.0,Full Overhaul,4.074,62.9,306.3,184.5,73.4,99.9,75.8,161.9,0.049,0.912,379.5,265166,5,0.3665,15403.4,Normal,Normal
2023-12-05 16:00:00,Cold_Rolling_Mill_01,Cold Rolling Mill,1088.5,521.0,Electrical Inspection,1.46,59.8,700.9,188.8,97.4,122.3,72.3,366.5,0.937,0.904,501.6,10890,0,0.102,34224.2,Normal,Normal
2023-12-05 18:00:00,Annealing_Furnace_03,Annealing Furnace,24365.2,457.0,Electrical Inspection,6.334,129.7,451.6,175.3,40.0,82.2,81.1,219.2,4.862,0.869,271.9,213237,10,0.6858,5867.7,Bearing Failure,Warning
2023-12-05 22:00:00,Cold_Rolling_Mill_03,Cold Rolling Mill,28281.8,1871.0,Alignment Check,7.992,76.6,911.6,167.6,24.0,78.1,86.0,450.0,2.222,0.806,198.3,519151,2,0.863,9633.1,Lubrication Failure,Warning
2023-12-05 22:00:00,Rolling_Mill_02,Rolling Mill,23258.1,1153.0,Bearing Replacement,6.608,97.4,972.3,176.7,53.3,83.3,80.7,534.8,0.58,0.851,268.7,353743,3,0.6936,17357.9,Electrical Fault,Normal
2023-12-05 23:00:00,Ladle_Crane_02,Ladle Crane,5382.5,167.0,Full Overhaul,2.806,49.5,331.2,185.6,75.3,102.9,79.0,173.1,0.358,0.91,414.7,107003,2,0.2589,45449.6,Normal,Normal
2023-12-06 07:00:00,Pickling_Line_01,Pickling Line,3704.9,735.0,Alignment Check,2.159,55.0,289.5,185.0,86.2,106.6,74.2,142.6,0.002,0.903,477.3,60994,1,0.1781,24016.1,Normal,Normal
2023-12-06 10:00:00,Electric_Arc_Furnace_01,Electric Arc Furnace,20092.8,1676.0,Seal Replacement,5.513,129.6,1415.6,179.5,49.4,90.3,84.0,721.2,3.028,0.855,309.7,283972,3,0.5847,5043.8,Lubrication Failure,Warning
2023-12-06 12:00:00,Electric_Arc_Furnace_03,Electric Arc Furnace,14112.9,187.0,Seal Replacement,4.157,114.0,1324.4,189.8,62.4,91.4,78.2,659.2,6.016,0.915,456.2,154494,3,0.4187,10782.6,Normal,Normal
2023-12-06 15:00:00,Ladle_Crane_03,Ladle Crane,15075.5,44.0,Bearing Replacement,4.532,53.2,349.6,173.4,65.8,98.7,76.0,184.8,1.933,0.896,338.0,247197,2,0.4647,33988.2,Normal,Normal
2023-12-06 18:00:00,Pickling_Line_01,Pickling Line,33876.2,1691.0,Electrical Inspection,9.107,66.8,368.0,153.0,19.4,72.0,85.7,179.6,15.974,0.825,166.1,302262,3,1.0,0.0,Bearing Failure,Immediate Action
2023-12-06 19:00:00,Cold_Rolling_Mill_03,Cold Rolling Mill,25364.9,1363.0,Bearing Replacement,6.795,69.9,907.1,168.1,48.3,86.8,84.0,438.4,0.358,0.825,246.2,329437,2,0.7281,10757.3,Bearing Failure,Warning
2023-12-06 23:00:00,Pickling_Line_01,Pickling Line,14471.4,140.0,Bearing Replacement,3.711,56.8,312.0,178.6,63.2,110.9,75.1,159.5,1.157,0.884,384.6,175971,1,0.3488,12418.4,Normal,Normal
2023-12-07 00:00:00,Ladle_Crane_02,Ladle Crane,766.6,367.0,Seal Replacement,0.877,43.5,332.0,196.7,97.2,119.9,72.4,159.3,1.879,0.939,493.3,11678,0,0.0341,49316.9,Normal,Normal
2023-12-07 00:00:00,Blast_Furnace_Blower_01,Blast Furnace Blower,1289.9,142.0,Electrical Inspection,1.39,74.1,466.5,201.7,97.1,114.5,72.8,233.8,0.451,0.948,504.9,13755,0,0.0048,27101.3,Normal,Normal
2023-12-07 03:00:00,Hydraulic_Press_01,Hydraulic Press,23999.6,139.0,Electrical Inspection,6.633,77.2,249.2,175.8,43.1,83.1,83.2,134.5,4.949,0.829,335.3,238920,2,0.6963,0.0,Thermal Degradation,Immediate Action
2023-12-07 07:00:00,Continuous_Caster_02,Continuous Caster,29337.1,1800.0,Full Overhaul,8.155,110.7,734.7,166.9,27.5,75.3,86.6,389.7,5.57,0.816,193.0,287347,6,0.8958,5555.2,Thermal Degradation,Warning
2023-12-07 07:00:00,Hot_Strip_Mill_02,Hot Strip Mill,24798.8,1507.0,Bearing Replacement,6.835,105.5,1068.0,169.9,44.5,82.2,83.5,567.3,2.952,0.847,246.8,290800,6,0.7337,11979.7,Lubrication Failure,Normal
2023-12-07 08:00:00,Pickling_Line_03,Pickling Line,14265.5,1026.0,Alignment Check,4.105,63.7,294.9,191.3,68.8,96.4,75.7,160.1,1.437,0.916,428.2,261937,2,0.3779,14165.6,Normal,Normal
2023-12-07 09:00:00,Cold_Rolling_Mill_02,Cold Rolling Mill,1186.6,638.0,Full Overhaul,0.706,50.9,704.0,189.5,97.2,115.4,71.8,370.2,1.15,0.948,511.3,15149,0,0.0238,34006.9,Normal,Normal
2023-12-07 15:00:00,Blast_Furnace_Blower_03,Blast Furnace Blower,33862.3,1223.0,Lubrication,9.104,97.5,562.4,158.2,35.6,76.3,85.7,293.5,4.356,0.821,186.8,633066,4,0.9142,0.0,Mechanical Wear,Immediate Action
2023-12-07 17:00:00,Electric_Arc_Furnace_02,Electric Arc Furnace,34523.1,571.0,Seal Replacement,9.177,131.0,1565.5,160.2,13.9,73.3,87.9,779.1,2.156,0.784,171.5,585805,4,1.0,0.0,Thermal Degradation,Immediate Action
2023-12-07 21:00:00,Annealing_Furnace_02,Annealing Furnace,19272.8,284.0,Lubrication,5.75,124.0,431.9,172.5,47.2,88.2,79.4,210.4,4.223,0.829,324.0,319637,5,0.5917,11751.2,Bearing Failure,Normal
2023-12-07 21:00:00,Ladle_Crane_03,Ladle Crane,2566.4,974.0,Lubrication,1.998,49.0,334.8,198.6,100.0,120.2,72.2,164.1,1.756,0.97,493.7,44182,0,0.0189,50358.1,Normal,Normal
2023-12-07 23:00:00,Continuous_Caster_03,Continuous Caster,18979.9,1691.0,Lubrication,6.391,112.4,727.9,175.7,55.1,79.6,85.9,368.7,2.214,0.852,271.4,266586,3,0.6683,18167.2,Bearing Failure,Normal
2023-12-08 00:00:00,Hot_Strip_Mill_02,Hot Strip Mill,31242.6,1370.0,Alignment Check,8.881,99.7,1084.5,162.0,20.5,70.6,87.1,558.7,0.224,0.837,208.3,350817,8,0.8818,6158.4,Lubrication Failure,Warning
2023-12-08 01:00:00,Cold_Rolling_Mill_01,Cold Rolling Mill,23831.5,1570.0,Electrical Inspection,7.154,72.7,907.6,169.4,55.1,84.9,84.2,428.7,9.385,0.838,270.8,241739,1,0.6957,10955.3,Electrical Fault,Normal
2023-12-08 02:00:00,Cold_Rolling_Mill_01,Cold Rolling Mill,25227.6,358.0,Full Overhaul,7.334,75.1,896.2,170.5,46.6,78.1,82.4,478.1,0.971,0.821,264.6,352253,5,0.7039,10200.0,Lubrication Failure,Warning
2023-12-08 06:00:00,Annealing_Furnace_02,Annealing Furnace,3065.4,1923.0,Full Overhaul,1.925,126.5,386.6,200.0,87.8,115.5,74.0,198.6,0.12,0.906,462.6,38338,1,0.1086,28477.1,Normal,Normal
2023-12-08 15:00:00,Hot_Strip_Mill_01,Hot Strip Mill,3817.3,151.0,Bearing Replacement,1.572,94.2,940.0,198.6,90.9,107.2,73.7,484.4,0.239,0.916,520.5,60671,0,0.1138,35448.5,Normal,Normal
2023-12-08 17:00:00,Ladle_Crane_03,Ladle Crane,4544.5,1021.0,Bearing Replacement,1.137,43.9,327.5,201.6,93.1,123.2,73.9,160.6,0.543,0.922,504.1,55393,0,0.06,44686.5,Normal,Normal
2023-12-08 21:00:00,Ladle_Crane_03,Ladle Crane,31662.8,744.0,Bearing Replacement,8.824,59.9,378.2,162.2,22.9,78.3,84.0,205.3,0.11,0.816,269.9,275015,7,0.9633,16594.8,Lubrication Failure,Normal
2023-12-08 23:00:00,Cold_Rolling_Mill_02,Cold Rolling Mill,18452.2,1185.0,Lubrication,5.791,63.8,897.1,181.4,59.1,102.8,77.7,414.2,3.253,0.875,371.5,231586,2,0.4858,17657.5,Normal,Normal
2023-12-09 02:00:00,Continuous_Caster_01,Continuous Caster,28757.9,670.0,Seal Replacement,7.826,110.4,722.0,167.0,28.3,68.3,83.4,378.7,2.031,0.836,208.7,302701,2,0.8458,5612.3,Thermal Degradation,Warning
2023-12-09 02:00:00,Pickling_Line_02,Pickling Line,4123.7,221.0,Seal Replacement,1.437,59.3,289.1,191.5,84.9,118.7,75.1,160.5,0.21,0.929,471.5,67941,1,0.1062,24773.5,Normal,Normal
2023-12-09 02:00:00,Continuous_Caster_03,Continuous Caster,27726.0,1882.0,Alignment Check,7.757,108.0,706.4,172.3,27.1,73.4,81.8,395.8,1.414,0.843,223.7,516080,6,0.838,5708.6,Lubrication Failure,Warning
2023-12-09 02:00:00,Annealing_Furnace_02,Annealing Furnace,32474.7,264.0,Alignment Check,8.866,142.3,489.4,168.7,26.6,70.4,87.4,242.0,4.383,0.838,177.7,410211,7,0.931,101.3,Thermal Degradation,Immediate Action
2023-12-09 04:00:00,Continuous_Caster_03,Continuous Caster,7944.3,1282.0,Seal Replacement,2.779,104.1,621.7,190.9,74.2,104.5,74.1,339.7,2.285,0.914,458.7,117530,1,0.2338,26540.5,Normal,Normal
2023-12-09 07:00:00,Ladle_Crane_02,Ladle Crane,30609.0,293.0,Full Overhaul,9.024,64.9,394.2,161.0,29.7,78.9,87.1,191.4,3.587,0.8,220.4,588396,3,0.9117,19764.1,Thermal Degradation,Normal
2023-12-09 08:00:00,Rolling_Mill_01,Rolling Mill,9294.2,261.0,Electrical Inspection,2.713,99.7,890.1,196.8,84.2,110.0,76.9,500.1,0.945,0.946,458.9,139057,1,0.2301,29382.2,Normal,Normal
2023-12-09 11:00:00,Hydraulic_Press_03,Hydraulic Press,7266.4,1583.0,Alignment Check,3.01,62.9,231.3,193.8,81.9,104.1,79.1,121.3,0.026,0.903,448.6,135681,2,0.2595,12260.9,Normal,Normal
2023-12-09 12:00:00,Pickling_Line_03,Pickling Line,9322.1,1590.0,Seal Replacement,2.635,58.4,288.0,184.6,83.2,108.3,73.6,142.7,3.23,0.931,428.9,153512,1,0.2148,18488.5,Normal,Normal
2023-12-09 13:00:00,Pickling_Line_02,Pickling Line,31857.4,1361.0,Alignment Check,8.133,73.1,335.7,167.0,26.5,73.8,84.7,170.6,4.571,0.837,235.8,300806,3,0.8646,0.0,Thermal Degradation,Immediate Action
2023-12-09 14:00:00,Electric_Arc_Furnace_03,Electric Arc Furnace,32054.2,821.0,Seal Replacement,8.583,136.3,1480.2,158.6,30.4,72.0,86.4,734.7,2.643,0.834,172.0,526806,5,0.9448,0.0,Electrical Fault,Immediate Action
2023-12-09 16:00:00,Annealing_Furnace_03,Annealing Furnace,11582.0,1147.0,Electrical Inspection,3.942,121.8,401.7,183.3,73.7,107.7,78.9,201.2,1.611,0.874,376.5,176908,2,0.3834,19387.9,Normal,Normal
2023-12-09 18:00:00,Ladle_Crane_02,Ladle Crane,24719.7,1230.0,Bearing Replacement,6.626,55.5,372.3,163.6,53.5,82.1,84.7,198.6,1.807,0.891,346.2,304689,1,0.7205,27419.6,Electrical Fault,Normal
2023-12-09 18:00:00,Annealing_Furnace_01,Annealing Furnace,23683.5,1358.0,Full Overhaul,7.181,135.2,445.2,170.7,46.2,91.5,83.0,226.4,7.09,0.874,261.0,460468,4,0.7513,7929.2,Mechanical Wear,Warning
2023-12-10 02:00:00,Cold_Rolling_Mill_01,Cold Rolling Mill,28249.0,467.0,Alignment Check,7.263,70.4,865.0,170.4,40.4,76.6,83.9,466.5,0.495,0.846,252.9,337775,2,0.7654,6728.4,Thermal Degradation,Warning
2023-12-10 02:00:00,Hot_Strip_Mill_03,Hot Strip Mill,10448.2,1031.0,Full Overhaul,2.657,93.8,937.3,191.7,89.6,110.7,75.0,506.2,5.159,0.886,421.1,94143,0,0.2403,28320.7,Normal,Normal
2023-12-10 02:00:00,Hot_Strip_Mill_02,Hot Strip Mill,17903.8,1996.0,Electrical Inspection,5.427,94.5,1044.5,175.8,56.1,97.1,77.4,541.0,6.274,0.884,333.0,196435,3,0.5535,19379.7,Electrical Fault,Normal
2023-12-10 03:00:00,Cold_Rolling_Mill_01,Cold Rolling Mill,23401.8,352.0,Lubrication,6.439,78.3,831.5,171.6,46.4,79.6,80.4,466.0,3.51,0.866,279.7,309748,4,0.6747,11407.5,Lubrication Failure,Normal
2023-12-10 04:00:00,Cold_Rolling_Mill_03,Cold Rolling Mill,1016.4,155.0,Full Overhaul,1.176,68.1,785.8,187.8,94.2,118.1,72.1,393.8,0.98,0.914,488.9,18983,0,0.0693,35942.2,Normal,Normal
2023-12-10 04:00:00,Electric_Arc_Furnace_02,Electric Arc Furnace,13248.2,138.0,Lubrication,3.385,123.4,1279.3,191.7,71.3,97.0,78.0,685.8,0.35,0.898,390.8,110550,2,0.3271,11509.5,Normal,Normal
2023-12-10 08:00:00,Annealing_Furnace_03,Annealing Furnace,24386.5,1334.0,Bearing Replacement,6.665,134.1,447.8,164.1,57.2,95.5,77.9,228.8,0.859,0.872,266.6,428437,4,0.6746,8420.9,Lubrication Failure,Warning
2023-12-10 11:00:00,Hot_Strip_Mill_03,Hot Strip Mill,8915.6,1629.0,Alignment Check,3.829,97.5,1004.0,188.3,68.5,109.4,78.3,485.5,0.958,0.855,385.5,100931,2,0.3419,29067.3,Normal,Normal
2023-12-10 17:00:00,Hydraulic_Press_01,Hydraulic Press,33523.9,475.0,Full Overhaul,8.746,83.9,253.8,161.0,15.9,75.9,87.4,129.2,0.381,0.815,182.4,510552,5,0.9478,0.0,Electrical Fault,Immediate Action
2023-12-10 20:00:00,Cold_Rolling_Mill_01,Cold Rolling Mill,1152.6,68.0,Full Overhaul,1.765,65.5,779.7,198.7,89.3,114.9,72.7,399.8,1.104,0.94,530.3,14456,1,0.1043,35455.6,Normal,Normal
2023-12-10 20:00:00,Electric_Arc_Furnace_03,Electric Arc Furnace,33537.2,1429.0,Bearing Replacement,9.155,135.0,1452.0,160.9,22.1,67.5,90.8,803.5,8.165,0.778,156.9,374471,8,0.997,0.0,Lubrication Failure,Immediate Action
2023-12-11 01:00:00,Electric_Arc_Furnace_03,Electric Arc Furnace,7665.1,1495.0,Seal Replacement,2.812,116.9,1211.1,186.9,80.9,106.5,75.6,618.6,1.198,0.931,451.0,107993,1,0.2047,16727.3,Normal,Normal
2023-12-11 07:00:00,Continuous_Caster_01,Continuous Caster,1803.9,527.0,Seal Replacement,1.659,98.4,613.9,197.9,88.5,121.1,74.3,305.7,1.327,0.933,461.1,22537,0,0.1221,34458.0,Normal,Normal
2023-12-11 07:00:00,Blast_Furnace_Blower_01,Blast Furnace Blower,10307.3,30.0,Alignment Check,3.928,84.0,482.8,187.4,65.5,105.3,76.3,245.5,1.868,0.903,401.7,131098,1,0.3108,20213.7,Normal,Normal
2023-12-11 08:00:00,Electric_Arc_Furnace_01,Electric Arc Furnace,27541.3,1599.0,Bearing Replacement,7.429,125.7,1471.0,167.4,30.7,86.9,80.2,736.9,4.925,0.839,230.8,273552,3,0.7876,0.0,Electrical Fault,Immediate Action
2023-12-11 08:00:00,Rolling_Mill_03,Rolling Mill,26360.2,722.0,Electrical Inspection,7.098,94.6,971.6,171.2,33.5,89.1,81.9,503.4,1.457,0.836,246.3,255854,4,0.7492,14594.6,Thermal Degradation,Normal
2023-12-11 10:00:00,Hot_Strip_Mill_01,Hot Strip Mill,7388.5,1040.0,Lubrication,2.814,92.3,968.4,196.5,85.5,107.8,73.9,510.4,0.084,0.911,423.5,82266,1,0.233,31227.3,Normal,Normal
2023-12-11 13:00:00,Blast_Furnace_Blower_03,Blast Furnace Blower,6968.0,1800.0,Electrical Inspection,1.838,78.7,460.4,192.5,81.6,112.0,75.5,230.2,0.42,0.921,522.4,104945,1,0.1427,23881.0,Normal,Normal
2023-12-11 17:00:00,Blast_Furnace_Blower_02,Blast Furnace Blower,22526.0,411.0,Electrical Inspection,6.739,85.3,525.5,174.3,41.7,84.3,81.3,275.8,4.273,0.851,267.1,243194,7,0.6886,6445.4,Lubrication Failure,Warning
2023-12-11 18:00:00,Cold_Rolling_Mill_02,Cold Rolling Mill,16087.1,261.0,Alignment Check,4.71,65.9,792.0,181.8,60.5,91.7,79.8,421.2,3.97,0.863,372.6,277985,3,0.4817,19843.6,Normal,Normal
2023-12-11 19:00:00,Electric_Arc_Furnace_01,Electric Arc Furnace,27750.9,1164.0,Full Overhaul,7.149,127.8,1420.9,167.3,33.5,81.2,80.2,719.5,4.608,0.877,240.7,493283,5,0.7643,0.0,Lubrication Failure,Immediate Action
2023-12-11 20:00:00,Hot_Strip_Mill_02,Hot Strip Mill,942.2,1332.0,Lubrication,0.837,92.7,919.9,197.1,100.0,119.8,74.7,444.2,0.562,0.931,514.4,9364,0,0.0,38969.8,Normal,Normal
2023-12-11 21:00:00,Hot_Strip_Mill_02,Hot Strip Mill,21403.4,787.0,Electrical Inspection,5.734,103.2,1026.1,171.0,54.3,93.3,82.4,513.3,2.698,0.871,339.5,421925,4,0.599,15985.7,Thermal Degradation,Normal
2023-12-11 22:00:00,Hot_Strip_Mill_02,Hot Strip Mill,25600.5,64.0,Seal Replacement,6.891,102.9,1057.0,172.8,47.8,82.3,83.1,522.3,0.641,0.818,244.5,286648,4,0.7439,12581.0,Bearing Failure,Normal
2023-12-12 01:00:00,Rolling_Mill_01,Rolling Mill,34769.2,178.0,Electrical Inspection,9.616,103.6,1109.2,157.0,20.0,73.9,86.0,548.8,5.639,0.867,162.4,308512,1,1.0,5254.0,Lubrication Failure,Critical
2023-12-12 01:00:00,Blast_Furnace_Blower_02,Blast Furnace Blower,23789.5,535.0,Seal Replacement,7.107,91.5,526.4,166.2,34.4,88.5,84.0,274.4,1.287,0.832,318.7,315463,1,0.6872,5090.8,Lubrication Failure,Warning
2023-12-12 02:00:00,Cold_Rolling_Mill_01,Cold Rolling Mill,8191.4,441.0,Seal Replacement,3.071,61.7,759.6,189.0,75.7,110.3,75.0,413.3,1.85,0.947,444.4,83379,1,0.2677,27498.0,Normal,Normal
2023-12-12 03:00:00,Continuous_Caster_03,Continuous Caster,3875.7,630.0,Lubrication,1.452,90.2,579.2,202.8,94.3,118.1,71.7,304.1,1.655,0.93,496.9,67487,0,0.0532,29466.7,Normal,Normal
2023-12-12 03:00:00,Rolling_Mill_03,Rolling Mill,22468.0,1077.0,Full Overhaul,7.224,99.8,1022.7,180.3,55.4,90.5,81.1,498.9,1.323,0.871,282.0,210744,2,0.6387,17331.2,Thermal Degradation,Normal
2023-12-12 10:00:00,Annealing_Furnace_03,Annealing Furnace,18359.1,112.0,Seal Replacement,5.371,130.3,425.2,164.2,55.7,94.2,83.0,223.5,5.36,0.869,327.0,253416,2,0.5394,12644.4,Normal,Normal
2023-12-12 16:00:00,Continuous_Caster_02,Continuous Caster,31480.2,453.0,Alignment Check,9.059,118.7,752.5,163.7,28.2,66.3,84.6,371.7,3.577,0.818,213.3,283450,6,0.9225,3698.2,Bearing Failure,Critical
2023-12-12 17:00:00,Electric_Arc_Furnace_01,Electric Arc Furnace,25458.6,1600.0,Alignment Check,7.198,121.2,1417.3,171.7,36.7,79.3,84.9,772.4,1.616,0.842,252.5,478228,4,0.7723,0.0,Electrical Fault,Immediate Action
2023-12-12 18:00:00,Electric_Arc_Furnace_03,Electric Arc Furnace,17890.0,337.0,Bearing Replacement,5.12,124.3,1363.8,182.3,62.6,90.5,78.0,689.4,3.065,0.89,338.9,209370,3,0.501,6865.6,Normal,Warning
2023-12-12 21:00:00,Electric_Arc_Furnace_02,Electric Arc Furnace,14185.3,599.0,Full Overhaul,3.985,115.8,1305.4,183.3,64.2,107.1,73.9,696.4,3.226,0.901,362.8,218474,2,0.408,11979.8,Normal,Normal
2023-12-12 21:00:00,Hydraulic_Press_02,Hydraulic Press,14212.7,914.0,Bearing Replacement,4.103,75.5,228.3,193.3,62.1,106.3,78.3,119.0,5.153,0.892,391.1,238108,1,0.369,5829.8,Normal,Warning
2023-12-12 22:00:00,Pickling_Line_02,Pickling Line,7998.0,325.0,Alignment Check,3.139,54.8,301.0,196.4,67.0,108.8,74.0,149.6,3.179,0.915,420.3,67064,3,0.2479,21579.7,Normal,Normal
2023-12-13 01:00:00,Hot_Strip_Mill_01,Hot Strip Mill,704.7,1518.0,Seal Replacement,0.654,83.6,865.6,199.6,100.0,121.9,71.4,453.1,0.484,0.953,500.2,8863,0,0.0,37804.2,Normal,Normal
2023-12-13 02:00:00,Hot_Strip_Mill_03,Hot Strip Mill,20164.4,56.0,Seal Replacement,5.947,103.5,1043.4,173.7,53.3,96.8,82.8,510.8,0.53,0.86,297.9,229857,4,0.6048,18765.4,Bearing Failure,Normal
2023-12-13 03:00:00,Pickling_Line_01,Pickling Line,7513.3,857.0,Lubrication,3.413,59.4,300.6,190.7,80.1,103.7,74.3,153.1,0.254,0.906,408.7,109342,1,0.2737,19756.3,Normal,Normal
2023-12-13 03:00:00,Hydraulic_Press_02,Hydraulic Press,7370.6,1094.0,Bearing Replacement,3.134,70.3,212.5,193.0,81.9,114.5,74.7,109.1,3.229,0.925,462.9,127155,1,0.234,12213.2,Normal,Normal
2023-12-13 03:00:00,Pickling_Line_01,Pickling Line,4475.8,249.0,Electrical Inspection,2.166,54.9,315.8,192.6,74.8,119.4,76.2,143.9,2.269,0.915,435.4,42820,0,0.192,23538.7,Normal,Normal
2023-12-13 08:00:00,Ladle_Crane_02,Ladle Crane,6716.9,1375.0,Electrical Inspection,2.466,49.7,329.9,193.9,83.2,111.9,73.6,175.7,2.999,0.944,449.1,92034,0,0.1692,45102.7,Normal,Normal
2023-12-13 09:00:00,Rolling_Mill_03,Rolling Mill,1209.4,195.0,Full Overhaul,0.596,90.1,822.8,207.7,99.5,116.1,72.2,414.8,0.223,0.977,504.8,11567,0,0.0,38355.0,Normal,Normal
2023-12-13 10:00:00,Pickling_Line_01,Pickling Line,23630.7,1112.0,Full Overhaul,6.56,72.7,339.0,181.1,43.0,85.7,81.7,174.3,0.893,0.844,270.2,413056,4,0.6671,3166.9,Electrical Fault,Critical
2023-12-13 12:00:00,Ladle_Crane_01,Ladle Crane,14108.8,1794.0,Alignment Check,3.783,49.7,337.7,189.0,73.1,106.7,77.3,172.5,2.564,0.905,383.3,245777,2,0.3724,36488.2,Normal,Normal
2023-12-13 15:00:00,Ladle_Crane_01,Ladle Crane,19697.2,330.0,Seal Replacement,5.091,50.7,357.0,183.1,56.2,95.9,79.7,192.0,2.984,0.863,391.0,235747,5,0.5381,30398.8,Normal,Normal
2023-12-13 16:00:00,Hydraulic_Press_03,Hydraulic Press,22329.8,1142.0,Bearing Replacement,5.049,75.5,238.5,183.2,61.1,95.1,80.8,117.9,4.753,0.858,325.2,266542,4,0.5269,0.0,Normal,Immediate Action
2023-12-13 16:00:00,Cold_Rolling_Mill_03,Cold Rolling Mill,34039.7,1649.0,Lubrication,8.999,83.0,920.5,159.7,27.3,66.6,82.9,485.6,0.132,0.791,169.9,517092,5,0.9813,1557.4,Mechanical Wear,Immediate Action
2023-12-13 17:00:00,Hot_Strip_Mill_01,Hot Strip Mill,2482.5,431.0,Lubrication,1.518,84.7,930.3,199.4,96.5,116.8,72.5,464.2,0.084,0.924,495.0,49568,0,0.072,34524.5,Normal,Normal
2023-12-13 21:00:00,Ladle_Crane_03,Ladle Crane,14685.3,38.0,Full Overhaul,4.457,56.7,362.1,182.8,63.9,98.6,77.4,185.0,0.424,0.85,362.0,290273,1,0.4617,36700.5,Normal,Normal
2023-12-13 22:00:00,Rolling_Mill_02,Rolling Mill,8681.8,43.0,Electrical Inspection,3.346,98.6,888.6,195.1,71.4,104.0,77.5,460.7,2.371,0.954,415.5,102342,0,0.2757,31346.2,Normal,Normal
2023-12-14 00:00:00,Blast_Furnace_Blower_03,Blast Furnace Blower,16737.2,490.0,Seal Replacement,6.228,86.9,522.6,182.7,62.7,94.5,81.4,245.7,3.996,0.879,337.4,300517,2,0.4694,13479.2,Normal,Normal
2023-12-14 00:00:00,Pickling_Line_03,Pickling Line,32224.5,1432.0,Seal Replacement,9.18,68.1,345.0,165.6,14.7,75.5,86.5,171.3,1.555,0.811,198.3,379790,6,0.9663,0.0,Bearing Failure,Immediate Action
2023-12-14 02:00:00,Rolling_Mill_03,Rolling Mill,25367.1,678.0,Alignment Check,7.23,95.9,1018.5,168.6,32.4,84.6,83.2,521.9,1.265,0.824,246.9,358625,2,0.7691,16236.4,Bearing Failure,Normal
2023-12-14 05:00:00,Pickling_Line_03,Pickling Line,23202.0,959.0,Electrical Inspection,6.18,65.0,321.4,177.9,50.4,88.4,82.6,177.6,0.864,0.848,289.1,194446,2,0.6386,4983.4,Bearing Failure,Warning
2023-12-14 06:00:00,Hydraulic_Press_03,Hydraulic Press,15499.5,116.0,Bearing Replacement,4.349,73.5,231.0,183.3,57.5,96.4,79.0,117.3,2.234,0.857,378.4,298907,0,0.4526,3215.8,Normal,Warning
2023-12-14 10:00:00,Annealing_Furnace_01,Annealing Furnace,23521.8,1763.0,Electrical Inspection,6.925,136.3,450.2,166.3,51.5,82.1,82.9,243.5,0.924,0.854,256.6,395565,5,0.7476,8919.8,Electrical Fault,Warning
2023-12-14 11:00:00,Hydraulic_Press_03,Hydraulic Press,1229.9,820.0,Full Overhaul,1.625,68.9,224.3,201.6,100.0,122.7,73.3,111.1,0.615,0.932,486.8,22610,0,0.0515,18611.5,Normal,Normal
2023-12-14 12:00:00,Electric_Arc_Furnace_03,Electric Arc Furnace,20559.7,1576.0,Alignment Check,5.15,119.7,1379.0,183.3,56.5,95.7,79.5,716.1,4.561,0.906,319.8,302128,1,0.5463,4317.3,Normal,Warning
2023-12-14 14:00:00,Rolling_Mill_03,Rolling Mill,19426.8,33.0,Electrical Inspection,5.446,96.0,929.1,171.8,46.1,96.1,80.9,468.9,0.81,0.866,348.7,170673,4,0.4989,21765.6,Normal,Normal
2023-12-14 15:00:00,Cold_Rolling_Mill_01,Cold Rolling Mill,12197.8,1400.0,Seal Replacement,2.873,61.2,803.3,180.3,68.5,114.5,79.6,414.3,3.797,0.917,488.6,161863,0,0.2749,23897.9,Normal,Normal
2023-12-14 17:00:00,Hot_Strip_Mill_03,Hot Strip Mill,7132.8,1003.0,Lubrication,1.405,89.2,907.6,197.1,100.0,111.6,73.2,473.1,0.336,0.914,483.5,88506,0,0.1014,32819.2,Normal,Normal
2023-12-14 17:00:00,Blast_Furnace_Blower_02,Blast Furnace Blower,28283.7,520.0,Bearing Replacement,7.221,94.2,551.3,170.6,34.5,75.2,84.6,278.1,7.157,0.833,230.0,401170,0,0.7839,1811.3,Bearing Failure,Critical
2023-12-14 18:00:00,Annealing_Furnace_02,Annealing Furnace,1979.8,1432.0,Full Overhaul,1.389,122.8,383.3,193.5,100.0,105.8,68.8,195.1,1.746,0.908,483.6,20832,0,0.0478,29572.3,Normal,Normal
2023-12-14 19:00:00,Blast_Furnace_Blower_02,Blast Furnace Blower,15474.2,1202.0,Electrical Inspection,4.014,79.0,501.4,183.2,62.4,107.4,78.6,258.4,0.716,0.915,368.4,129256,2,0.4079,13879.7,Normal,Normal
2023-12-14 19:00:00,Hot_Strip_Mill_02,Hot Strip Mill,2531.6,981.0,Lubrication,0.895,92.8,866.9,200.5,95.5,121.6,68.9,442.3,0.523,0.924,499.0,33973,0,0.0235,33401.3,Normal,Normal
2023-12-14 22:00:00,Blast_Furnace_Blower_01,Blast Furnace Blower,8914.2,1470.0,Lubrication,2.608,79.0,462.1,181.5,78.1,117.1,74.4,248.6,1.99,0.949,447.1,87262,1,0.207,20795.8,Normal,Normal
2023-12-15 01:00:00,Hydraulic_Press_03,Hydraulic Press,26116.3,179.0,Bearing Replacement,7.019,78.7,247.6,174.2,39.0,83.7,80.6,117.5,0.756,0.853,270.8,482039,2,0.6672,0.0,Bearing Failure,Immediate Action
2023-12-15 01:00:00,Blast_Furnace_Blower_01,Blast Furnace Blower,22233.2,1379.0,Bearing Replacement,6.082,88.8,533.4,170.1,52.7,84.7,82.3,268.0,0.35,0.857,282.4,278699,3,0.6267,7352.3,Electrical Fault,Warning
2023-12-15 10:00:00,Rolling_Mill_03,Rolling Mill,27061.5,855.0,Alignment Check,7.387,105.2,1014.1,170.6,37.4,68.2,83.5,502.5,4.561,0.847,222.7,355815,5,0.8066,14909.0,Bearing Failure,Normal
2023-12-15 10:00:00,Rolling_Mill_01,Rolling Mill,11431.3,1861.0,Bearing Replacement,3.076,91.2,909.9,185.4,73.2,101.6,77.4,451.2,5.201,0.911,409.9,140454,2,0.3011,27190.7,Normal,Normal
2023-12-15 11:00:00,Continuous_Caster_01,Continuous Caster,25944.1,1757.0,Alignment Check,7.76,117.3,722.8,169.8,25.8,74.6,84.2,375.9,1.9,0.816,223.5,400786,4,0.7981,8244.8,Lubrication Failure,Warning
2023-12-15 15:00:00,Annealing_Furnace_01,Annealing Furnace,30194.4,1505.0,Alignment Check,8.193,129.5,455.1,171.1,29.1,82.8,86.6,242.0,5.187,0.835,198.7,243342,3,0.8704,2887.5,Lubrication Failure,Critical
2023-12-15 16:00:00,Continuous_Caster_02,Continuous Caster,12150.1,1466.0,Seal Replacement,4.598,101.6,660.4,182.2,71.5,101.3,77.6,329.1,3.983,0.904,408.2,235477,4,0.3918,22225.0,Normal,Normal
2023-12-15 19:00:00,Rolling_Mill_01,Rolling Mill,11962.4,1770.0,Bearing Replacement,3.656,96.0,928.3,185.6,83.6,103.2,77.1,502.1,0.397,0.927,381.7,175254,0,0.3434,29356.7,Normal,Normal
2023-12-16 00:00:00,Electric_Arc_Furnace_03,Electric Arc Furnace,31508.3,1592.0,Full Overhaul,8.457,125.7,1448.2,168.9,30.4,69.8,85.4,773.9,3.939,0.833,197.2,396109,7,0.9338,0.0,Mechanical Wear,Immediate Action
2023-12-16 02:00:00,Continuous_Caster_02,Continuous Caster,1837.7,1925.0,Electrical Inspection,0.655,98.3,621.6,202.8,100.0,113.2,71.1,292.8,0.424,0.914,500.5,33739,0,0.0,32399.9,Normal,Normal
2023-12-16 02:00:00,Electric_Arc_Furnace_01,Electric Arc Furnace,12321.6,1726.0,Full Overhaul,4.172,118.3,1256.3,183.8,64.2,93.8,78.8,679.4,0.987,0.873,379.7,172001,1,0.3942,13159.8,Normal,Normal
2023-12-16 02:00:00,Blast_Furnace_Blower_02,Blast Furnace Blower,4241.7,659.0,Electrical Inspection,1.679,85.0,474.6,202.5,96.5,108.8,72.0,218.2,1.223,0.987,492.3,38662,0,0.1215,25027.3,Normal,Normal
2023-12-16 07:00:00,Blast_Furnace_Blower_02,Blast Furnace Blower,1111.4,1396.0,Seal Replacement,3.577,76.1,478.4,195.5,93.6,119.6,75.4,234.5,1.721,0.93,485.0,21066,0,0.0867,28641.6,Normal,Normal
2023-12-16 08:00:00,Continuous_Caster_02,Continuous Caster,4039.1,1732.0,Seal Replacement,1.53,96.5,629.6,194.7,92.6,107.9,71.6,305.7,1.45,0.934,469.9,51051,0,0.1028,31375.4,Normal,Normal
2023-12-16 09:00:00,Hydraulic_Press_01,Hydraulic Press,15150.5,1620.0,Full Overhaul,5.157,82.6,230.6,174.7,64.3,96.7,79.1,127.0,3.224,0.871,318.4,225184,2,0.52,4698.0,Normal,Warning
2023-12-16 10:00:00,Rolling_Mill_01,Rolling Mill,10196.0,1007.0,Seal Replacement,2.641,94.1,955.9,185.0,84.8,105.6,76.8,471.1,3.654,0.954,448.3,117675,4,0.246,28355.4,Normal,Normal
2023-12-16 10:00:00,Blast_Furnace_Blower_03,Blast Furnace Blower,24074.8,1245.0,Bearing Replacement,6.65,87.8,542.1,174.2,41.6,99.3,81.9,263.5,0.733,0.837,250.1,465431,6,0.7145,5418.9,Lubrication Failure,Warning
2023-12-16 12:00:00,Continuous_Caster_01,Continuous Caster,29753.7,167.0,Electrical Inspection,8.516,114.4,732.7,170.5,21.5,76.4,88.0,381.4,4.882,0.818,202.5,301582,5,0.9065,6768.1,Mechanical Wear,Warning
2023-12-16 15:00:00,Rolling_Mill_03,Rolling Mill,15372.8,641.0,Alignment Check,4.05,97.1,932.1,181.7,65.5,100.9,78.4,488.3,4.634,0.873,376.9,282620,2,0.3863,26590.5,Normal,Normal
2023-12-16 21:00:00,Rolling_Mill_02,Rolling Mill,33891.2,1210.0,Electrical Inspection,8.259,101.9,1063.6,165.8,29.3,67.9,88.8,559.0,0.09,0.808,194.7,483433,9,0.9126,6504.0,Bearing Failure,Warning
2023-12-16 23:00:00,Blast_Furnace_Blower_02,Blast Furnace Blower,33400.0,1156.0,Alignment Check,9.101,94.6,550.7,160.2,19.7,64.7,85.6,296.5,1.079,0.82,165.1,545817,1,1.0,0.0,Thermal Degradation,Immediate Action
2023-12-16 23:00:00,Pickling_Line_02,Pickling Line,27087.3,1499.0,Full Overhaul,7.53,69.3,322.5,170.9,35.4,78.1,83.3,178.8,5.721,0.816,232.1,252663,6,0.7907,763.8,Bearing Failure,Immediate Action
2023-12-17 00:00:00,Blast_Furnace_Blower_03,Blast Furnace Blower,32641.0,1752.0,Full Overhaul,8.96,85.8,561.0,164.6,19.2,73.0,83.3,291.2,0.124,0.824,207.8,533837,5,0.9362,0.0,Lubrication Failure,Immediate Action
2023-12-17 01:00:00,Rolling_Mill_02,Rolling Mill,24777.7,1124.0,Bearing Replacement,6.416,97.6,996.0,173.2,50.2,95.7,80.0,501.0,3.185,0.836,362.2,368913,0,0.6827,16460.5,Lubrication Failure,Normal
2023-12-17 05:00:00,Electric_Arc_Furnace_02,Electric Arc Furnace,31355.9,1286.0,Bearing Replacement,8.781,141.6,1443.9,160.7,16.7,69.9,87.9,810.8,12.235,0.807,186.2,374185,2,0.9375,0.0,Bearing Failure,Immediate Action
2023-12-17 11:00:00,Hydraulic_Press_03,Hydraulic Press,26377.3,654.0,Lubrication,6.786,83.7,249.0,170.6,44.6,91.1,80.7,125.6,4.072,0.858,277.7,340404,4,0.6973,0.0,Lubrication Failure,Immediate Action
2023-12-17 11:00:00,Electric_Arc_Furnace_02,Electric Arc Furnace,8352.9,852.0,Full Overhaul,2.506,111.6,1281.4,192.3,86.4,104.6,75.0,591.6,1.107,0.944,434.8,151984,1,0.2251,17453.0,Normal,Normal
2023-12-17 11:00:00,Continuous_Caster_01,Continuous Caster,12155.2,117.0,Lubrication,3.889,102.7,647.3,192.0,71.7,97.5,76.4,317.9,2.685,0.913,427.2,164419,1,0.3574,23490.7,Normal,Normal
2023-12-17 12:00:00,Continuous_Caster_03,Continuous Caster,14917.2,1079.0,Electrical Inspection,4.14,105.6,666.9,177.5,65.9,96.0,79.7,329.3,2.528,0.868,372.2,152167,3,0.4233,18400.9,Normal,Normal
2023-12-17 14:00:00,Ladle_Crane_02,Ladle Crane,29322.7,986.0,Bearing Replacement,8.024,61.6,389.0,169.4,28.0,86.0,83.9,200.5,1.982,0.845,205.0,324182,3,0.8466,20048.5,Mechanical Wear,Normal
2023-12-17 14:00:00,Rolling_Mill_03,Rolling Mill,30729.6,1126.0,Lubrication,8.312,99.5,1041.9,165.1,27.4,76.4,83.3,541.2,8.941,0.796,196.8,346599,6,0.9047,9062.9,Thermal Degradation,Warning
2023-12-17 15:00:00,Blast_Furnace_Blower_02,Blast Furnace Blower,10560.6,1251.0,Bearing Replacement,3.265,87.1,462.2,194.0,76.3,112.0,76.8,240.5,0.941,0.899,406.9,135909,2,0.3186,19017.4,Normal,Normal
2023-12-17 17:00:00,Electric_Arc_Furnace_02,Electric Arc Furnace,5483.8,25.0,Seal Replacement,2.133,119.1,1316.0,199.4,85.8,110.6,74.2,603.3,2.434,0.953,466.6,109037,4,0.1709,19208.8,Normal,Normal
2023-12-17 17:00:00,Hydraulic_Press_01,Hydraulic Press,11763.5,456.0,Full Overhaul,4.22,78.0,238.9,193.3,68.6,101.9,76.7,119.3,1.513,0.9,458.2,171041,1,0.3851,8517.6,Normal,Normal
2023-12-17 17:00:00,Rolling_Mill_03,Rolling Mill,28838.4,138.0,Electrical Inspection,7.57,105.6,983.2,170.4,37.5,80.0,85.1,535.5,3.664,0.834,251.6,404028,4,0.8073,13462.4,Bearing Failure,Normal
2023-12-17 18:00:00,Electric_Arc_Furnace_01,Electric Arc Furnace,18177.0,1076.0,Bearing Replacement,4.31,113.2,1323.6,180.8,63.8,104.6,78.8,667.3,0.624,0.89,345.8,247310,1,0.4451,6937.7,Normal,Warning
2023-12-17 19:00:00,Electric_Arc_Furnace_01,Electric Arc Furnace,8002.9,680.0,Electrical Inspection,2.841,113.0,1281.6,190.7,81.1,110.4,72.6,635.3,0.261,0.904,438.7,125459,0,0.2204,16779.4,Normal,Normal
2023-12-17 20:00:00,Rolling_Mill_02,Rolling Mill,20316.4,1163.0,Lubrication,5.556,98.1,933.0,181.9,43.9,93.1,82.2,480.9,0.693,0.886,295.5,346737,4,0.5909,18833.2,Bearing Failure,Normal
2023-12-18 00:00:00,Electric_Arc_Furnace_01,Electric Arc Furnace,20296.5,1276.0,Electrical Inspection,5.107,116.9,1306.6,179.0,54.7,93.8,80.8,750.4,3.105,0.873,345.8,400910,6,0.5338,6245.4,Normal,Warning
2023-12-18 03:00:00,Hydraulic_Press_02,Hydraulic Press,7320.9,350.0,Bearing Replacement,2.891,67.6,204.9,187.8,74.4,106.3,77.9,110.3,0.815,0.878,427.6,146250,2,0.2557,12546.0,Normal,Normal
2023-12-18 04:00:00,Cold_Rolling_Mill_01,Cold Rolling Mill,27867.9,1174.0,Electrical Inspection,7.709,79.1,880.6,165.6,33.1,81.3,82.7,493.4,12.244,0.877,217.2,510838,8,0.8262,9077.7,Electrical Fault,Warning
2023-12-18 05:00:00,Annealing_Furnace_03,Annealing Furnace,22144.4,1992.0,Full Overhaul,7.651,136.0,437.4,169.6,40.8,87.1,79.1,220.9,4.032,0.832,272.7,188460,7,0.6826,9846.3,Bearing Failure,Normal
2023-12-18 06:00:00,Continuous_Caster_03,Continuous Caster,11189.8,1925.0,Alignment Check,4.402,110.6,676.9,172.8,67.5,99.8,75.4,333.0,1.366,0.858,403.8,95148,2,0.4277,23328.5,Normal,Normal
2023-12-18 07:00:00,Hot_Strip_Mill_01,Hot Strip Mill,8203.2,707.0,Electrical Inspection,2.752,92.1,950.2,193.2,85.9,101.4,73.8,489.7,1.734,0.905,442.4,97432,0,0.2509,29920.2,Normal,Normal
2023-12-18 08:00:00,Rolling_Mill_02,Rolling Mill,30768.4,407.0,Alignment Check,8.543,98.6,1040.6,161.8,29.2,74.2,82.6,538.9,3.378,0.846,212.4,566582,4,0.8649,9601.4,Lubrication Failure,Warning
2023-12-18 09:00:00,Blast_Furnace_Blower_02,Blast Furnace Blower,29267.4,1812.0,Alignment Check,8.119,101.1,544.4,157.4,30.7,76.1,86.3,279.9,7.508,0.865,223.2,501530,5,0.8831,310.0,Bearing Failure,Immediate Action
2023-12-18 10:00:00,Hot_Strip_Mill_02,Hot Strip Mill,8118.6,1503.0,Electrical Inspection,2.318,93.1,941.9,196.3,81.4,103.3,74.1,476.1,1.874,0.924,429.7,126261,1,0.2026,29009.7,Normal,Normal
2023-12-18 11:00:00,Pickling_Line_02,Pickling Line,1342.6,474.0,Full Overhaul,1.228,48.6,281.2,190.4,94.6,120.6,72.4,149.2,0.543,0.955,523.9,13847,1,0.0616,27057.4,Normal,Normal
2023-12-18 12:00:00,Rolling_Mill_02,Rolling Mill,28178.2,663.0,Alignment Check,8.517,103.7,1038.7,171.4,38.2,71.3,83.6,510.0,3.468,0.813,228.0,553915,1,0.8569,11961.5,Mechanical Wear,Warning
2023-12-18 18:00:00,Ladle_Crane_01,Ladle Crane,21581.2,862.0,Electrical Inspection,6.465,53.9,346.4,177.0,39.6,83.3,81.5,197.6,4.238,0.881,301.5,405367,6,0.6582,27440.7,Lubrication Failure,Normal
2023-12-18 20:00:00,Hydraulic_Press_01,Hydraulic Press,3620.8,782.0,Bearing Replacement,2.317,66.9,219.1,195.3,82.7,113.1,75.9,111.9,1.533,0.913,454.5,68649,2,0.1738,15816.2,Normal,Normal
2023-12-18 20:00:00,Hot_Strip_Mill_01,Hot Strip Mill,20598.8,1230.0,Alignment Check,5.775,95.8,1025.1,171.1,54.5,84.4,83.7,535.7,0.798,0.882,322.5,290298,2,0.5749,17799.4,Lubrication Failure,Normal
2023-12-18 21:00:00,Hydraulic_Press_01,Hydraulic Press,27131.8,1799.0,Lubrication,7.556,82.2,252.4,165.2,35.7,75.0,83.8,132.8,7.088,0.856,260.6,424493,4,0.7798,0.0,Thermal Degradation,Immediate Action
2023-12-18 21:00:00,Rolling_Mill_02,Rolling Mill,7397.1,352.0,Lubrication,2.468,84.3,938.1,178.3,76.2,110.9,74.8,424.6,0.691,0.924,446.0,117432,2,0.224,32765.0,Normal,Normal
2023-12-18 21:00:00,Continuous_Caster_03,Continuous Caster,15881.2,1447.0,Lubrication,4.982,109.2,703.4,171.3,60.0,99.0,81.1,323.8,2.861,0.924,349.3,197158,0,0.4892,17104.8,Normal,Normal
2023-12-18 22:00:00,Rolling_Mill_02,Rolling Mill,15915.2,731.0,Full Overhaul,4.531,95.1,929.3,169.6,64.8,94.2,81.4,476.5,2.836,0.869,350.4,304430,2,0.4674,26170.0,Normal,Normal
2023-12-18 22:00:00,Annealing_Furnace_02,Annealing Furnace,5552.9,1500.0,Full Overhaul,2.213,126.4,389.0,196.9,84.6,111.4,72.9,196.0,1.886,0.917,436.8,82505,0,0.1856,26457.1,Normal,Normal
2023-12-18 23:00:00,Electric_Arc_Furnace_01,Electric Arc Furnace,33517.7,1392.0,Alignment Check,9.197,128.3,1547.2,171.8,26.7,71.0,86.3,769.9,6.854,0.773,267.9,621594,6,0.956,0.0,Lubrication Failure,Immediate Action
2023-12-19 00:00:00,Pickling_Line_03,Pickling Line,27278.0,1797.0,Alignment Check,6.897,75.8,327.6,172.3,48.5,80.8,80.3,168.6,3.648,0.852,260.8,321484,1,0.7083,961.1,Thermal Degradation,Immediate Action
2023-12-19 01:00:00,Electric_Arc_Furnace_03,Electric Arc Furnace,25811.6,1419.0,Alignment Check,7.085,129.1,1394.5,170.4,40.2,71.1,85.5,727.4,2.032,0.845,267.8,219654,3,0.7452,0.0,Thermal Degradation,Immediate Action
2023-12-19 02:00:00,Hydraulic_Press_01,Hydraulic Press,24188.2,231.0,Alignment Check,6.534,77.3,247.4,168.6,49.9,78.3,85.4,127.0,0.37,0.82,270.7,320163,7,0.7092,0.0,Electrical Fault,Immediate Action
2023-12-19 08:00:00,Rolling_Mill_02,Rolling Mill,14874.4,1440.0,Full Overhaul,4.175,92.6,944.7,187.6,71.4,90.4,75.8,494.4,0.912,0.894,428.1,154674,2,0.4229,25160.7,Normal,Normal
2023-12-19 08:00:00,Blast_Furnace_Blower_01,Blast Furnace Blower,32322.6,60.0,Bearing Replacement,9.023,89.0,573.0,154.5,22.2,69.6,83.4,313.2,0.609,0.805,235.5,560363,4,0.9453,0.0,Bearing Failure,Immediate Action
2023-12-19 10:00:00,Rolling_Mill_03,Rolling Mill,2644.8,1124.0,Alignment Check,1.173,79.6,844.3,198.2,100.0,119.7,72.0,402.7,0.609,0.915,487.1,46700,1,0.0694,36547.6,Normal,Normal
2023-12-19 11:00:00,Blast_Furnace_Blower_02,Blast Furnace Blower,28133.7,1340.0,Seal Replacement,7.61,87.3,548.9,177.6,40.1,88.6,85.0,270.5,1.774,0.82,261.6,489430,2,0.7903,1861.1,Thermal Degradation,Critical
2023-12-19 13:00:00,Pickling_Line_02,Pickling Line,7611.6,1650.0,Alignment Check,3.001,57.9,314.8,189.3,83.4,111.3,74.7,152.1,1.664,0.885,402.1,103166,1,0.287,18883.9,Normal,Normal
2023-12-19 14:00:00,Electric_Arc_Furnace_02,Electric Arc Furnace,11408.6,1201.0,Bearing Replacement,4.51,124.1,1371.9,181.0,55.8,102.1,77.1,667.4,0.136,0.88,351.2,213504,0,0.4388,13978.9,Normal,Normal
2023-12-19 14:00:00,Pickling_Line_03,Pickling Line,18228.1,1270.0,Alignment Check,5.597,60.8,334.7,185.1,58.2,99.9,81.7,162.6,6.202,0.868,319.4,243287,2,0.5648,9578.3,Thermal Degradation,Normal
2023-12-19 15:00:00,Hydraulic_Press_03,Hydraulic Press,27414.7,304.0,Lubrication,7.332,80.5,249.7,179.4,41.2,88.1,83.8,128.0,4.112,0.82,240.7,416678,5,0.7545,0.0,Electrical Fault,Immediate Action
2023-12-19 16:00:00,Pickling_Line_02,Pickling Line,29364.9,125.0,Lubrication,7.9,72.9,344.6,173.5,27.9,86.7,84.6,177.2,4.804,0.791,204.9,310137,3,0.8502,0.0,Mechanical Wear,Immediate Action
2023-12-19 17:00:00,Pickling_Line_01,Pickling Line,14165.9,460.0,Alignment Check,4.426,67.8,331.4,186.7,64.2,100.8,79.1,166.7,2.583,0.865,354.7,216078,2,0.4383,12915.4,Normal,Normal
2023-12-19 17:00:00,Annealing_Furnace_03,Annealing Furnace,20472.3,204.0,Seal Replacement,5.836,129.0,427.5,175.9,45.1,91.4,81.0,235.3,2.426,0.876,297.2,169641,1,0.5924,10695.4,Thermal Degradation,Normal
2023-12-19 19:00:00,Hydraulic_Press_02,Hydraulic Press,33132.9,894.0,Alignment Check,9.51,82.9,265.8,169.4,23.8,65.6,88.0,131.3,0.708,0.82,246.3,524730,8,0.9561,0.0,Lubrication Failure,Immediate Action
2023-12-19 20:00:00,Blast_Furnace_Blower_01,Blast Furnace Blower,8703.6,786.0,Full Overhaul,3.096,78.2,484.5,186.4,74.7,99.3,77.9,235.1,1.731,0.907,404.0,166661,1,0.2794,22913.2,Normal,Normal
2023-12-19 21:00:00,Blast_Furnace_Blower_01,Blast Furnace Blower,21460.5,1777.0,Alignment Check,5.259,82.1,479.8,181.3,55.6,88.4,79.6,248.0,0.805,0.868,318.5,371532,1,0.521,7448.0,Normal,Warning
2023-12-19 21:00:00,Cold_Rolling_Mill_03,Cold Rolling Mill,28128.0,603.0,Lubrication,8.162,84.4,916.2,159.9,24.8,79.2,84.3,457.2,4.358,0.828,189.2,510178,4,0.8931,9481.4,Electrical Fault,Warning
2023-12-20 03:00:00,Rolling_Mill_01,Rolling Mill,13253.6,176.0,Bearing Replacement,3.742,95.2,869.7,180.8,68.4,102.6,76.1,440.3,0.314,0.924,381.8,217407,2,0.3534,26990.3,Normal,Normal
2023-12-20 03:00:00,Hot_Strip_Mill_02,Hot Strip Mill,147.7,288.0,Electrical Inspection,1.432,88.8,882.2,191.9,100.0,126.2,73.6,482.8,0.519,0.99,484.1,1947,0,0.0522,39137.1,Normal,Normal
2023-12-20 04:00:00,Blast_Furnace_Blower_03,Blast Furnace Blower,15686.3,870.0,Seal Replacement,4.349,79.1,492.9,179.4,60.3,97.6,76.7,262.8,3.565,0.893,344.8,217486,6,0.446,13106.6,Normal,Normal
2023-12-20 07:00:00,Hydraulic_Press_03,Hydraulic Press,9757.5,259.0,Electrical Inspection,3.212,69.8,230.3,183.4,67.1,107.2,74.3,112.5,1.384,0.865,403.8,169314,3,0.3084,10864.9,Normal,Normal
2023-12-20 08:00:00,Cold_Rolling_Mill_03,Cold Rolling Mill,3741.7,311.0,Seal Replacement,2.092,71.4,786.5,191.2,96.1,113.7,72.5,383.9,0.606,0.955,498.6,37064,1,0.0974,31499.3,Normal,Normal
2023-12-20 16:00:00,Electric_Arc_Furnace_01,Electric Arc Furnace,2723.0,1934.0,Seal Replacement,2.622,107.3,1246.7,194.5,92.1,117.2,70.1,607.6,0.817,0.914,447.6,45228,0,0.1558,22115.4,Normal,Normal
2023-12-20 16:00:00,Cold_Rolling_Mill_03,Cold Rolling Mill,12229.8,988.0,Bearing Replacement,4.139,65.3,833.7,185.1,66.8,103.0,70.8,402.9,1.696,0.835,359.6,189553,1,0.4075,24069.0,Normal,Normal
2023-12-20 18:00:00,Cold_Rolling_Mill_01,Cold Rolling Mill,6506.4,1470.0,Lubrication,2.297,61.6,771.3,192.9,84.1,107.5,73.0,384.3,0.192,0.94,443.4,113126,1,0.2014,29144.9,Normal,Normal
2023-12-20 18:00:00,Cold_Rolling_Mill_03,Cold Rolling Mill,29329.4,104.0,Full Overhaul,8.444,74.7,947.5,165.1,16.6,77.9,86.7,484.3,0.35,0.837,185.3,391430,1,0.9217,8325.0,Thermal Degradation,Warning
2023-12-20 18:00:00,Cold_Rolling_Mill_01,Cold Rolling Mill,21555.0,210.0,Lubrication,5.876,77.5,864.2,167.9,43.9,92.0,82.2,457.8,4.495,0.85,312.6,230478,2,0.6308,15598.7,Thermal Degradation,Normal
2023-12-20 21:00:00,Annealing_Furnace_01,Annealing Furnace,14920.1,769.0,Electrical Inspection,4.312,129.1,417.2,177.8,68.2,111.5,78.1,227.1,2.465,0.878,380.0,140066,1,0.4296,16619.5,Normal,Normal
2023-12-21 01:00:00,Annealing_Furnace_01,Annealing Furnace,13779.3,569.0,Lubrication,4.586,128.4,426.6,181.5,58.6,95.5,81.9,227.2,0.154,0.917,347.0,213430,4,0.4672,17696.4,Normal,Normal
2023-12-21 01:00:00,Pickling_Line_01,Pickling Line,18017.5,1376.0,Electrical Inspection,4.811,65.9,304.7,183.6,68.4,96.5,78.3,152.5,0.298,0.867,344.7,235140,2,0.4448,10637.4,Normal,Normal
2023-12-21 02:00:00,Hot_Strip_Mill_02,Hot Strip Mill,28354.6,1397.0,Alignment Check,7.458,105.3,1043.9,169.1,27.4,75.0,86.7,535.6,0.977,0.867,224.3,312091,4,0.8185,10780.3,Thermal Degradation,Warning
2023-12-21 05:00:00,Pickling_Line_02,Pickling Line,19422.2,721.0,Alignment Check,5.677,66.5,323.1,181.6,54.6,91.4,79.1,166.2,0.548,0.854,343.1,363137,2,0.5726,9329.1,Mechanical Wear,Normal
2023-12-21 05:00:00,Pickling_Line_02,Pickling Line,29648.3,1901.0,Full Overhaul,7.933,71.2,357.4,170.7,23.0,79.3,84.8,187.7,3.007,0.817,210.0,407084,8,0.836,0.0,Lubrication Failure,Immediate Action
2023-12-21 06:00:00,Hydraulic_Press_03,Hydraulic Press,18197.5,800.0,Full Overhaul,4.927,71.4,236.0,180.9,56.6,94.9,80.1,116.4,0.706,0.84,353.6,361296,2,0.4827,2023.6,Normal,Critical
2023-12-21 08:00:00,Ladle_Crane_01,Ladle Crane,21174.3,759.0,Alignment Check,5.832,49.6,375.3,171.5,43.1,96.5,79.9,193.7,0.181,0.853,303.3,330772,3,0.6014,28480.2,Electrical Fault,Normal
2023-12-21 09:00:00,Ladle_Crane_01,Ladle Crane,15364.7,1556.0,Seal Replacement,3.873,60.0,345.8,183.1,73.7,103.3,76.7,174.4,0.418,0.904,388.0,183870,1,0.3635,34429.7,Normal,Normal
2023-12-21 15:00:00,Continuous_Caster_01,Continuous Caster,28826.0,1632.0,Lubrication,8.66,109.7,742.4,165.0,29.6,79.5,85.1,389.3,3.362,0.811,220.0,334163,3,0.9013,7070.6,Thermal Degradation,Warning
2023-12-21 18:00:00,Blast_Furnace_Blower_02,Blast Furnace Blower,32341.6,574.0,Bearing Replacement,9.46,91.9,543.4,166.5,32.2,60.4,85.3,273.7,4.454,0.768,180.8,527966,6,1.0,0.0,Electrical Fault,Immediate Action
2023-12-21 19:00:00,Pickling_Line_01,Pickling Line,22406.2,1378.0,Alignment Check,5.983,68.7,316.0,162.8,49.5,86.6,82.0,162.4,1.993,0.858,358.6,272937,5,0.6438,5196.4,Bearing Failure,Warning
2023-12-21 20:00:00,Cold_Rolling_Mill_02,Cold Rolling Mill,28745.3,1278.0,Bearing Replacement,7.358,72.0,914.8,168.3,33.4,82.5,86.4,469.8,1.578,0.83,221.7,429147,4,0.8057,8442.0,Lubrication Failure,Warning
2023-12-21 22:00:00,Cold_Rolling_Mill_02,Cold Rolling Mill,2159.2,67.0,Full Overhaul,1.048,63.7,744.7,199.3,94.8,115.0,74.2,379.6,1.208,0.952,505.9,31941,0,0.0,33184.3,Normal,Normal
2023-12-21 23:00:00,Hot_Strip_Mill_03,Hot Strip Mill,31723.3,391.0,Full Overhaul,8.183,108.5,1051.6,166.4,35.0,71.7,88.9,531.8,3.729,0.834,221.7,259692,4,0.8737,6442.8,Bearing Failure,Warning
2023-12-22 00:00:00,Electric_Arc_Furnace_02,Electric Arc Furnace,6693.5,201.0,Electrical Inspection,3.703,114.2,1264.5,182.5,92.0,106.7,75.0,628.1,2.268,0.91,443.7,109206,0,0.2654,17376.5,Normal,Normal
2023-12-22 01:00:00,Hot_Strip_Mill_03,Hot Strip Mill,9052.6,1771.0,Lubrication,2.871,93.2,983.2,194.2,84.3,106.9,74.7,473.2,2.54,0.915,443.9,134026,3,0.2591,27869.2,Normal,Normal
2023-12-22 04:00:00,Hydraulic_Press_01,Hydraulic Press,1961.2,1911.0,Alignment Check,0.816,60.8,207.7,198.7,98.6,115.8,73.6,108.7,1.233,0.975,501.6,34760,0,0.0303,18050.2,Normal,Normal
2023-12-22 06:00:00,Electric_Arc_Furnace_02,Electric Arc Furnace,33792.5,1650.0,Electrical Inspection,8.919,130.6,1408.7,160.0,22.9,70.5,89.2,770.2,4.157,0.792,163.5,651144,3,0.9678,0.0,Mechanical Wear,Immediate Action
2023-12-22 09:00:00,Cold_Rolling_Mill_02,Cold Rolling Mill,29835.2,622.0,Seal Replacement,7.689,77.1,944.3,169.0,25.8,83.4,86.5,473.9,1.217,0.844,220.2,413558,3,0.8255,5917.3,Lubrication Failure,Warning
2023-12-22 09:00:00,Cold_Rolling_Mill_03,Cold Rolling Mill,31970.1,1720.0,Alignment Check,7.813,74.1,909.1,168.2,37.6,76.3,85.8,489.5,6.979,0.828,214.5,553418,3,0.8346,5340.2,Electrical Fault,Critical
2023-12-22 11:00:00,Pickling_Line_03,Pickling Line,29667.8,116.0,Lubrication,8.07,73.7,351.9,166.8,29.8,71.8,82.8,174.0,3.506,0.814,223.0,404276,1,0.8323,0.0,Electrical Fault,Immediate Action
2023-12-22 12:00:00,Electric_Arc_Furnace_03,Electric Arc Furnace,16835.6,1371.0,Alignment Check,4.464,124.9,1341.3,180.1,59.7,98.4,76.9,692.7,1.604,0.914,353.5,193749,4,0.4288,8839.3,Normal,Normal
2023-12-22 13:00:00,Pickling_Line_01,Pickling Line,32350.5,248.0,Full Overhaul,8.6,74.0,340.7,161.1,23.4,70.3,87.2,185.3,5.59,0.795,189.4,608538,4,0.9457,0.0,Lubrication Failure,Immediate Action
2023-12-22 14:00:00,Hydraulic_Press_03,Hydraulic Press,33934.6,25.0,Full Overhaul,9.398,84.0,264.7,160.1,16.1,75.0,87.8,135.2,2.694,0.812,217.3,522594,4,1.0,0.0,Electrical Fault,Immediate Action
2023-12-22 14:00:00,Continuous_Caster_01,Continuous Caster,17639.6,351.0,Lubrication,4.75,100.5,676.0,190.4,57.9,104.4,78.7,336.6,0.154,0.858,362.7,153941,3,0.4684,16310.2,Normal,Normal
2023-12-22 16:00:00,Annealing_Furnace_03,Annealing Furnace,23085.9,1508.0,Electrical Inspection,6.44,131.5,457.2,177.0,37.8,89.2,82.0,230.8,2.08,0.87,294.3,300270,0,0.6588,9480.0,Thermal Degradation,Warning
2023-12-22 16:00:00,Electric_Arc_Furnace_01,Electric Arc Furnace,6229.3,1927.0,Seal Replacement,2.355,113.1,1322.3,193.1,82.5,105.4,75.7,651.2,0.866,0.898,517.2,119687,1,0.1877,18583.4,Normal,Normal
2023-12-22 19:00:00,Pickling_Line_02,Pickling Line,34142.8,1036.0,Seal Replacement,8.728,69.6,351.5,166.8,23.6,61.9,87.6,185.8,1.628,0.767,198.5,546999,4,0.9387,0.0,Mechanical Wear,Immediate Action
2023-12-22 20:00:00,Blast_Furnace_Blower_02,Blast Furnace Blower,30537.9,1874.0,Alignment Check,7.132,92.0,540.5,169.8,40.5,85.6,82.2,280.1,2.467,0.809,249.7,595830,6,0.7586,310.1,Electrical Fault,Immediate Action
2023-12-22 23:00:00,Hot_Strip_Mill_03,Hot Strip Mill,30177.3,832.0,Bearing Replacement,7.7,107.3,1084.6,174.4,30.2,81.4,81.3,554.5,4.694,0.857,275.3,434800,3,0.811,8583.6,Electrical Fault,Warning
2023-12-23 03:00:00,Ladle_Crane_03,Ladle Crane,32690.2,81.0,Lubrication,8.495,63.2,386.1,155.8,35.1,75.9,82.9,204.3,5.497,0.861,195.6,496151,2,0.8952,16847.1,Lubrication Failure,Normal
2023-12-23 03:00:00,Pickling_Line_02,Pickling Line,31298.9,1189.0,Full Overhaul,8.239,71.6,352.1,165.5,25.0,74.9,84.1,174.8,0.257,0.84,213.4,321207,3,0.9014,0.0,Lubrication Failure,Immediate Action
2023-12-23 04:00:00,Electric_Arc_Furnace_02,Electric Arc Furnace,27192.2,1657.0,Bearing Replacement,7.413,129.5,1421.5,174.0,31.5,75.7,82.7,692.9,0.825,0.809,223.9,471406,3,0.7891,0.0,Bearing Failure,Immediate Action
2023-12-23 07:00:00,Rolling_Mill_02,Rolling Mill,25167.7,572.0,Seal Replacement,7.324,93.6,1009.8,171.3,41.6,76.8,83.6,539.2,2.65,0.843,259.7,358882,1,0.7812,14539.9,Bearing Failure,Normal
2023-12-23 09:00:00,Hot_Strip_Mill_03,Hot Strip Mill,9340.4,635.0,Seal Replacement,2.341,87.5,950.3,182.5,83.1,104.4,73.5,458.7,3.83,0.889,431.7,129283,2,0.2152,28825.8,Normal,Normal
2023-12-23 13:00:00,Pickling_Line_03,Pickling Line,21784.8,1343.0,Full Overhaul,5.982,67.5,315.4,178.2,60.2,92.2,78.5,166.4,4.292,0.858,298.3,220695,3,0.5814,6291.6,Lubrication Failure,Warning
2023-12-23 14:00:00,Rolling_Mill_02,Rolling Mill,18300.0,1609.0,Bearing Replacement,4.812,99.9,942.8,180.2,68.8,87.9,76.3,488.3,2.79,0.863,354.0,243273,1,0.4906,21942.0,Normal,Normal
2023-12-23 14:00:00,Ladle_Crane_02,Ladle Crane,30181.8,868.0,Alignment Check,7.772,62.5,388.2,166.2,24.9,69.5,85.2,202.5,2.136,0.85,216.3,585082,4,0.8528,19605.5,Electrical Fault,Normal
2023-12-23 16:00:00,Blast_Furnace_Blower_03,Blast Furnace Blower,17260.8,178.0,Seal Replacement,4.969,85.6,505.6,178.3,70.8,102.1,79.5,247.4,7.418,0.873,330.3,218363,2,0.5041,13074.5,Normal,Normal
2023-12-23 16:00:00,Ladle_Crane_03,Ladle Crane,4558.2,1493.0,Electrical Inspection,1.843,43.8,346.1,198.2,76.1,113.4,74.7,157.7,0.376,0.881,474.9,48599,1,0.1517,46626.5,Normal,Normal
2023-12-23 19:00:00,Hot_Strip_Mill_02,Hot Strip Mill,273.5,853.0,Electrical Inspection,0.866,81.4,858.7,199.3,93.7,112.6,71.0,449.8,0.054,0.96,511.1,4153,0,0.0,38211.6,Normal,Normal
2023-12-23 20:00:00,Electric_Arc_Furnace_03,Electric Arc Furnace,23757.8,1820.0,Electrical Inspection,7.032,120.9,1441.8,176.9,34.2,87.9,86.7,735.6,2.925,0.832,262.5,334903,7,0.7385,1535.9,Electrical Fault,Critical
2023-12-23 22:00:00,Annealing_Furnace_01,Annealing Furnace,19291.8,506.0,Bearing Replacement,5.479,134.1,429.1,177.8,60.8,86.9,78.3,225.1,0.315,0.855,423.0,265392,4,0.5747,12611.5,Electrical Fault,Normal
2023-12-23 22:00:00,Hot_Strip_Mill_02,Hot Strip Mill,11650.6,927.0,Full Overhaul,4.606,91.3,975.4,181.9,72.4,98.0,77.8,488.9,3.485,0.922,368.1,116029,0,0.377,25339.3,Normal,Normal
2023-12-24 01:00:00,Annealing_Furnace_02,Annealing Furnace,5997.1,1416.0,Lubrication,1.045,117.6,357.8,207.6,97.2,117.4,68.4,184.5,1.204,0.944,519.5,113370,1,0.0519,24918.7,Normal,Normal
2023-12-24 04:00:00,Hydraulic_Press_02,Hydraulic Press,16388.4,490.0,Electrical Inspection,5.076,68.9,232.1,175.7,47.2,87.8,80.4,124.0,1.688,0.846,337.9,250650,1,0.5098,3187.1,Normal,Warning
2023-12-24 04:00:00,Annealing_Furnace_02,Annealing Furnace,3600.0,454.0,Alignment Check,1.437,117.4,391.0,196.2,95.6,120.3,71.3,207.1,0.596,0.932,490.7,55645,0,0.0531,27998.7,Normal,Normal
2023-12-24 07:00:00,Hot_Strip_Mill_03,Hot Strip Mill,11830.2,1457.0,Full Overhaul,3.398,100.9,952.3,189.0,87.0,101.2,74.0,501.9,0.444,0.892,450.0,111481,1,0.3155,28075.7,Normal,Normal
2023-12-24 07:00:00,Pickling_Line_01,Pickling Line,13334.5,360.0,Seal Replacement,5.32,61.6,307.7,174.5,66.4,84.7,79.7,164.6,1.999,0.879,397.5,179584,2,0.4527,15716.9,Normal,Normal
2023-12-24 10:00:00,Continuous_Caster_03,Continuous Caster,16350.1,238.0,Lubrication,5.307,108.7,669.5,181.0,58.4,96.8,77.1,323.2,0.154,0.859,326.2,245196,2,0.5,18026.9,Normal,Normal
2023-12-24 11:00:00,Hot_Strip_Mill_02,Hot Strip Mill,16385.1,518.0,Seal Replacement,4.953,96.4,1003.2,179.7,70.7,105.0,76.8,524.2,1.526,0.886,371.8,312674,1,0.4343,22127.6,Normal,Normal
2023-12-24 16:00:00,Pickling_Line_02,Pickling Line,9069.5,1641.0,Alignment Check,3.181,66.7,314.9,199.4,76.8,111.3,78.4,149.3,1.073,0.914,413.8,135714,5,0.2989,18873.7,Normal,Normal
2023-12-24 19:00:00,Pickling_Line_03,Pickling Line,29772.4,1728.0,Bearing Replacement,8.122,73.8,340.2,164.0,28.0,70.2,85.3,174.9,5.213,0.831,218.6,580635,4,0.8687,0.0,Lubrication Failure,Immediate Action
2023-12-25 00:00:00,Hot_Strip_Mill_03,Hot Strip Mill,12508.5,209.0,Alignment Check,3.915,94.9,1053.9,181.5,69.6,105.6,76.3,519.5,0.174,0.905,441.3,203924,2,0.337,24866.1,Normal,Normal
2023-12-25 01:00:00,Blast_Furnace_Blower_02,Blast Furnace Blower,8112.6,219.0,Bearing Replacement,3.374,79.5,513.7,191.5,82.3,104.9,76.1,238.2,1.976,0.914,503.5,80103,2,0.2556,23905.0,Normal,Normal
2023-12-25 01:00:00,Blast_Furnace_Blower_03,Blast Furnace Blower,6235.8,1674.0,Bearing Replacement,2.72,72.4,490.0,194.2,85.9,113.4,73.6,241.5,0.262,0.935,449.9,54752,0,0.1593,25442.3,Normal,Normal
2023-12-25 05:00:00,Continuous_Caster_03,Continuous Caster,11358.0,1892.0,Full Overhaul,4.057,99.8,669.9,190.3,73.3,95.9,78.4,326.6,1.632,0.926,386.6,165603,0,0.3439,23334.8,Normal,Normal
2023-12-25 06:00:00,Continuous_Caster_02,Continuous Caster,2457.6,960.0,Seal Replacement,1.65,102.5,619.6,192.1,81.3,112.4,73.0,288.3,0.603,0.902,495.4,47510,1,0.0889,31916.3,Normal,Normal
2023-12-25 13:00:00,Ladle_Crane_03,Ladle Crane,1248.5,1698.0,Bearing Replacement,1.025,47.7,339.4,205.2,94.6,111.7,71.0,167.9,1.887,0.93,502.9,14768,2,0.0608,50139.7,Normal,Normal
2023-12-25 17:00:00,Annealing_Furnace_01,Annealing Furnace,21219.5,1779.0,Bearing Replacement,6.585,125.7,470.8,173.7,38.5,75.5,79.6,230.6,2.145,0.849,257.3,394899,3,0.7025,9619.3,Lubrication Failure,Normal
2023-12-25 19:00:00,Hydraulic_Press_02,Hydraulic Press,21708.2,721.0,Bearing Replacement,6.215,77.7,245.7,169.7,51.8,81.1,84.3,126.7,4.488,0.846,325.6,211717,0,0.6675,0.0,Thermal Degradation,Immediate Action
2023-12-25 21:00:00,Ladle_Crane_02,Ladle Crane,26703.8,1142.0,Bearing Replacement,6.864,62.7,386.3,173.7,37.2,76.5,84.5,204.6,4.621,0.798,250.2,346979,3,0.7366,21145.1,Bearing Failure,Normal
2023-12-25 21:00:00,Hydraulic_Press_01,Hydraulic Press,18582.6,1009.0,Seal Replacement,5.488,77.3,242.2,177.3,48.2,91.3,77.9,124.6,1.127,0.847,329.5,313932,2,0.5809,1492.7,Mechanical Wear,Critical
2023-12-25 23:00:00,Annealing_Furnace_01,Annealing Furnace,1466.4,1550.0,Lubrication,0.523,118.5,378.8,202.5,93.2,120.0,70.2,190.0,1.018,0.969,517.4,11958,0,0.0,30387.9,Normal,Normal
2023-12-26 01:00:00,Rolling_Mill_01,Rolling Mill,32765.5,918.0,Seal Replacement,8.461,103.1,1084.6,156.9,30.0,76.9,84.6,501.4,8.219,0.825,201.4,375923,5,0.9268,6447.6,Lubrication Failure,Warning
2023-12-26 06:00:00,Ladle_Crane_02,Ladle Crane,3417.8,1015.0,Bearing Replacement,2.067,50.6,314.0,187.4,96.7,122.2,75.6,173.0,1.229,0.915,517.2,43776,0,0.0733,46824.9,Normal,Normal
2023-12-26 08:00:00,Cold_Rolling_Mill_01,Cold Rolling Mill,23623.4,149.0,Seal Replacement,6.604,73.1,889.9,165.0,38.1,93.5,81.2,458.6,2.468,0.881,344.0,313066,2,0.7049,12438.7,Lubrication Failure,Normal
2023-12-26 08:00:00,Blast_Furnace_Blower_03,Blast Furnace Blower,4755.5,108.0,Electrical Inspection,1.623,74.6,448.1,196.0,85.3,117.4,73.3,224.9,0.618,0.934,480.4,47835,0,0.126,24031.9,Normal,Normal
2023-12-26 09:00:00,Annealing_Furnace_03,Annealing Furnace,30808.7,1479.0,Lubrication,8.926,142.3,469.5,164.0,28.2,66.7,88.5,250.8,4.902,0.795,186.3,474419,3,0.9466,870.5,Lubrication Failure,Immediate Action
2023-12-26 09:00:00,Rolling_Mill_02,Rolling Mill,17923.9,965.0,Alignment Check,4.643,96.9,921.6,169.7,76.2,101.3,79.6,457.0,0.224,0.861,414.0,325462,6,0.4252,22765.8,Normal,Normal
2023-12-26 11:00:00,Ladle_Crane_03,Ladle Crane,2972.0,179.0,Seal Replacement,1.216,37.8,325.1,198.6,96.6,121.0,74.4,149.3,0.353,0.925,489.7,48330,0,0.0709,48148.3,Normal,Normal
2023-12-26 11:00:00,Continuous_Caster_01,Continuous Caster,21623.7,482.0,Lubrication,6.008,108.8,665.3,170.8,54.8,83.5,79.9,370.3,5.885,0.849,282.4,380333,1,0.6365,12995.1,Bearing Failure,Normal
2023-12-26 17:00:00,Hot_Strip_Mill_03,Hot Strip Mill,27183.2,1010.0,Bearing Replacement,7.636,108.0,1074.5,164.0,28.9,76.0,85.4,582.1,0.75,0.831,215.8,492849,3,0.8219,11120.5,Lubrication Failure,Warning
2023-12-26 17:00:00,Continuous_Caster_01,Continuous Caster,417.9,1355.0,Full Overhaul,0.583,91.0,610.8,193.9,98.7,125.5,70.2,313.9,0.309,0.95,502.0,5089,0,0.0,35062.7,Normal,Normal
2023-12-26 18:00:00,Electric_Arc_Furnace_03,Electric Arc Furnace,22805.4,1589.0,Alignment Check,6.437,127.7,1446.8,172.5,43.5,85.4,82.4,714.2,0.106,0.852,274.6,183999,5,0.6952,2155.1,Electrical Fault,Critical
2023-12-26 19:00:00,Cold_Rolling_Mill_01,Cold Rolling Mill,7520.6,787.0,Full Overhaul,2.475,66.3,785.0,191.8,90.0,115.9,74.8,392.0,1.209,0.934,454.7,134870,2,0.1933,28980.4,Normal,Normal
2023-12-26 20:00:00,Electric_Arc_Furnace_01,Electric Arc Furnace,13178.8,230.0,Alignment Check,5.345,123.1,1383.0,168.4,56.5,92.1,77.2,680.8,1.411,0.865,351.6,109796,2,0.509,11127.3,Normal,Normal
2023-12-26 20:00:00,Cold_Rolling_Mill_01,Cold Rolling Mill,372.5,535.0,Full Overhaul,0.827,57.4,739.5,207.3,98.3,118.5,70.6,353.7,0.189,0.959,507.2,5867,0,0.0,35628.6,Normal,Normal
2023-12-26 22:00:00,Hot_Strip_Mill_02,Hot Strip Mill,24309.6,220.0,Full Overhaul,5.996,100.7,1062.7,178.1,60.9,93.3,78.0,527.8,4.761,0.84,289.7,254590,3,0.6272,11861.9,Lubrication Failure,Normal
2023-12-27 00:00:00,Continuous_Caster_03,Continuous Caster,11361.1,961.0,Seal Replacement,3.16,103.4,683.1,188.7,84.7,107.5,76.8,323.3,2.753,0.909,426.6,158174,1,0.3009,23582.1,Normal,Normal
2023-12-27 01:00:00,Hot_Strip_Mill_01,Hot Strip Mill,20048.5,948.0,Alignment Check,5.608,101.9,1010.4,168.2,54.1,80.1,81.6,507.0,1.157,0.855,299.3,257637,3,0.5823,19576.1,Mechanical Wear,Normal
2023-12-27 03:00:00,Pickling_Line_03,Pickling Line,33489.8,148.0,Alignment Check,8.113,66.4,348.1,160.8,35.8,68.7,87.0,184.9,0.535,0.828,232.8,652792,4,0.8762,0.0,Lubrication Failure,Immediate Action
2023-12-27 04:00:00,Ladle_Crane_03,Ladle Crane,10551.4,383.0,Alignment Check,3.655,55.2,334.7,186.4,67.5,102.1,74.1,171.2,2.681,0.886,390.3,125324,1,0.3324,41436.2,Normal,Normal
2023-12-27 06:00:00,Cold_Rolling_Mill_01,Cold Rolling Mill,34659.3,1940.0,Lubrication,9.79,74.1,934.4,163.9,23.3,68.4,88.3,510.2,11.278,0.778,162.3,553661,1,1.0,1012.8,Bearing Failure,Immediate Action
2023-12-27 08:00:00,Continuous_Caster_02,Continuous Caster,22182.2,1967.0,Bearing Replacement,5.317,107.6,651.4,182.8,55.4,87.7,80.3,361.8,1.487,0.862,307.7,315097,3,0.5641,11678.8,Electrical Fault,Normal
2023-12-27 12:00:00,Hot_Strip_Mill_02,Hot Strip Mill,8548.9,685.0,Seal Replacement,3.579,95.9,975.1,202.3,81.8,117.8,77.9,488.2,1.042,0.904,414.2,107261,0,0.2541,30209.7,Normal,Normal
2023-12-27 12:00:00,Annealing_Furnace_02,Annealing Furnace,15343.5,289.0,Bearing Replacement,5.356,134.5,419.5,181.3,54.4,101.1,75.7,207.2,1.941,0.878,358.0,242629,4,0.4863,17101.8,Normal,Normal
2023-12-27 12:00:00,Pickling_Line_02,Pickling Line,25941.8,377.0,Alignment Check,7.163,69.6,340.8,165.6,29.9,68.4,86.8,176.8,3.605,0.817,258.8,251049,1,0.7795,4006.2,Lubrication Failure,Critical
2023-12-27 22:00:00,Annealing_Furnace_02,Annealing Furnace,15682.1,163.0,Lubrication,5.287,123.0,436.3,181.5,52.7,97.7,79.9,237.2,0.836,0.847,313.3,263344,4,0.556,15377.8,Thermal Degradation,Normal
2023-12-28 05:00:00,Hydraulic_Press_02,Hydraulic Press,2490.9,171.0,Full Overhaul,1.017,66.5,211.0,193.1,89.3,112.6,73.1,103.8,0.12,0.922,529.7,37455,0,0.0477,17722.9,Normal,Normal
2023-12-28 07:00:00,Rolling_Mill_01,Rolling Mill,5984.3,386.0,Electrical Inspection,3.043,91.7,927.3,191.0,73.6,105.8,74.4,467.0,0.284,0.881,428.1,103191,1,0.2703,34486.2,Normal,Normal
2023-12-28 07:00:00,Hydraulic_Press_01,Hydraulic Press,27716.3,941.0,Bearing Replacement,7.249,85.1,258.1,179.2,49.8,72.7,81.9,128.5,7.718,0.86,238.7,472619,4,0.7889,0.0,Lubrication Failure,Immediate Action
2023-12-28 08:00:00,Annealing_Furnace_03,Annealing Furnace,22728.2,1426.0,Seal Replacement,5.87,130.4,434.5,173.5,56.2,94.8,82.4,212.3,2.827,0.85,319.4,311702,3,0.6239,9780.4,Lubrication Failure,Normal
2023-12-28 12:00:00,Annealing_Furnace_01,Annealing Furnace,19986.9,316.0,Full Overhaul,6.852,136.1,455.7,170.2,48.5,87.8,81.3,228.4,0.431,0.859,309.3,260209,2,0.665,11736.5,Electrical Fault,Normal
2023-12-28 13:00:00,Pickling_Line_03,Pickling Line,5950.0,834.0,Alignment Check,1.823,61.6,288.7,187.0,90.1,119.2,77.5,145.0,2.005,0.966,465.2,108703,0,0.1516,21150.3,Normal,Normal
2023-12-28 16:00:00,Pickling_Line_02,Pickling Line,29337.7,171.0,Bearing Replacement,8.233,69.9,319.4,165.1,30.7,76.8,84.8,170.2,5.484,0.784,205.4,555820,5,0.8918,0.0,Bearing Failure,Immediate Action
2023-12-28 17:00:00,Ladle_Crane_01,Ladle Crane,33629.8,1243.0,Seal Replacement,8.89,65.0,397.0,155.1,24.1,71.0,87.7,211.1,5.894,0.803,195.4,438302,6,0.9362,16931.8,Thermal Degradation,Normal
2023-12-28 18:00:00,Electric_Arc_Furnace_03,Electric Arc Furnace,1527.0,861.0,Bearing Replacement,1.158,104.1,1176.7,194.5,100.0,116.1,71.6,580.8,0.167,0.98,516.8,29244,0,0.0,23946.6,Normal,Normal
2023-12-28 19:00:00,Pickling_Line_02,Pickling Line,2823.3,1599.0,Electrical Inspection,0.768,57.6,278.0,192.6,100.0,110.8,66.6,137.3,0.11,0.942,511.3,53800,0,0.0171,24933.6,Normal,Normal
2023-12-28 20:00:00,Cold_Rolling_Mill_03,Cold Rolling Mill,30976.9,1764.0,Seal Replacement,8.377,79.3,877.2,168.4,25.2,72.3,85.0,487.8,1.344,0.836,196.1,296008,4,0.9203,5323.5,Lubrication Failure,Critical
2023-12-28 20:00:00,Cold_Rolling_Mill_03,Cold Rolling Mill,28562.8,487.0,Seal Replacement,7.385,70.3,899.8,168.7,46.2,83.0,84.9,443.2,4.182,0.782,240.8,387622,4,0.7629,5769.5,Bearing Failure,Warning
2023-12-28 21:00:00,Ladle_Crane_02,Ladle Crane,21665.9,802.0,Alignment Check,6.117,55.6,362.1,182.5,50.1,78.6,81.4,194.1,0.312,0.855,315.0,382725,4,0.6085,26790.2,Electrical Fault,Normal
2023-12-29 02:00:00,Continuous_Caster_02,Continuous Caster,22660.4,1993.0,Lubrication,5.675,107.9,709.6,173.6,53.0,90.2,81.5,357.7,3.639,0.863,309.6,246656,0,0.6035,12528.4,Bearing Failure,Normal
2023-12-29 02:00:00,Electric_Arc_Furnace_01,Electric Arc Furnace,33079.3,995.0,Seal Replacement,9.432,132.6,1455.0,164.6,22.0,78.4,84.7,768.9,9.19,0.771,189.4,324079,3,0.9126,0.0,Electrical Fault,Immediate Action
2023-12-29 05:00:00,Rolling_Mill_01,Rolling Mill,7637.9,1831.0,Bearing Replacement,2.404,85.9,834.6,195.9,84.6,109.2,77.2,468.9,1.261,0.925,462.8,111813,2,0.1804,32933.1,Normal,Normal
2023-12-29 07:00:00,Pickling_Line_03,Pickling Line,25529.6,1940.0,Lubrication,6.95,66.7,334.9,173.6,39.5,77.5,85.2,168.3,6.106,0.815,257.4,241584,2,0.7398,1967.8,Bearing Failure,Critical
2023-12-29 09:00:00,Ladle_Crane_03,Ladle Crane,22635.3,928.0,Bearing Replacement,5.47,59.0,363.6,186.1,64.6,89.2,76.6,177.9,3.633,0.875,331.1,272499,1,0.4978,26276.5,Normal,Normal
2023-12-29 09:00:00,Ladle_Crane_02,Ladle Crane,34502.5,1999.0,Electrical Inspection,9.157,63.0,402.3,155.6,18.2,69.2,87.0,191.6,0.395,0.815,167.3,489127,2,1.0,14862.2,Mechanical Wear,Warning
2023-12-29 11:00:00,Hot_Strip_Mill_02,Hot Strip Mill,7565.0,65.0,Alignment Check,1.964,93.9,963.9,194.0,83.2,111.6,74.6,456.5,0.619,0.943,481.0,132368,0,0.1514,30706.0,Normal,Normal
2023-12-29 13:00:00,Continuous_Caster_01,Continuous Caster,20966.2,1936.0,Bearing Replacement,5.136,104.2,697.0,172.6,54.8,82.4,77.9,346.5,1.236,0.886,312.4,207404,3,0.5407,14754.0,Normal,Normal
2023-12-29 17:00:00,Electric_Arc_Furnace_03,Electric Arc Furnace,27327.8,385.0,Full Overhaul,6.639,115.3,1417.3,172.9,39.6,96.0,81.0,714.0,2.391,0.879,273.5,455257,1,0.7086,0.0,Lubrication Failure,Immediate Action
2023-12-29 17:00:00,Annealing_Furnace_01,Annealing Furnace,11930.5,1958.0,Electrical Inspection,3.665,124.5,405.1,172.3,67.9,97.1,75.4,212.6,2.301,0.92,378.3,231144,1,0.3543,18476.3,Normal,Normal
2023-12-29 18:00:00,Hydraulic_Press_03,Hydraulic Press,13350.8,910.0,Seal Replacement,4.37,78.6,231.0,176.8,68.5,103.1,77.0,113.9,2.518,0.865,361.7,139973,1,0.4546,6889.8,Normal,Normal
2023-12-29 19:00:00,Blast_Furnace_Blower_03,Blast Furnace Blower,31087.8,1159.0,Alignment Check,8.165,101.2,548.8,160.9,24.4,73.5,82.2,280.7,2.625,0.817,198.0,333445,3,0.8814,0.0,Electrical Fault,Immediate Action
2023-12-29 20:00:00,Cold_Rolling_Mill_03,Cold Rolling Mill,14206.4,1815.0,Seal Replacement,4.259,65.5,777.7,182.8,66.4,101.2,78.0,432.7,0.684,0.893,394.6,247388,0,0.4277,22311.1,Normal,Normal
2023-12-29 20:00:00,Cold_Rolling_Mill_02,Cold Rolling Mill,21903.2,1969.0,Electrical Inspection,6.537,74.4,861.1,179.0,46.1,85.9,83.2,462.0,4.274,0.843,281.6,210565,2,0.6527,15021.8,Electrical Fault,Normal
2023-12-29 23:00:00,Cold_Rolling_Mill_01,Cold Rolling Mill,31134.4,343.0,Lubrication,8.41,87.8,950.6,154.2,25.3,71.5,84.6,503.1,2.282,0.799,185.4,424769,3,0.9266,5705.4,Thermal Degradation,Warning
2023-12-29 23:00:00,Cold_Rolling_Mill_01,Cold Rolling Mill,7422.9,1218.0,Seal Replacement,2.305,68.0,771.6,197.8,76.9,112.4,77.7,384.5,0.811,0.941,481.8,96211,1,0.1619,30046.7,Normal,Normal
2023-12-30 00:00:00,Ladle_Crane_03,Ladle Crane,34367.5,1386.0,Bearing Replacement,9.376,60.2,407.7,161.7,23.2,67.5,89.6,200.0,8.576,0.773,216.0,485800,4,1.0,15675.1,Lubrication Failure,Normal
2023-12-30 00:00:00,Continuous_Caster_02,Continuous Caster,24598.2,1416.0,Seal Replacement,6.415,107.7,718.6,174.6,43.7,91.3,81.7,372.1,0.366,0.833,260.4,349992,3,0.6861,9948.3,Lubrication Failure,Warning
2023-12-30 01:00:00,Ladle_Crane_01,Ladle Crane,17414.6,420.0,Seal Replacement,4.875,56.3,372.6,178.1,63.9,87.2,79.2,185.2,1.72,0.898,334.4,255875,3,0.5116,34146.6,Normal,Normal
2023-12-30 02:00:00,Hot_Strip_Mill_02,Hot Strip Mill,15139.1,140.0,Bearing Replacement,4.666,103.6,987.1,186.6,68.0,97.8,80.9,497.9,4.743,0.878,367.9,269724,1,0.425,23896.4,Normal,Normal
2023-12-30 06:00:00,Continuous_Caster_02,Continuous Caster,33407.3,752.0,Seal Replacement,8.51,108.8,735.3,161.8,25.7,69.5,84.6,371.2,3.679,0.815,225.9,438936,7,0.9322,1348.2,Mechanical Wear,Immediate Action
2023-12-30 07:00:00,Pickling_Line_01,Pickling Line,7279.8,1623.0,Bearing Replacement,2.714,63.2,300.4,185.3,79.6,110.4,76.3,145.0,1.636,0.924,428.8,77070,1,0.255,21649.1,Normal,Normal
2023-12-30 07:00:00,Hot_Strip_Mill_01,Hot Strip Mill,10977.7,1941.0,Seal Replacement,3.569,99.7,956.2,185.2,83.6,91.7,79.0,490.7,3.116,0.916,396.3,191335,1,0.3454,27107.2,Normal,Normal
2023-12-30 08:00:00,Blast_Furnace_Blower_01,Blast Furnace Blower,10842.0,889.0,Full Overhaul,2.358,77.8,463.1,192.5,79.9,115.7,74.0,262.6,1.763,0.909,456.7,214144,1,0.2005,20306.7,Normal,Normal
2023-12-30 09:00:00,Hydraulic_Press_01,Hydraulic Press,10186.3,1828.0,Bearing Replacement,3.27,79.8,232.7,182.3,76.5,99.0,76.5,114.9,1.06,0.907,422.1,96871,0,0.312,10851.2,Normal,Normal
2023-12-30 16:00:00,Blast_Furnace_Blower_03,Blast Furnace Blower,16452.0,1445.0,Alignment Check,6.512,82.9,505.3,164.9,55.2,94.0,78.1,271.7,0.577,0.843,311.4,183036,3,0.5749,15925.0,Lubrication Failure,Normal
2023-12-30 16:00:00,Rolling_Mill_03,Rolling Mill,34622.4,236.0,Alignment Check,9.625,106.4,1075.2,163.4,12.1,59.1,84.7,535.3,1.922,0.801,154.0,683047,4,0.9985,5452.3,Lubrication Failure,Critical
2023-12-30 21:00:00,Electric_Arc_Furnace_03,Electric Arc Furnace,31118.7,691.0,Alignment Check,8.459,128.1,1473.4,161.7,30.6,73.8,88.0,703.6,0.482,0.796,236.5,331671,6,0.8636,0.0,Electrical Fault,Immediate Action
2023-12-31 00:00:00,Hot_Strip_Mill_01,Hot Strip Mill,11545.4,1489.0,Alignment Check,3.294,97.7,969.6,174.8,67.4,101.9,77.4,503.9,4.073,0.899,394.9,150877,0,0.3107,27427.9,Normal,Normal
2023-12-31 01:00:00,Hot_Strip_Mill_03,Hot Strip Mill,14858.2,894.0,Seal Replacement,4.858,102.6,996.4,184.7,67.9,100.4,79.3,485.2,3.625,0.895,439.5,133780,4,0.3964,24221.4,Normal,Normal
2023-12-31 01:00:00,Electric_Arc_Furnace_02,Electric Arc Furnace,23464.9,1312.0,Lubrication,6.056,116.9,1408.4,174.7,42.8,91.6,82.0,686.4,0.08,0.835,294.5,273627,1,0.613,1853.4,Mechanical Wear,Critical
2023-12-31 01:00:00,Rolling_Mill_03,Rolling Mill,698.6,1519.0,Full Overhaul,1.126,85.8,888.9,192.8,100.0,130.0,72.4,426.2,1.831,0.967,550.0,7761,0,0.0107,40442.7,Normal,Normal
2023-12-31 02:00:00,Ladle_Crane_03,Ladle Crane,28723.4,1962.0,Alignment Check,7.604,69.1,375.9,164.3,28.8,76.5,83.1,208.4,5.545,0.813,240.3,559878,2,0.8112,19215.5,Lubrication Failure,Normal
2023-12-31 04:00:00,Blast_Furnace_Blower_03,Blast Furnace Blower,30805.0,1836.0,Alignment Check,8.289,96.4,539.2,168.4,27.1,77.6,89.2,294.6,2.253,0.797,221.5,298407,5,0.9101,0.0,Mechanical Wear,Immediate Action
2023-12-31 05:00:00,Hydraulic_Press_01,Hydraulic Press,30016.3,688.0,Full Overhaul,8.221,79.0,253.0,158.9,25.4,75.8,81.9,128.3,0.32,0.801,266.1,351789,5,0.8315,0.0,Bearing Failure,Immediate Action
2023-12-31 06:00:00,Blast_Furnace_Blower_01,Blast Furnace Blower,13189.4,1605.0,Lubrication,4.758,81.3,508.5,178.2,64.2,97.5,76.8,260.0,1.783,0.889,355.1,118125,3,0.4774,16147.2,Normal,Normal
2023-12-31 09:00:00,Blast_Furnace_Blower_03,Blast Furnace Blower,16223.8,745.0,Alignment Check,5.08,85.4,500.7,185.5,66.3,91.1,77.0,257.6,2.399,0.911,384.5,260615,1,0.4167,12484.3,Normal,Normal
2023-12-31 11:00:00,Electric_Arc_Furnace_01,Electric Arc Furnace,532.4,1293.0,Full Overhaul,0.78,108.5,1268.7,191.4,97.3,119.9,73.1,616.8,0.322,0.941,496.6,10559,0,0.0226,24072.6,Normal,Normal
2023-12-31 13:00:00,Hot_Strip_Mill_03,Hot Strip Mill,14038.9,123.0,Bearing Replacement,5.055,96.7,956.0,194.6,71.6,96.7,77.8,493.4,2.416,0.865,382.3,138117,2,0.3637,23762.6,Normal,Normal
2023-12-31 14:00:00,Continuous_Caster_02,Continuous Caster,16168.9,1568.0,Full Overhaul,4.273,100.7,635.5,186.9,67.8,89.2,76.9,345.2,2.076,0.861,358.0,251041,3,0.435,19024.6,Normal,Normal
2023-12-31 15:00:00,Electric_Arc_Furnace_01,Electric Arc Furnace,31753.4,1982.0,Electrical Inspection,8.231,136.2,1486.5,172.8,24.2,74.6,84.7,773.5,4.562,0.809,191.1,312447,2,0.8933,0.0,Thermal Degradation,Immediate Action
2023-12-31 16:00:00,Continuous_Caster_01,Continuous Caster,31300.2,1078.0,Seal Replacement,8.459,114.5,739.7,163.7,27.6,75.2,84.7,386.3,0.856,0.802,199.9,335470,5,0.9045,4804.8,Lubrication Failure,Critical
2023-12-31 22:00:00,Hot_Strip_Mill_01,Hot Strip Mill,30990.2,1745.0,Seal Replacement,8.21,100.7,1115.8,166.2,37.5,78.8,84.0,566.6,3.629,0.826,204.1,601103,6,0.8622,4794.1,Lubrication Failure,Critical
2023-12-31 22:00:00,Rolling_Mill_02,Rolling Mill,33816.8,1865.0,Full Overhaul,9.355,105.2,1059.0,167.6,17.7,68.2,87.5,533.0,3.296,0.769,177.4,490553,5,1.0,5108.0,Bearing Failure,Critical
2023-12-31 23:00:00,Blast_Furnace_Blower_03,Blast Furnace Blower,386.2,23.0,Alignment Check,0.694,71.7,427.9,198.6,98.0,128.8,75.3,233.5,1.239,0.942,525.9,5291,0,0.0,30092.1,Normal,Normal
